"Data Source","World Development Indicators",

"Last Updated Date","2026-04-08",

"Country Name","Country Code","Indicator Name","Indicator Code","1960","1961","1962","1963","1964","1965","1966","1967","1968","1969","1970","1971","1972","1973","1974","1975","1976","1977","1978","1979","1980","1981","1982","1983","1984","1985","1986","1987","1988","1989","1990","1991","1992","1993","1994","1995","1996","1997","1998","1999","2000","2001","2002","2003","2004","2005","2006","2007","2008","2009","2010","2011","2012","2013","2014","2015","2016","2017","2018","2019","2020","2021","2022","2023","2024","2025",
"Aruba","ABW","GNI (current US$)","NY.GNP.MKTP.CD","","","","","","","","","","","","","","","","","","","","","","","","","","","398268156.424581","473296089.385475","579608938.547486","684245810.055866","757039106.145251","864301675.977654","948994413.407821","1065363128.49162","1225810055.86592","1305474860.3352","1362067039.10615","1508659217.87709","1659776536.31285","1680223463.68715","1849411061.45251","1839207486.03352","1826138994.41341","1990803463.68715","2180507318.43575","1881063631.28492","2363943575.41899","2293013743.01676","2726393631.28492","2465043407.82123","2313385195.53073","2391841396.64804","2499117877.09497","2563536267.1177","2688075584.91248","2838130181.5396","2848394661.61251","2921834588.52763","3061560247.49876","3193218428.88629","2403263785.50794","2776223324.95211","3199360728.77932","3519129076.42496","4039327140.12281","",
"Africa Eastern and Southern","AFE","GNI (current US$)","NY.GNP.MKTP.CD","23464951029.2887","24136380799.2319","26301924135.5603","30880155374.7246","29299420386.2528","33057340483.4609","36224599463.133","37806268901.5292","41050196249.7652","46262755233.3091","46783622453.9648","51330079480.0443","55741746941.2477","71784435159.4034","87736656426.6608","93186193422.8078","93673891918.2797","106737955751.013","121704743578.783","138978562235.518","173744431899.504","180957644437.733","173730129988.461","181265177837.904","164964174117.173","142054180797.847","152968256190.802","180251291174.038","195712661168.347","210445825825.899","241800981027.565","259689743578.522","226581796127.248","228415374036.908","231150503250.731","262184189110.198","262007272509.606","276926362903.393","257912245402.05","253743925958.18","274641285410.837","248575493526.216","257724725972.026","344098655597.327","429195569443.328","500965778248.94","562434035803.354","641943449465.112","685608010806.335","697809381754.157","825393232466.564","918510943744.548","934692676578.953","943791706754.536","963571309374.009","881535658309.862","811663685915.379","950836930742.11","992400568110.467","991567197803.905","920755743652.882","1089511345030.14","1198936193147.56","1155595166398.29","1214087758828.03","",
"Afghanistan","AFG","GNI (current US$)","NY.GNP.MKTP.CD","548888848.888889","560000022.222222","557777806.666667","766666706.666667","815555562.222222","1026666677.77778","1428888871.11111","1708888882.22222","1402222182.22222","1437777737.77778","1784444426.66667","1868886653.33333","1631108937.77778","1771108944.44444","2202222228.88889","2417777777.77778","2611111162.22222","3017777697.77778","3371111037.77778","3775743789.47368","3716553247.16553","3551514995.9596","","","","","","","","","","","","","","","","","","","3411145674.07204","2824372441.02049","3886746599.72657","4582016675.61324","5291642598.0037","6280264337.36715","7100373840.59309","9877773213.94871","10107195992.8587","12378340930.5187","15885775064.3022","17781511431.23","19961261595.0253","20209353657.8054","20559672324.9094","19249499438.7455","18350475875.2999","18961769787.4548","18294513957.5523","19080662010.7479","20105156769.1907","14346089107.5906","14540297386.1968","17234567719.6546","","",
"Africa Western and Central","AFW","GNI (current US$)","NY.GNP.MKTP.CD","","","","","","","","","","","","","","","","","","","","","","","","","","","","","","","","","","","","","","","","","","","","","","","","","537376955175.908","481723867585.027","563973314412.513","641296937282.897","700729563788.105","791368160533.683","869914796277.883","756045244970.982","683987436285.951","672931817987.906","754254154823.9","1004570049958.12","950699341219.399","1003026945346.45","1032901502607.75","905745801550.302","709400929823.196","",
"Angola","AGO","GNI (current US$)","NY.GNP.MKTP.CD","","","","","","","","","","","","","","","","","","","","","","","","","","6684938832.80968","6684938832.80968","6684938832.80968","6684938832.80968","10027408249.2145","10027408249.2145","10603784541.197","3498025673.08989","3237547175.39543","1943279029.73498","4771491965.00864","5829658222.83079","6730623908.4876","5537455450.78712","4780893222.00189","7448734939.06306","7375089140.55224","15676856311.9322","18615647146.2456","24509414187.1398","37365747722.2611","52475792470.3349","65438794607.5786","85072885273.227","74882034165.2543","87460057855.4168","115854308015.468","133151153807.579","139261659141.632","145191848660.073","97942031907.3252","57126689656.6181","79848009168.4983","83375219202.1768","74324623609.8307","54495933431.2391","74105702073.4186","123199460916.032","99104446786.4362","94409204822.1653","",
"Albania","ALB","GNI (current US$)","NY.GNP.MKTP.CD","","","","","","","","","","","","","","","","","","","","","","","","","1860537995.338","1898450116.55012","2097426250","2081196250","2051436250","2252990000","2026653750","1077859027.77778","617074990.170926","1219215468.95285","1894750864.46173","2948692798.61916","3306167280.18339","2343997477.84594","2676876892.69648","3359212262.12889","3689222173.07372","4185058644.71669","4624119308.46162","5952285931.80638","7575939040.97181","8418687429.19188","9412746291.08843","11414912597.6549","13323218080.8673","12142698872.1192","11967011385.8856","12977704697.6757","12154768314.6648","13017049606.3435","13417554541.1452","11605289009.87","12181282157.1984","13290106389.8566","15362123022.025","15383299260.0065","14991629029.9126","17782008133.694","18686373239.7011","23193107891.1024","26837725371.8347","",
"Andorra","AND","GNI (current US$)","NY.GNP.MKTP.CD","","","","","","","","","","","","","","","","","","","","","","","","","","","","","","","","","","","","","","","","","","","","","","","","","","","","","","","","","","","","3462353964.50817","3268597017.03929","3576560921.78064","3526084639.81534","3917922127.07063","4101796967.17142","",
"Arab World","ARB","GNI (current US$)","NY.GNP.MKTP.CD","","","","","","26119756914.1572","27669619438.5659","29836714718.8872","33806892639.9339","37513179700.3411","41558139015.7753","49061325532.1963","60529523837.6951","76347879222.4959","152071615759.918","172666137693.561","213239336494.881","245420350631.56","270938294355.489","368317561033.069","489851383668.525","498378753316.286","469671051249.639","447077157645.333","447447352860.74","439308363836.903","413005134952.416","439213369813.277","438084060649.851","467874449752.909","649895652764.595","469273500826.065","472929200516.566","480517802133.097","498791259093.699","532190599567.116","574232137467.099","619083812373.519","605961128285.947","660464865777.568","763927898075.433","744482157608.646","739790090318.844","819769131238.104","981186075579.91","1203397381936.52","1447206434160.57","1691769733389.33","2126265509829.13","1827413724951.6","2149178739103.06","2554958248929.06","2810213087124.12","2883157097340.7","2940570876755.16","2593611690256.44","2551687631007.39","2628164912435.84","2921848729502.6","2965013825362.49","2599776971629.67","3086541877064.32","3738519427401.59","3644192588928.77","3751025921339.35","",
"United Arab Emirates","ARE","GNI (current US$)","NY.GNP.MKTP.CD","","","","","","","","","","","1013827078.89708","1404797336.87899","1949807451.15457","3755519161.4883","11483447260.4885","14704238186.5985","19108219775.658","24243553279.7889","23905226488.8171","33485412239.9281","45645874046.3914","51224321309.4525","48291066999.1828","43184024527.6491","42501107775.538","41960869171.343","33400856614.5464","36432286281.6671","36832778570.4168","42626953329.6105","54023555494.6881","53067268836.8292","55543310460.365","56568307273.2226","60027340288.7497","67623645518.9322","74877992399.891","81394151648.0523","79921625595.6433","84382386766.5078","109429271613.342","108376310415.248","110737372362.151","124291899251.191","148532334921.715","183503880190.606","226854458815.521","266289176310.415","319278420694.35","256161470388.019","307652552756.978","369016473791.695","393092988427.502","410095575221.239","425594826412.526","383715724982.982","383813750850.919","406142409802.587","441984206943.499","435987749489.449","355283049693.669","421706194690.266","511457862491.491","537244383934.649","568335738597.686","",
"Argentina","ARG","GNI (current US$)","NY.GNP.MKTP.CD","16276085884.9568","20653136202.6061","18812286413.3057","18744951947.7684","26267861213.2167","29078234021.4454","29796191127.5341","24344243038.8777","26044571826.7842","31036571602.8723","30396317996.8419","33634600190.9299","34199500220.4044","52722220653.6761","72679890116.6394","53148109438.0634","51185002822.6107","56339203222.3998","88487714886.6314","68626165139.2133","76286574003.3819","76842107526.2031","79243829293.0471","98072174234.6778","110861462345.883","83420985728.03","101088864106.72","103754219523.247","121369592383.219","70212893608.0928","135150300109.313","183857364656.529","224521060685.899","233743662862.863","253743263100","253362890700","266647700700","286641204400","291542201400","276059280100","276655968900","260969968100","92763789032.7018","122451951871.839","146361588317.154","176153368006.277","224897476611.227","279994211725.862","352615480862.974","322744327792.305","409192468872.686","515004538945.145","533073608485.977","540185748561.537","515532241212.846","583615452086.538","545251641127.714","627200463933.824","506094045059.703","430166792070.565","375344057341.93","476802271007.631","622322864798.092","635510654015.596","625194996836.448","",
"Armenia","ARM","GNI (current US$)","NY.GNP.MKTP.CD","","","","","","","","","","","","","","","","","","","","","","","","","","","","","","","2173874035.52844","2067532467.53247","1063520722.19943","1200012815.03631","1311138636.33807","1507838735.18942","1641698946.23708","1736697182.63351","1952541820.81269","1900438465.96643","1970535935.80291","2182070540.84243","2458706347.955","2899936467.50868","3724967487.29965","5106475890.47117","6686478968.61547","9703722072.8786","12353321001.708","9006718596.46194","9718566996.01031","10502185416.5704","11042356845.1045","11804011412.1342","12131729269.7992","10981745035.9775","10791195836.7939","11933013892.6253","12658281183.7745","13807148386.5538","12439008672.029","13479935696.4488","19024863987.2358","23559761802.9472","25043571864.5806","",
"American Samoa","ASM","GNI (current US$)","NY.GNP.MKTP.CD","","","","","","","","","","","","","","75600000","77000000","67700000","68500000","79200000","84700000","105600000","127200000","139300000","151100000","166000000","178200000","189700000","","","","","","","","","","","","","","","","","","","","","","","","","","","","","","","","","","","","","","","","",
"Antigua and Barbuda","ATG","GNI (current US$)","NY.GNP.MKTP.CD","","","","","","","","","","","","","","","","","","77307407.4074074","87640740.7407407","107796296.296296","131251851.851852","147388888.888889","162744444.444444","183866666.666667","211814814.814815","243670370.37037","261529629.62963","306907407.407407","379770370.37037","409692592.592593","433392592.592593","472137037.037037","495466666.666667","542725925.925926","598522222.222222","589192592.592593","652922222.222222","712266666.666667","768751851.851852","812099259.259259","856484814.814815","825933333.333333","847859259.259259","894440740.740741","968059259.259259","1088925925.92593","1240422222.22222","1414159259.25926","1485062962.96296","1318488888.88889","1230762962.96296","1217077777.77778","1277966666.66667","1255181481.48148","1317974074.07407","1352948148.14815","1392200000","1458703703.7037","1584474074.07407","1654751851.85185","1412451851.85185","1544837037.03704","1773874074.07407","1921359259.25926","2098030281.48148","",
"Australia","AUS","GNI (current US$)","NY.GNP.MKTP.CD","18668162986.9061","19691843150.6949","20013283202.1253","21512963442.0742","23833603813.3766","26090404174.4647","27291044366.5671","30274724843.956","32462085193.9336","36206245792.9993","40931526549.0443","44789927166.3883","51898364485.9813","63965406790.5189","88782608695.6522","97655332513.997","105214396817.514","109733883918.33","117239699174.851","133460184028.172","148642896935.933","176574944850.807","190642171466.402","176178871375.601","191410707364.166","178352078828.495","179446698377.168","186275807305.453","232073736474.177","292093203529.331","300991217479.163","313317181021.269","313431228841.389","304261523327.712","316171566931.857","356046183546.184","387778916707.954","421698353892.074","387769789052.432","378196515854.117","404911940032.305","369739326243.076","385709359959.021","455366919044.846","598160478019.633","671050821465.219","720648728135.262","818534976839.13","1015284425321.01","899122070746.785","1107931544735.5","1346752272339.62","1505600343176.99","1544415843961.05","1436245658777.88","1329206917868","1182946465487.62","1294543002785.18","1387743000651.1","1350713662978.85","1301591217301.01","1539999805951.18","1629211583573.56","1657945321649.23","1695733097667.25","",
"Austria","AUT","GNI (current US$)","NY.GNP.MKTP.CD","6665290668.48437","7392264789.48424","7841518465.96394","8466389604.05918","9270961881.7267","10104123766.9865","11009144481.4641","11696499974.8725","12547343821.5636","13713822541.338","15383414659.963","17883389139.7731","22065908685.0408","29506403823.178","35228686690.2238","40075809433.5151","42914850809.2353","51449174090.4171","61899483559.1775","73782930519.8147","81826885768.9853","70676885260.0657","71020472695.0069","72019885858.7406","67824235609.6555","69238440409.6834","98530297431.2754","123555003265.128","133185760615.179","133086163286.531","166567654604.865","172986461991.75","194797977710.994","190162705548.326","203055123479.099","239174832810.154","235816090460.099","210739880482.58","215741440640.285","212979436461.39","194463389552.157","193775896820","211593301929.883","260120851968.117","298795038885.947","313283080118.288","334691543480.823","386367909771.766","432837598506.797","399116013671.836","393109195156.667","430410938011.674","407165076060.117","427714570810.04","439031381243.175","375674518639.57","393518778426.188","410993827536.471","447902034078.745","441977716161.568","439178173138.211","488391203446.891","474420209585.41","520193903465.303","533758610076.562","",
"Azerbaijan","AZE","GNI (current US$)","NY.GNP.MKTP.CD","","","","","","","","","","","","","","","","","","","","","","","","","","","","","","","8890909090.90909","5348000000","445009225.092251","1575393848.46212","1194096387.4604","2413479413.94049","3167324031.41866","3953203901.76583","4461488756.7847","4768012931.52095","5178072731.05201","5562874939.46744","6042087549.01436","7024617521.22393","8166818629.56601","11734666354.9889","18470079299.789","28219348252.7001","43831089798.2035","41022888018.2835","49741091452.7785","61441003132.8908","65735414850.2186","70472288892.4862","73082959455.4451","51379123217.2905","35591412539.2769","39321618331.876","44853080880.9559","46318529411.7647","42422882352.9412","53687352941.1765","73522647058.8235","69385882352.9412","71747352941.1765","",
"Burundi","BDI","GNI (current US$)","NY.GNP.MKTP.CD","193892004","200819998","211212002","230278000","257986008","157479111.111111","156048000","166971428.571429","169680000","178171428.571429","235283428.571429","243766857.142857","235406857.142857","295982248.687594","336273015.873016","412341587.301587","437150144.927536","537186666.666667","595765555.555556","772336666.666667","921813333.333333","966146666.666667","1005555555.55556","1073595481.44164","974118285.857489","1131604109.70254","1181080844.35491","1103051149.23924","1059467929.76958","1096300427.94028","1117211760.24058","1156153553.73995","1069379682.96184","928818579.07743","913654989.848138","988018268.88428","855125492.320396","960396267.915425","885470740.908452","796772713.286962","884786065.883137","864477157.825014","811709106.906995","766758030.795662","887956197.145997","1099326369.19285","1264550109.90148","1350312449.18461","1607531530.94505","1758515635.796","2021267251.23096","2218323650.81024","2320896738.27095","2453409163.65623","2698365544.26056","2810889258.70119","2616822069.15909","2832836333.37071","2919066737.05781","2878970464.4605","3242392082.28592","3443714644.27803","4050179115.756","3436752164.75555","3092651640.27335","",
"Belgium","BEL","GNI (current US$)","NY.GNP.MKTP.CD","12015560481.3298","12746887551.0091","13611389534.4754","14610401476.4428","16338953142.3323","17809797461.5437","19126919957.1343","20506702120.6355","21933333592.5408","24319041682.726","27089802339.6531","30210254913.2473","37705546695.9949","48300143862.5543","56680050745.6504","66428486344.1922","71947319749.2163","83582818232.9769","102036695273.473","116682691249.312","126898081114.637","104870916992.612","91784983224.4393","86845298619.3294","83204003071.7677","86372091854.0662","120264512371.32","150162393300.918","163105286889.742","164539499385.749","205980494929.986","211977481393.975","236359025094.103","228457699393.657","250882987701.953","294350437876.3","285695114006.515","258857352277.853","264807068237.386","264261508381.506","242895045507.608","241174671366.339","262848882179.059","324156068000.195","374341455841.082","390533497082.023","414131146527.529","477472767241.296","529910842181.875","494515923328.515","488893682611.668","528029734267.511","509666801090.977","536136947871.256","548902514458.351","467533864636.64","478523735047.705","505375752659.53","548120195689.725","541251484269.019","534435843769.651","606238974846.89","599066523040.08","662965153668.247","682334162832.656","",
"Benin","BEN","GNI (current US$)","NY.GNP.MKTP.CD","225482255.455014","234942177.019889","235707445.372139","253176507.391541","269046301.817679","289108671.641642","302825235.329871","305821945.28055","324923119.287761","328248234.288019","331127729.566977","331970374.676923","408231847.137933","504376074.185709","556954838.53267","675570202.26034","698408261.922237","749849780.214023","929143478.037752","1187431004.43507","1402351915.6882","1287920221.73451","1261778630.54846","1082048244.78243","1021533996.23385","1024412789.17532","1310102025.28918","1533812227.8114","1595446083.89953","1464137972.15978","1921032674.26561","1955598214.71795","1634867229.43653","2234725478.67986","1562942657.81931","2125371477.98198","2315095220.83592","2238481587.4834","2441702856.3055","3665050653.55803","3507693634.36761","3651633566.79224","4166070196.61166","5311078928.63798","6153203074.87323","6549889470.4113","7003871603.73307","8120524847.77096","9776380267.19374","9705498262.94296","9481809633.43508","10677821363.6638","11074623463.0036","12448828489.0859","13223585561.7576","11322499745.2605","11783269383.973","12669871034.6517","14207330378.0074","14320887678.382","15565378778.5379","17498318150.5892","17300026295.1923","19469373894.1387","21256534919.151","",
"Burkina Faso","BFA","GNI (current US$)","NY.GNP.MKTP.CD","334894682.092364","353437390.317974","388060887.218984","397465363.444254","413758192.233887","419289007.933023","432185666.746162","449034396.771284","458847289.024177","476700187.621528","458404268.761971","481906450.808234","577291724.45051","674535350.152008","748879457.543383","927901103.013398","967025163.798155","1111036713.833","1464483405.39439","1739271445.26957","1924639586.16346","1766034842.49576","1744188156.6995","1590193580.51632","1454929984.52162","1546793233.87715","2030903449.74309","2361034849.39713","2602940400.66092","2603687670.83392","3093954988.40636","3125829219.943","3344716312.9167","3180859979.73624","1881026831.58861","2369479874.70965","2593450483.0717","2445476192.29881","2802105765.33989","3393482477.33794","2964619500.18339","3178291925.47716","3588060178.93616","4686123788.38184","5406279936.20608","6082308541.21132","6528831607.36995","7603256499.99443","9414697518.37982","9333203850.05682","9807542782.09475","11592644774.9473","12243495087.5098","13080707616.4124","13337500892.7969","11293125664.7767","12261728232.1903","13577334630.1408","15387936815.3249","15363169150.7393","16949484378.0992","18544139149.7414","17415240167.9441","18992129087.4064","21744267527.2455","",
"Bangladesh","BGD","GNI (current US$)","NY.GNP.MKTP.CD","","","","","","","","","","","","","","8108053514.97237","12522859678.6342","19439919254.1685","10105296949.4949","9608855565.61086","13238224497.3545","15535719093.2983","18156941569.7674","20590758873.929","18847155688.6228","18122979797.9798","19452920000","22655346153.8462","22202166666.6667","24866935483.871","27184294000.5034","29418568811.1258","32234055025.2854","31618548375.3501","32478635867.374","34069217830.6878","34824471356.6085","39096763694.0298","47649633251.8337","49613348946.1358","51415660792.9515","52841410149.7504","55101749155.2375","55629781319.4959","56908044576.0056","62584110535.4059","67925445897.7408","72555189959.7365","75845565709.4239","84719578977.2493","98690272434.7262","110599840405.017","124613272943.348","138790366566.139","144592846556.493","162063337208.742","184408668144.279","207815026631.717","277650511849.492","303873962973.372","334213984192.582","365618637342.157","389459167662.235","438182167775.955","478360553749.872","454873456328.939","469502743696.193","",
"Bulgaria","BGR","GNI (current US$)","NY.GNP.MKTP.CD","","","","","","","","","","","","","","","","","","","","","19525307692.3077","19672285714.2857","19187533333.3333","16484500000","17556333333.3333","17092578947.3684","20117823529.4118","27786846153.8462","22134941176.4706","21351666666.6667","18995909090.9091","6854283786.82258","8461805406.79491","10639341885.9172","9516553367.56936","18559500379.6281","11898890319.244","10959229231.1159","14747553565.8088","13452266602.3373","12922579411.5223","14208346103.9187","16746547984.4485","21488758770.9831","26463249590.9807","29952160205.0144","33529451338.3532","41157558937.7559","51846141511.9245","50357535978.025","49628003265.2133","55875515657.0619","53576945566.8342","54583767823.2479","56452998711.8289","49115808206.7558","52131262718.8721","57717185895.5964","63702254982.0705","66378359535.7181","67937959009.12","81005324182.552","85605828479.7612","97188912235.5466","107613044724.041","",
"Bahrain","BHR","GNI (current US$)","NY.GNP.MKTP.CD","","","","","","","","","","","","","","","","","","","","","2864420270.62881","3440957446.80851","3634308510.6383","3746276595.74468","3793882978.7234","3281648936.17021","2655319148.93617","2995744414.89362","3271276595.74468","3503191489.3617","4451329787.23404","4807446808.51064","4783244680.85106","5006382978.7234","5325000265.95745","5790573404.25532","6076647606.38298","6113085372.34043","6021789095.74468","6350622872.34043","8839275265.95745","8654625797.87234","9068566223.40425","10581836436.1702","12575387234.0426","15556372074.4681","18119833244.6809","21431313829.7872","24787226861.7021","20538353191.4894","24432970744.6809","26150319148.9362","30955957446.8085","32627579787.234","33139813829.7872","30787393617.0213","32089202127.6596","35215186170.2128","37491914893.617","38186170212.766","33378590425.5319","38312287234.0426","44495425531.9149","43584813829.7872","43792553191.4894","",
"Bahamas, The","BHS","GNI (current US$)","NY.GNP.MKTP.CD","149547827.927652","167383830.781413","186983735.917398","209425739.508118","234905645.584903","264600042.336007","305500000","350700000","399800000","474700000","510477700","542590600","559130400","634848200","662174500","819788700","566500000","629400000","704600000","1006200100","1200800000","1274600000","1446700000","1594300000","1876000000","2140099900","2288900000","2530699900","2651000000","2930400000","2993200000","2932160000","3026400000","2963600000","3121400000","3882158500","4421275600","6179760000","6635720000","7557070000","7936270000","8118930000","8696814900","8717670000","8913970000","9654135300","9949250000","10386740000","10448200000","9829760000","9860860000","9834450000","10441100000","10177700000","10702900000","11342800000","11324900000","11901400000","11984100000","12654800000","9830600000","11325400000","13144600000","14524100000","15201100000","",
"Bosnia and Herzegovina","BIH","GNI (current US$)","NY.GNP.MKTP.CD","","","","","","","","","","","","","","","","","","","","","","","","","","","","","","","6411634782.6087","5063265306.12245","3915575425.43986","3002331372.53162","1090802469.1358","1624572953.73665","2564045321.63743","3443903887.76372","4925852604.01394","5414311183.98296","6158130493.76784","6333011859.11807","7236262721.52904","9032189606.97823","10661025345.41","11690774784.1004","13256741702.7565","16247592622.2688","19819059973.2174","18292268648.6383","17455985887.834","18794204715.634","17361414390.9185","18421209992.0505","18710535630.5824","16514882573.8932","17139876107.0255","18174627410.1004","20366482557.1746","20448097231.6188","20113997798.4473","23370857023.9827","24212680562.7416","27458674123.3571","29554452622.4244","",
"Belarus","BLR","GNI (current US$)","NY.GNP.MKTP.CD","","","","","","","","","","","","","","","","","","","","","","","","","","","","","","","17389558232.9317","18404907975.4601","16939790093.9054","16291596444.2682","14910455864.866","13966698417.0975","14516083924.1888","14107995686.3349","15214403399.2369","12149902725.6864","12684212603.3498","12311559712.2302","14564755544.6363","17850589634.7141","23122951403.9977","30265564438.9968","36847123885.5523","44864740363.8261","59964234225.8004","49759479064.1055","56069265840.9742","61079871266.8078","64215516438.9641","72875339440.6563","76448782777.9462","54061945285.662","45473302428.7243","52669765496.9979","57861187726.0003","62499831005.415","58875118002.111","67115938432.45","70678268154.2972","70130048048.9467","74320780471.3954","",
"Belize","BLZ","GNI (current US$)","NY.GNP.MKTP.CD","27931217.9312179","29756049.7560498","31702121.7021217","33588483.5884836","36024696.024696","39900039.9000399","44240044.2400442","47224132.3601296","43439913.1201738","45719908.5601829","51599896.8002064","56823643.5028187","63063434.3222429","74111095.5947385","92347598.6994185","105915564.001761","88692274.2020054","112050000","129500000","146500000","255450000","258850000","243650000","256650000","282650000","277400000","305300000","365000000","415250000","481400000","538650912.28848","587282100","680791150","733705150","746221400","796018950","823935350","849574600","896894950","959572300","1085239000","1104995650","1176430900","1218802400","1283457850","1359872150","1465180550","1547237650","1573276350","1597367950","1610489150","1734391400","1796920450","1915955900","2000442900","2097629250","2128797100","2140779100","2129671500","2217684000","1988648500","2350676250","2712671950","2941179500","3073698950","",
"Bermuda","BMU","GNI (current US$)","NY.GNP.MKTP.CD","","","","","","","","","","","","","","","","","","","","","","","","","","","","","","","","","","","","","","","","","","","","","","","","","","","6780700000","6474269000","6661617000","6764352000","6657829000","6893729000","7095783000","7435279000","7460410000","7524540000","7090446000","7601356000","8297939000","8758318000","9594840793.04017","",
"Bolivia","BOL","GNI (current US$)","NY.GNP.MKTP.CD","","","","","","","","","","","","","","","","","2700499750.12494","3160319840.07996","3644327836.08196","4239013233.13185","4274388254.48613","5529404567.69984","5183430013.26639","5060855674.99892","5754602586.0124","5004377305.35228","3649842315.69363","4070256337.93221","4332812302.42279","4456873579.83834","4618982620.20708","5096262338.68661","5446168777.11339","5528799392.64957","5798722891.83223","6508561764.97425","7188749149.68869","7729236782.815","8335294701.59795","8088864460.3063","8172325473.0056","7930357003.12264","7700785216.17852","7780552284.60223","8388731804.43548","9172769524.9553","11054601174.7691","12630670333.1765","16137900474.4332","16666184074.0741","18760785455.5446","22977403393.5893","25455219536.903","28751567785.8177","31298228321.2735","31873100506.5123","33320230246.0203","44817793212.7352","47438383762.6628","48220749377.7135","41896884081.042","46848792402.3155","49695381953.6903","51087205499.2764","53767324558.6107","",
"Brazil","BRA","GNI (current US$)","NY.GNP.MKTP.CD","15165569912.5199","15236854859.469","19926293839.0163","23021477292.2093","21211892259.9904","21790035117.19","25823978009.9173","29559163247.6664","33065704447.8652","36783720975.7678","41728566935.8317","48684157318.5706","58075347258.6067","78380807935.1819","104325590448.443","122016649141.279","150357935666.65","173253413561.887","196080790936.193","218945212519.056","227299903221.934","252659071917.96","267229261483.899","191446471084.389","197144720543.593","211063863687.536","256173864186.931","282955495997.371","316712779909.733","435225894864.886","380339036380.184","334931411093.569","321997047142.546","359329728432.148","505179284391.702","758586196666.96","839052100885.484","868630774082.402","845870879382.865","581160970747.041","636572488761.719","541802025604.252","492692609449.771","540518512990.096","649516039101.083","865859652973.965","1079909686695.35","1367438369100.13","1654272376257.72","1630109870571.85","2140606612730.03","2548929316371.71","2403719887646.8","2438459112454.59","2410277002770.43","1768299908716.93","1757596906197.49","2024937157803.49","1863630803587.87","1822994350926.29","1445311200183.95","1618525188671.9","1895345782501.95","2121606070844.73","2112836240407.16","",
"Barbados","BRB","GNI (current US$)","NY.GNP.MKTP.CD","105051368.788245","111882844.792888","116553343.949973","130913385.133204","130355713.44405","139348166.296251","148967999.580001","165559737.391253","164433836.5","184450310","216058413","243313943.255171","276535776.911342","338274447.85453","409855685.502508","479046487.302609","523496714.242938","589467685.369743","662714568.189728","799309609.705166","1000072821.5582","1131617609.50629","1179268379.65495","1237376185.05444","1354958434.84314","1421384412.56899","1520310247.10386","1670959081.19127","1777556804.05708","1980510117.83424","1966737930.69159","1981255904.1416","1928700000","2023666285.487","2105901655.6456","2158504449.8583","2293690647.83971","2437577686.07368","2749316362.55158","2866056779.19753","2964350000","2944900000","2987550000","3075550000","3327650000","3644500000","3960922900","4487950950","4544458350","4276757950","5560950350","5362953600","5589046600","5472600550","5423158650","5485207650","5453164150","5459403200","5761950000","5894850000","5340050000","5851550000","6718900000","6944250000","7204050000","",
"Brunei Darussalam","BRN","GNI (current US$)","NY.GNP.MKTP.CD","","","","","","","","","","","","","","","","","","","","","","","","","","","","","","4983622880.99938","6039881086.68157","6284497293.85546","6327966435.17026","6203339912.15448","6467782517.72242","7700144069.1419","7663377306.04996","7793034376.20807","5550846019.54348","6309070377.5966","6570999087.56742","6096155767.38145","6333082875.56937","7167725261.92713","8619178773.51458","10547202620.5286","12644616418.691","13494429375.0523","15980957784.0861","11965005647.7211","13606836258.5065","18026808849.2606","18591292983.8896","17893858129.1371","17082574504.3566","13580876434.9111","12235340070.2358","12848588411.3953","13650753306.9072","13830321084.8112","12367544174.3622","14096167232.3481","16311909009.4245","15289081886.4103","15831420331.6834","",
"Bhutan","BTN","GNI (current US$)","NY.GNP.MKTP.CD","","","","","","","","","","","48609570.5333333","52138712.0040529","55169472.4370423","62025940.9698143","73104301.704243","68298556.6194024","69427211.8930232","77250689.2427325","73947059.7497327","82125550.8540646","103233438.616193","108025678.513529","107426042.915107","111540946.3488","126293930.26216","128709735.017686","155344196.612547","211403800.948964","246042564.594894","251720446.765893","269134447.510498","218695893.267004","211913535.426212","201892986.824774","238746726.482292","253247417.27415","268226624.807211","320810823.895144","307151164.347779","327705826.080744","460237666.189269","495873059.98714","551302432.308663","638148896.930496","719379361.590567","848823746.498722","939320667.566483","1238664999.31207","1283501731.27648","1280769883.98804","1620906891.71359","1863823016.81275","1831270593.67015","1820262695.66739","1954089382.06521","2045040204.86113","2172018216.50864","2378534601.95346","2363147137.848","2506135795.33788","2314749742.0599","2612193375.65256","2747666950.73441","2846668147.61197","","",
"Botswana","BWA","GNI (current US$)","NY.GNP.MKTP.CD","34205217.5668458","36949379.7345437","39979670.9497872","42814562.5462227","46756471.5116855","51442483.5342173","56974851.5655183","62269018.8968691","70362818.3063272","82514340.7835311","100670003.657103","130921026.775438","164453151.283339","244407546.887111","309423718.536463","355168571.536751","372025093.006273","451624780.274597","590407374.447116","819870258.783053","1014056418.66898","1111339511.29266","1043693021.29536","1132574120.77023","1126756332.73335","1018334702.5361","1282073114.14133","1729125681.00964","2468024508.52789","2817256162.38338","3684802624.71875","4005749034.03664","4258848902.10809","4453761315.68358","4034905844.16189","4698170013.99968","4594673781.36735","4875448036.47895","4910053669.29492","5222002272.72973","5436161217.60947","5352478942.68301","4740674156.16695","6795865108.38603","7997879093.95044","9084360896.67168","9364081179.35612","10200889864.4686","10196319741.8197","10029057941.827","12147261071.9608","15016050301.2986","14164563194.2831","13621161024.7427","14998439776.0137","13076842710.5086","13792127267.5802","14738582295.4656","15447818705.438","16776578168.9193","14982287847.9697","18787565212.2463","20355187597.7055","19439625965.2291","19433948417.3752","",
"Central African Republic","CAF","GNI (current US$)","NY.GNP.MKTP.CD","111747735.938656","122726887.310844","124074618.132507","128971022.019669","141616945.244737","150166766.278627","157522949.399096","163413978.527188","188467450.855492","186939212.559209","187306595.221457","198941150.306855","228251296.037478","268083560.609579","278993430.239583","376717384.254518","450459750.880448","506691664.33772","611778627.419647","695364764.104587","799613520.579405","698104904.329938","741049398.411783","647990861.615387","628157007.221398","857549868.182657","1109865045.78911","1176881659.74295","1237401886.5629","1208296776.63025","1418273500.35437","1361256543.34825","1396427781.68259","1260064033.03736","830378026.917841","1094392676.29785","986712773.312405","922003116.175162","948607886.805663","991334220.888093","903680539.341506","924818570.257293","986946801.001388","1139521477.2","1258520984.50582","1327668788.25211","1450377436.21401","1689102987.51665","1970432708.54767","2061529813.69676","2152234866.4585","2447711016.35","2521348066.78279","1706709068.88562","1914516900.43771","1716880216.06095","1847781766.462","2177935587.59112","2386745438.20748","2386023468.72084","2456787984.44726","2688202219.11078","2509339923.99743","2706537362.60339","2917116977.13206","",
"Canada","CAN","GNI (current US$)","NY.GNP.MKTP.CD","41358807740.2574","40945417262.5151","42174532789.3236","44845732652.4547","49108940094.0061","54167292529.9681","60639603251.6825","65033219898.7825","71178693930.7235","78517446464.1032","86905583309.4076","98159003763.1214","111973127588.645","129947894210.579","158580766871.166","171802537357.452","203585192697.769","207884725905.031","213974919786.096","237297467987.024","267380993841.943","296987238301.777","303780497689.876","331848425835.768","345679098139.14","354994507506.408","366251889168.766","419782051282.051","492889412529.455","547709459459.459","574627185464.518","592228332024.09","573080168776.371","559372141694.442","559172524897.481","585086709414.165","609656032269.894","634690885454.283","612674755645.433","655584572928.586","725237357753.687","718179235537.19","741406996750.143","873515809007.209","1004566487317.45","1149135996038.95","1298296897038.08","1447200446885.76","1530173383317.71","1350956171813.49","1585379875651.19","1759453773319.65","1795919869603.49","1818471075757.13","1776572160702.32","1532663548013.94","1509327936731.45","1628291572163.23","1695996608536.1","1722945761061.66","1643688332920.87","2003790799350.67","2159565662961.68","2135146715043.55","2210877721895.57","",
"Central Europe and the Baltics","CEB","GNI (current US$)","NY.GNP.MKTP.CD","","","","","","","","","","","","","","","","","","","","","","","","","","","","","","","249672387374.552","232702453756.323","249939272092.139","267484963014.082","304326612028.239","389446579577.169","411632031151.385","403583916962.429","442279521569.79","429091178866.489","423162413158.429","462500340617.201","518786644716.479","617925974789.734","735725277330.022","859189270901.032","964774424650.93","1208696563008.51","1478273769614.83","1250257231687.36","1273582381871.49","1402912190105.82","1315489193012.82","1376242528808.58","1421205124697.72","1250121043862.69","1274332487649","1415792887042.11","1599030956913.63","1628657561632.86","1632053844880.59","1865553367777.42","1886967703854.49","2197753788512.44","2392761767874.17","",
"Switzerland","CHE","GNI (current US$)","NY.GNP.MKTP.CD","10017523756.7067","11239429849.4261","12444687096.7276","13652035917.1975","15109175170.6115","15822517124.3731","17037410238.6735","18343366194.3509","19681362779.4018","21350607572.6683","25767838015.949","30901645442.8661","37860168141.1879","50998604280.601","58987732544.7615","67213735051.8704","70636865878.6386","75817033121.2215","105670166971.03","119185382496.783","126962602767.29","117343833125.969","119185447080.012","119274454881.564","114635351078.964","115972259230.954","164382273758.504","204794228605.562","223214765307.713","214164799519.773","270838067127.625","274278451578.107","284716969194.79","278163096362.817","305402339983.499","360582896405.92","348429909385.113","307037837800.593","317290560077.252","313690619757.689","296894664258.645","297137300308.13","316740784036.956","384828123561.298","427893734620.024","451869879537.424","473007249162.546","492718101466.178","529818824669.929","562214997702.417","629972347630.646","720038694879.46","697992809377.499","717684744662.856","725732044919.197","701133713181.255","683895323472.44","685587748787.691","699353255841.699","696318048854.117","716684165061.556","786023100176.452","805945122312.029","867093239768.946","897366866938.239","",
"Channel Islands","CHI","GNI (current US$)","NY.GNP.MKTP.CD","","","","","","","","","","","295199648.640281","345809364.353159","417093294.038313","541929848.02938","626525364.927669","680911828.794291","656412226.195396","725310261.097699","951668789.369229","1165866682.47981","1539176983.23243","1439994019.78535","1381787421.36827","1331767315.1692","1235157512.49988","1288809993.24989","","","","","","","","","","","","","6035110963.89533","6206115515.28879","6243001967.01468","6080322441.34159","6482314148.68106","7173877551.02041","8288172830.46503","8512727272.72727","9205151793.92824","10888355342.1369","","","","","","","","","","","","","","","","","","",
"Chile","CHL","GNI (current US$)","NY.GNP.MKTP.CD","4139285494.92209","4871231217.57712","5675801012.14628","5612507815.57544","5962284307.68583","6057793188.88201","7072072945.71285","6932360885.32094","7071608193.27302","8228333850.60178","9061618350.76379","10881313013.9251","11998202378.9195","17127735659.1226","16399811215.0779","7527961815.80617","10197579098.406","13907611428.7747","15884093548.5664","21574174622.5416","28656776576.0951","33716822211.2903","18228802680.5992","18881695657.2059","17944765548.6123","15848621919.4288","17259493516.0192","20853890471.0689","24196961478.9136","28106802063.5073","31667951500.4152","36271927392.8126","44618952478.2515","48228872662.6221","54886768956.1746","71032008273.8318","76078081794.3295","83129353790.7485","80154532622.3576","73432338907.8398","75600289540.8412","69224681513.4418","67561450726.9539","72616133044.5538","91774912486.7468","112636770526.474","137406723437.71","155560175061.699","165740284466.596","160012171545.053","202995610893.163","229490673696.733","252400856606.98","265043915860.422","248044111578.886","236499159254.963","242408025804.958","265419010571.201","283731132099.308","267848366678.638","238186960905.052","297480574581.464","286490680076.319","321045903576.753","313267567597.402","",
"China","CHN","GNI (current US$)","NY.GNP.MKTP.CD","59846235024.7318","50162299349.7871","47310737754.2287","50812227918.5753","59821862703.4023","70565994356.1828","76854053259.209","73011350596.2485","70980323818.7853","79847786729.1898","92752930873.1912","99959013879.6308","113871930713.841","138764340892","144418433058.472","163687619735.857","154196810058.643","175226595859.778","149788617886.179","178573913043.478","191425000000","196130952380.952","205751908396.947","232007662835.249","261717857142.857","310904761904.762","301286956521.739","273275784753.363","312765432098.765","348556680161.943","362523900573.614","385289198606.272","428715855572.998","445635994165.534","565894585788.206","726418043788.258","856086142040.551","956749708708.89","1020490742917.16","1089372753903.3","1209090434696.9","1335863134143.64","1474876576017.01","1673684677258.3","1979064133594.61","2301443793302.11","2786356399836.56","3612096538009.96","4695911654845.43","5181045920787.14","6166492055190.13","7601379935590.42","8653847951304.22","9665296804684.75","10687833547166","11228032678981.8","11400323697361.9","12521428872625.2","14086737564950.9","14520157750328","14878808399124.3","18077551859016.4","18163546112470.6","18136282647171.8","18615022929518.1","",
"Cote d'Ivoire","CIV","GNI (current US$)","NY.GNP.MKTP.CD","556461972.29691","610784457.310549","628637732.811277","731665892.371403","896802317.248196","893071280.794188","990002896.346984","1046698105.67958","1243690120.44989","1319400808.44721","1419613979.2726","1517255629.49119","1789499913.0393","2405121063.23258","2973454142.15232","3752941296.11423","4503853895.77809","6070868192.69678","7591720786.24504","8682637701.40851","9680517025.41687","7910293027.8005","7026605096.58652","6150114795.06402","6349600155.54494","6295644866.23394","8468160551.48745","9196581454.53863","9302464075.50283","8372493903.36394","9209160119.15577","9121517086.27597","9807255406.8269","9679055051.97422","7539428556.81466","10012664587.0661","11223282690.4957","11002799372.5187","12020813057.1351","11742586597.9015","9739259799.95012","9920429937.78245","10857690467.2455","13047012644.7845","14789614207.4577","16439390778.5205","17106470545.5442","19561214782.6159","23421489631.6568","23436744023.9537","23995591357.5247","24425274888.759","25926659727.4129","29861782822.0902","47933652024.9735","44807751702.5044","47331529982.55","50973205770.8793","56893409586.3836","58700458323.6943","61181445318.3239","70557249154.8822","68623846438.422","77728520817.2679","83631793996.8589","",
"Cameroon","CMR","GNI (current US$)","NY.GNP.MKTP.CD","","","","","","","","778045786.557123","885021223.583683","957837542.703687","1016992759.38391","1119275735.01572","1376836631.08886","1633547259.67119","1876158009.53225","2540677514.04605","2561200140.89613","2627811887.43537","4264015172.48433","5576487334.31188","5562771945.91782","5948519908.73504","6207429211.03209","6469482077.37936","7056306268.1369","8278151533.49287","11703434795.6135","12880965932.5244","12193312550.578","10797507576.7543","11786761068.7872","11102528723.9598","11387830102.0741","15497618393.2835","8474423043.96503","10316238262.7648","10514126088.3073","10224692035.0654","10819195260.833","11118672106.1418","9971652120.29152","10257038437.449","11741246559.7131","15443546606.6373","18422803181.3947","19020925162.6418","20658217745.3489","23427237251.1792","27300877526.1525","27818823528.3911","27243249538.9366","30327885739.0239","29710253435.3417","33113313969.6417","35703010549.7371","31773333681.5673","33256524239.9872","35436388520.4124","39216305348.0458","38825035814.2222","39933227702.4352","44281229347.6822","43241972760.9174","47845115916.1828","52375766918.209","",
"Congo, Dem. Rep.","COD","GNI (current US$)","NY.GNP.MKTP.CD","3234429411.76471","2962530285.71429","3693492857.14286","6051985742.57426","2865033090.90909","4039901818.18182","4519860181.81818","3376363400.57636","3896980538.92216","5010234970.05988","4856884910.17964","5570876167.66467","6156838622.75449","7855281377.24551","9577223892.21557","10183241437.1257","9504585004.73337","12052809281.9615","15290478803.8277","14930295240.8506","14101822516.7456","12191460937.8209","13225067313.7639","10691492757.537","7641429149.60028","6821742442.42889","7987867234.06041","7015725515.02289","8111500007.53894","8372862793.22169","8579464559.05945","7700349498.0086","7483629203.78505","10069929479.8782","5130585096.54605","4877639433.38087","5398456707.09715","5684838760.27068","5826805858.11559","4281472054.54545","18699788397.1014","7061817563","8430337554.61324","8710928320.4579","9989337555.95146","12102266430.577","15014361155.8776","17740619728.7353","21393612243.953","17821463373.3905","23250861322.7821","25095935074.644","28433186069.8075","32080070973.0967","35313009429.1755","37388645855.5562","37810789567.8048","36463914981.0001","44956123438.0813","44031791793.3816","45424039337.4427","57077289573.5102","66905212736.0737","67748648521.9357","68608689418.144","",
"Congo, Rep.","COG","GNI (current US$)","NY.GNP.MKTP.CD","129555568.893687","148846634.256068","163401935.99912","169162488.261855","182325230.493609","194645508.043318","216790815.874492","234909005.509564","247612044.389496","260039278.109918","268160949.273163","315101012.140057","404360746.927161","521707244.088198","569489858.418533","737841783.205771","717374158.263929","727513266.898618","824162088.234713","1105749948.98027","1544186457.6059","1881339658.53412","2022256902.09249","1923414732.50584","2066650983.18926","2024073137.76275","1880968129.55288","2336153552.92445","1906837693.06003","2027194947.67752","2323840716.41317","2278923271.60268","2555424827.8359","2162161007.51081","1514504481.0644","1228291963.0002","1455086431.7075","1661142500.38119","1478608993.08253","1645552974.21985","2280886123.44606","1969428969.78787","2183515260.55016","2583994527.85293","3167358244.51213","5043792809.4087","6838186775.39028","7369856880.83095","10214799509.4018","8961396851.17391","12221536231.1538","14089660178.6591","16736472283.2997","17547363836.017","18182185023.7646","12368954507.0538","10540521863.9381","10275915423.3547","13950568006.1425","12568374440.1643","11405928815.1038","13175025890.1367","14100325791.9671","13746834556.1248","14179187202.9986","",
"Colombia","COL","GNI (current US$)","NY.GNP.MKTP.CD","4019001281.08515","4524766238.80597","4934165710.31125","4796438866.66667","5950087688.88889","5695009523.80952","5378688888.88889","5589327689.96395","5860219211.80724","6318187089.02706","7025370777.80549","7645029433.66126","8473740257.56058","10104386815.5458","12184409033.5627","12776548138.7115","14984942385.6463","19153335981.2042","22922871080.1893","27649181154.1237","33155485755.6215","35904126272.7293","37999647572.4732","37514872085.7243","36678124773.9728","33219411744.0801","33194484135.245","34383300523.0276","37467546940.1848","37241071886.2881","45539094152.431","47086381862.4121","56161793342.1556","64491312564.8541","80213040694.4346","90911003096.6821","95097412814.6927","104334000797.838","96748227322.299","84832744080.4273","97718648093.3112","95777135425.9585","95314904268.2837","91412427226.8605","113027760127.865","141880361498.683","157492940589.508","199874294820.232","234129163989.797","225561446056.234","276539068640.164","320761717459.121","356514927997.962","368881076786.015","370407849663.061","289667485036.838","279593356364.69","306527532488.183","325924723780.778","315981529469.142","267833501944.668","315645547482.267","333687079177.842","356861086164.789","410205670651.593","",
"Comoros","COM","GNI (current US$)","NY.GNP.MKTP.CD","","","","","","","","","","","","","","","","","","","","","244115669.533766","213241226.141026","202775086.062727","195678395.497547","188459787.20106","190800860.001089","256738035.180688","312385227.437254","334310843.902668","329887501.455639","400901880.606344","400110517.194907","440245372.278721","429471993.201869","315234823.155275","393777932.504674","392852318.831305","363048749.65393","363569943.035334","372117564.283527","339834971.120563","373449131.015832","426600720.812742","545477532.152985","620551935.714231","653698859.619415","687079935.96404","797225240.203094","913871833.393044","904095426.46153","907127366.66413","1022301422.43754","1014150823.30033","1116442467.26537","1154095453.26526","971041229.263184","1018354713.48476","1082473390.9003","1184810646.87989","1193559929.29645","1224672764.90165","1278534313.86657","1229094968.59099","1334219701.90604","1448811556.89206","",
"Cabo Verde","CPV","GNI (current US$)","NY.GNP.MKTP.CD","","","","","","","","","","","","","","","","","","","","","138856642.815217","139991880.425017","136158469.442809","131601735.031802","127523170.720601","133652101.95292","187959792.883683","235030063.064341","265056605.265897","270668708.28307","309176224.019611","321024263.387856","358442263.81252","491380499.086128","406239075.112039","484576531.820489","497578329.732296","487022137.740692","516378634.446505","583542586.616684","525174330.399851","557029312.72868","605789816.017085","798746077.975201","906734627.316639","938575439.170981","1062622993.5344","1618241425.38587","1912560007.82839","1809327570.45137","1751605293.64241","1973681911.12362","1838501321.50582","1964307698.69692","1949294165.67812","1690799359.91593","1790348386.97019","1935686290.47563","2158337751.94504","2209768659.84476","1783142952.88792","2023485008.68265","2218940519.05749","2472792704.07247","2678779840.21114","",
"Costa Rica","CRI","GNI (current US$)","NY.GNP.MKTP.CD","502758192.431205","485021006.996753","469634667.147862","503109261.514864","531162283.273936","578881162.264151","631805630.188679","681856618.867925","754641494.339623","837730203.773585","969030158.490566","1060096926.68077","1200686058.7792","1488154781.62436","1624813114.7541","1894935064.17736","2336934399.06651","2992727012.83547","3409908809.80163","3885819323.22054","4615347012.83547","2339703624.44025","2202723100.13613","2813172458.27127","3358577550.78444","3637004055.44554","4145083679.21147","4235852462.96001","4277829898.40348","4849125767.47627","5459187786.75989","7031154595.4136","8381931917.17563","9359444223.53271","10397805104.4453","11429222091.5215","11578167151.7982","12497934828.031","13419122090.2834","13735678495.5195","14325426932.0873","15242995591.5711","15817615696.1814","16475832408.8195","17823588236.2478","19287410090.8178","22052841281.7604","26188758211.3222","30207531080.1957","29731667352.2936","36449994661.7674","41322445055.4384","45751076217.79","49093855693.3009","49869412874.2879","54026905533.813","56365195550.6641","57350348728.6963","59042419844.0265","60575320937.0583","58780239945.281","60786873652.2703","64292147817.5699","80477795958.8831","88413217229.7442","",
"Caribbean small states","CSS","GNI (current US$)","NY.GNP.MKTP.CD","1075760309.08864","1163390359.97538","1231158893.3744","1378659599.06293","1471292005.40197","1607040844.86064","1625374116.35348","1782006358.83947","1806887847.06153","1959197267.26568","2128604076.08755","2313764648.66597","2608872712.26582","3029251495.36611","3938124389.42225","5018253717.25085","4776903164.98689","5673837775.65798","6603420483.74278","8053334006.61491","10339989013.41","11427302871.9931","12879530700.3957","12843432667.647","13198892750.5156","13169399756.2637","11136530334.2615","11457997313.3757","12051428901.2983","11832137479.5227","12705674805.5423","13012352022.701","13434262401.4537","13076807140.3489","13938641749.6274","15470101271.4382","16922840813.2566","19188996778.2917","20733341696.9575","22423103390.1965","24405311636.9075","25215508138.9827","26575346805.2465","29190851351.7097","32435993559.0822","36649461924.8074","42426826847.3266","47923433142.5208","55322513219.959","46214631565.6176","51193308447.5147","52928481389.6784","57194655224.4612","59552280615.7541","61180969052.3253","61057688727.9913","56155032399.1486","58003843127.3889","58494218674.8464","59704914297.4536","51043615860.7179","59164109943.8084","69205903181.9253","74718083668.5428","80019327907.3532","",
"Cuba","CUB","GNI (current US$)","NY.GNP.MKTP.CD","","","","","","","","","","","5584007500","6782256200","7979320041.97272","9796397346.20024","11187718414.6341","12778100609.7561","13525388428.7454","13933525180.7229","17502936103.8961","19211775616.4384","19531412500","19762075662.6506","20547988470.5882","21783970197.9045","23596807057.4843","22466664483.0222","23746921046.3163","24714712705.0744","26992651715.0396","26599988081.5071","28034938962.766","23862628224.3756","21760981486.4865","22010768378.3784","27876975405.4054","29759817694.37","24524568700","24882408100","25287731200","27849715200","29943500000","31178800000","32979826200","35340723500","37552770500","42010636100","48263703703.7037","53374259259.2593","55325092592.5926","55960185185.1852","58237037037.037","67926000000","72146000000","76226000000","79602100000","86013800000","90086407900","95496649700","98575036100","101873600000","","","","","","",
"Curacao","CUW","GNI (current US$)","NY.GNP.MKTP.CD","","","","","","","","","","","","","","","","","","","","","","","","","","","","","","","","","","","","","","","","","","","","","","2383575418.99441","2504134078.21229","2643519553.07263","2826424581.00559","2820837988.82682","2940670391.06145","2894784972.06704","2951663072.6257","2951110502.7933","2993652793.29609","3014589273.74302","2967651061.45251","2998237709.49721","3028320111.73184","3038652569.8324","2551929888.26816","2771395865.92179","3139991508.37989","3345973958.6431","3627535949.80245","",
"Cayman Islands","CYM","GNI (current US$)","NY.GNP.MKTP.CD","","","","","","","","","","","","","","","","","","","","","","","","","","","","","","","","","","","","","","","","","","","","","","","","","","","3934132216.52887","4044214536.85815","2904990579.96232","2646064824.2593","2632382489.52996","2793005883.11436","3102982417.13516","3460458663.56592","3860560481.71173","4403860293.38241","4284856439.68535","5265253955.24415","5237824027.25826","5570542981.38394","","",
"Cyprus","CYP","GNI (current US$)","NY.GNP.MKTP.CD","","","","","","","","","","","","","","","","","578311622.740584","743516726.372246","974718336.374432","1298879294.85874","2174377611.9403","2103814365.41144","2174408877.92848","2160141601.77976","2280841176.47059","2435306333.97313","3055706214.68927","3667785870.88916","4236132622.33375","4532358343.19527","5557199359.79513","5737621590.90909","6866387744.45893","6551304004.71143","7373203928.57143","9431244501.94049","9527828105.39523","9024625997.7195","10557893665.1584","9895297734.62783","9128568331.76249","9655802367.94171","10831199038.4615","13954369195.923","16345890000","17475010570.8245","18960303600.552","22433135778.8119","27388166105.1706","25975726611.6007","25431296723.2262","28366739790.7056","24872764788.5623","23645299457.4637","22592071770.9452","19774901919.0144","20211956551.818","22248590723.5152","24823400132.0307","24793491597.2219","23839852610.9473","27690244992.8681","28225795683.3441","31403563859.6946","33571544231.4561","",
"Czechia","CZE","GNI (current US$)","NY.GNP.MKTP.CD","","","","","","","","","","","","","","","","","","","","","","","","","","","","","","","40759898047.8234","29883391726.9071","34836556101.8748","41193147120.365","48233159492.7914","60103466465.7121","66800355127.2417","61605749149.8047","66201906992.3051","64377451604.3183","60973144537.5756","66225651164.5638","79651756642.0067","97070863908.6816","114472836364.485","130927771794.936","146511046398.414","177792960376.866","222079113386.482","192651681267.377","194806330422.945","212979698706.387","197308236495.978","199972322405.652","196895676261.592","175221505157.782","183433604178.956","207489084401.603","237586645139.765","240920145210.348","238151549423.207","282456772943.591","289548186839.063","332387570998.998","335938751337.033","",
"Germany","DEU","GNI (current US$)","NY.GNP.MKTP.CD","85010723138.6036","96820800520.5879","106200250866.208","112563431717.223","123610661988.822","134981872168.37","143583914232.976","145439891855.934","157223543652.4","178637527269.599","217550281622.402","251619741816.762","301482913574.189","400551831686.791","447740156450.76","494009502345.178","523760417896.536","604164965888.992","747660114897.76","887270113114.929","956841570905.961","804607587191.692","779894795679.858","776399446955.19","733347869562.229","740910574674.462","1055641015941.64","1307918479869.42","1418778508742.62","1418244980755.23","1795930906669.89","1881127145550.97","2143984092673.76","2080767342955.16","2210746584307.58","2589546881397.57","2506874187678.71","2214459733814.57","2234846059797.71","2197783441553.29","1955278530149.02","1952097101306.7","2080222481981.96","2508651320592.94","2869498546858.69","2917037122988.33","3097365168631.76","3534281960036.09","3844551853801.56","3556586382752.34","3536720409000.01","3921931361964.99","3683392763115.24","3896452625221.58","4048097324395.67","3492650052066.01","3638261024242.42","3861080809000.01","4214947102850.19","4106477666878.42","4041530721161.1","4500885133271.25","4326585119992.23","4709991003415.77","4847009059489.84","",
"Djibouti","DJI","GNI (current US$)","NY.GNP.MKTP.CD","","","","","","","","","","","","","","","","","","","","","","","","","","","","","","","","482914793.412146","498044688.022237","489067695.995409","508327659.6463","515031988.341276","509742799.106465","514863184.429527","524857501.364498","548464728.42264","567019654.402125","584835781.927853","606415674.005886","642959470.180789","688601797.19898","729424209.857023","791915417.986619","871804682.620512","1031814867.12319","1070790733.7906","1145970369.28669","1247888544.40387","1381266141.87406","2016608054.19731","2196986287.49557","2397387660.99673","2524970308.51728","2635915380.28708","2771292500.60488","2995009360.73959","3045567091.11473","3332455181.43607","3630581241.94665","4001432341.14145","4268074564.62658","",
"Dominica","DMA","GNI (current US$)","NY.GNP.MKTP.CD","","","","","","","","","","","","","","","","","","45872947.4074074","56930215.5555556","54917758.8888889","73104653.3333333","82607391.1111111","89727576.6666667","98220747.037037","106886700.37037","117221562.592593","132750847.407407","149524310","169543221.111111","181148354.074074","196537037.037037","212100000","226781481.481481","239151851.851852","253351851.851852","261222222.222222","273477777.777778","286077777.777778","307185185.185185","306214814.814815","294151851.851852","352355925.925926","347269629.62963","346302333.333333","363378074.074074","362476037.037037","401669740.740741","425070333.333333","461667629.62963","501962962.962963","510418518.518519","521533333.333333","510825925.925926","525818518.518519","556025925.925926","561085185.185185","592244444.444444","566551851.851852","629651851.851852","634762962.962963","537618518.518518","563414814.814815","625981481.481481","658877777.777778","692429629.62963","",
"Denmark","DNK","GNI (current US$)","NY.GNP.MKTP.CD","6315874819.91218","7001336352.61935","7891130717.58447","8395812577.78581","9597357398.49159","10779399227.0971","11834369887.6882","12928867504.1097","13333989866.6667","15207735866.6667","16795426000","18720590199.6957","22827324047.0263","30573037771.7167","33775175146.4339","40243720893.8081","44398679239.0405","49816096082.0896","60516346969.8618","69947478045.9989","69903041572.7745","60024063930.1457","58178767221.9289","58569447129.579","56815484715.0609","60181518723.34","85159945247.8062","106247015481.777","111830611899.28","108347854094.279","133419116439.906","134149089658.407","148010206590.348","139529927821.219","152568269031.223","181510424103.955","183805853036.025","170102354455.296","174359479465.138","176013159026.404","160307060409.991","162450978036.238","176565417305.281","216468873810.283","252295071022.016","267281762243.826","286812403309.343","321794551499.899","358920185951.629","325821783655.729","327612451825.411","351569643417.089","334180090640.392","355510183830.163","365645289652.797","311066436036.952","320020671940.78","338899001120.246","365236933204.871","355443582780.668","367136215276.414","422232901677.731","410994147173.732","417693792169.974","438096619232.071","",
"Dominican Republic","DOM","GNI (current US$)","NY.GNP.MKTP.CD","662300200","635500100","802500300","920500100","1006500300","876400000","965400000","1015300000","1060200000","1207300000","1476300000","1664400000","2027100000","2351000000","2920500000","3597400000","3945400000","4507500000","4731400000","5551200000","6550800000","7268200000","8013300000","8923500000","11236300000","4725479983.34516","5877328563.90779","5528050764.18334","5052899991.93458","6373563044.16404","6758925565.31735","9461118499.57049","11164249000","12384042400","13962639207.4681","15868370839.1608","17516810688.0482","19222001659.1554","20780863070.4073","21161220580.7219","23264382288.6665","24510264393.3885","25985365358.0358","20001897173.9871","20508091854.3064","33873692624.5413","36027481304.4491","41782483674.1949","46343216224.0129","46502562939.048","51873853353.652","55693761615.4975","58162035555.1195","59583117413.79","63766929099.5595","68030382571.6305","72299802635.1952","75276474742.7534","81303032048.4998","85077230745.0388","74721672407.2714","90140219517.2108","109167087134.8","115018639153.026","117559245600.946","",
"Algeria","DZA","GNI (current US$)","NY.GNP.MKTP.CD","3221537433.20924","2972128128.88642","2203115963.75171","2764286863.03185","2909775635.70222","3055264428.62756","2918329370.11096","3289850498.0697","3791382118.10268","4257253264.08834","4741997079.23339","5036471769.34266","6744425093.99031","8632149037.41203","13138114166.1185","15380661000.3322","17416028003.0981","19801319536.8526","25098700446.3047","31537622126.8861","40477140236.3549","42348269779.3785","43217921376.1097","47009480391.7474","52019565675.8723","56393654500.9746","61999012720.7502","64846954477.166","56590566390.8654","53588210262.7068","59780577656.1963","43168049163.9769","45843140788.8093","48195614970.4308","40808325036.4869","39574279247.5974","44381551167.399","45957623524.2335","46187780578.2663","46350667435.2364","52080377793.2312","57817856450.4956","59323635606.0787","71027324448.3896","88398583969.6034","102459870112.452","118661478758.192","140762493433.623","179148225224.053","149162398987.978","177703049242.49","216589368243.66","224964112461.511","225944267491.848","234461348665.993","183649437186.975","179594281655.137","187682164214.748","190390454064.656","189548593096.822","162137110259.921","182588550350.796","220322021958.876","244338842418.84","264229044158.44","",
"East Asia & Pacific (excluding high income)","EAP","GNI (current US$)","NY.GNP.MKTP.CD","79261199918.7672","69857224095.8716","63767366238.6233","68959669151.8782","79641212182.9794","92792909103.0234","101535881841.526","98646259926.9948","99614976429.0524","111992399684.065","124676517344.273","133818067799.851","152154436239.783","191183015141.782","216029134164.042","242661814766.188","246785567024.078","284198549595.472","275030678895.147","318072816441.198","366619478642.463","391473382445.806","410900978084.285","430183405382.2","465481506954.743","510574235519.581","496370034836.35","479057670880.502","547551067752.169","613337060407.035","658559771841.165","714730449667.091","801301734621.116","880280521139.433","1063636871454.98","1302778971718.83","1498041623586.5","1553736470031.1","1420677816231.06","1563976775929.03","1720141705235.32","1834535223099.41","2039064045798.71","2313540808063.49","2689099762240.87","3104374809882.44","3759325209625.65","4776202826897.19","6070051835491.92","6555891763611.47","7958677948584.06","9683221252045.33","10849732904340.7","11927716879478.9","12977340441812.7","13456484719228.5","13747249410955.7","15050716733192","16789392409576","17412878357751.3","17647609158540.5","21034907539601","21342382673366.3","21466301336516.1","22101953159405","",
"Early-demographic dividend","EAR","GNI (current US$)","NY.GNP.MKTP.CD","143388843697.902","156426291385.736","157006702913.324","173336616380.825","200250568936.441","217785424644.27","212568531325.53","222047503313.757","241498118707.398","270395490189.223","286413877648.568","311886703941.928","347546102094.696","443963821843.149","625360638174.503","670620116847.157","730607053807.65","814762438204.773","929937814543.274","1098439957292.64","1361326034580.55","1506880204019.82","1430842680896.69","1450334158961.59","1464993479452.31","1463624476255.81","1470841488143.91","1495628631082.03","1573881969517.93","1596929527151.02","1876579860734.43","1994518731093.48","2167936543239.54","2342217860202.29","2457569417271.19","2570796798302.42","2789897714258","2982450480885.94","2881578204289.21","3040412526865.9","3315570736067.23","3298344711240.08","3213600318052.45","3570982140572.18","4138422522701.25","4814906408156.25","5532350496300.17","6570814098074.27","7399979050200.49","7116068916780.16","8638931640848.44","9730918931204.2","10167013889534.1","10215945259410.7","10427086061887.1","10032196789566.9","10319070151832.7","11192473417937.9","11341150878834","11550082322650.6","10704453537572.2","12538216744757.1","13869268612655.7","14770407264390.7","15628886786571.6","",
"East Asia & Pacific","EAS","GNI (current US$)","NY.GNP.MKTP.CD","156060456870.748","157235235936.969","160955461274.62","179328955260.44","205910316130.61","229297970464.426","256457503871.338","278611018893.793","307484100893.829","354404053996.737","408286318276.165","453709278401.428","564463747346.757","744026373120.401","854917197817.486","936582702056.333","1029724911164.1","1226354316126","1549733980852.99","1682143959140.1","1812185634145.66","2000470947033.53","1958188389740.48","2082453388977.1","2233546974451.02","2371802499396.27","3093771494510.43","3621783674099.99","4383599915115.27","4603403752492.39","4816199229629.4","5423371484881.94","5930681157165.44","6669611851959.74","7447081677136.78","8444300227388.92","8143406105787.21","7790081110445.55","6970391081532.09","7790281864589.41","8438908234773.17","7856085490703.67","7979832758027.12","8790509568601.89","9870651320462.21","10513966311976.3","11185571826974.4","12526070447877.7","14447674849150.6","14837513266116.2","17303582637152","20016746552897.4","21456390869013.8","21673552816032.6","22487979781779.7","22346209231961.6","23136142455148.2","24737510081901.6","26865385821408.4","27482934097295.8","27588414394891","31694424741361.9","31204057548707.4","31395231486131.3","32053648077281.1","",
"Europe & Central Asia (excluding high income)","ECA","GNI (current US$)","NY.GNP.MKTP.CD","","","","","","","","","","","","","","","","","","","","","","","","","","","","","","","355989024190.987","343897883313.423","327903250918.819","340240460486.974","266128282620.009","376277213867.428","393939803427.647","416672754258.886","418332903477.033","380569134824.178","384319067178.152","327935212547.897","383147926224.75","488946792364.365","630428239645.765","783166760668.984","906986227326.193","1142165658138.58","1362582188208.48","1139488514194.37","1349544411540.52","1523934694441.42","1616024846040.39","1765680711829.92","1696952056828.02","1488298940249.5","1422289993193.65","1466105947015.97","1438979319951.7","1469651504129.8","1421335644494.4","1633284203070.98","1783370952602.6","2100404729816.91","2402654522354.42","",
"Europe & Central Asia","ECS","GNI (current US$)","NY.GNP.MKTP.CD","440175562652.399","483655480258.129","529231782040.514","577009230872.984","637651983689.279","695642563141.069","749820772727.334","794807714317.632","833802883339.48","923624623872.282","1037201866853.05","1169560327746.97","1401137981893.08","1781202231120.46","2010313993581.61","2353156519623.55","2444536449179.95","2759427928509.97","3383941190384.06","4121347013871.9","4660039947222.26","4138286883022.78","3978919342455.2","3862001972119.07","3713587535301.13","3837947691088.47","5236163720849.2","6468712919695.98","7204605345240.88","7271164162463.91","8866814385878.39","9131354357585.57","9792418148520.65","9010567243063.68","9436072008802.04","10879166863654","11106523459542.2","10560681657367.9","10771134711664.5","10672973857282.5","10069636282826.6","10160197623642.8","11106527920755.3","13533076835730","15807980826472.1","16856964061626.3","18221588185714.1","21188669733031.7","23189375055200.1","20557851587095.4","21096375024131.9","23380338329738","22494695436629.6","23493711463022.1","23836931698536.2","20468467177662.6","20430936762093.4","21699353690802.3","23296541663397.6","23028302448758.5","22201781500938.7","25552487662173.2","25685785450599.3","27586227180286.1","29148788375803.9","",
"Ecuador","ECU","GNI (current US$)","NY.GNP.MKTP.CD","2043509339.27538","1726041252.87729","1494353377.26771","1806525135.53992","2225202829.15517","2362035414.96377","2404096562.25332","2528683239.27161","2555066877.0341","3084152308.95599","2833289145.50069","2718502162.53585","3140764426.16013","3775698559.61005","6432076964.86617","7676347970.67795","8952054033.88223","10829948545.3532","11653569059.5795","13770367005.7958","17268124431.6027","21049094516.2733","18929367166.8729","16262050522.2001","15808980501.6603","16089580909.2555","14271639115.1362","12885919355.3712","11818290961.3705","12526170035.447","14028692743.8243","15870976488.2441","17149765882.9415","18077986993.4967","21768303151.5758","23508422211.1056","24202981490.7454","27134639319.6598","26810811405.7029","18337918959.4797","16145751875.938","21775467000","25814812000","29487961000","33374312000","38481875000","43882484000","47901187000","59727709000","58838676000","67123852000","77743317000","86468104000","95224218000","101189491000","95498179000","95796699000","102098707100","104609708400","104535446600","92537243644.5744","105445922663.457","114214268366.311","118326380936.713","121312194488.788","",
"Egypt, Arab Rep.","EGY","GNI (current US$)","NY.GNP.MKTP.CD","","","","","","4908912188.7287","5238506367.36456","5580495356.03715","5909345794.39252","6465375302.66344","7978146194.42351","8536087732.72124","9231127197.5181","9974482061.6473","9109910658.63287","11388206926.7865","12973982125.1241","13975793720.3999","14148726500.9096","16951571428.5714","20210185954.1667","20471081081.0811","25871182142.8571","29088009196.7404","31908191679.2088","35769552926.3951","37440785687.5585","39933762765.1218","34771711754.6848","39246669712.9285","41873798698.9681","37631036490.5284","42069286522.4325","46801231452.581","52113583392.6453","60485845060.4541","68066516981.1321","78947678171.0914","85684807556.0803","91221904806.8416","100305543960.076","97756136118.5984","85241867415.7303","80181261538.4615","78575767532.4675","89406539660.3397","107956786956.522","131614828371.278","164177881818.182","189300605444.646","214618966061.706","229940172977.625","272637266666.667","281027708527.132","298332708895.265","323665676819.407","327970017791.411","243794271739.13","256309032526.73","307669215489.749","372463841547.099","412272565455.704","460984520364.742","378607675162.981","371522711003.545","",
"Euro area","EMU","GNI (current US$)","NY.GNP.MKTP.CD","252534023435.795","280686891340.435","310648588934.986","341707787770.909","378436028919.194","414060791348.528","447736972835.385","475768631842.098","511590573618.186","571249504348.301","647206601864.329","733263213140.995","885251137787.875","1148881719886.13","1299515622231.1","1508238792931.59","1574157146828","1790058118684.96","2193072405683.94","2656308734942.76","2975790157271.74","2577016976891.87","2490020705818.23","2429499545335.77","2331827772038.7","2396918389367.85","3366957924628.31","4172175379710.1","4593504350377.31","4687702128647.27","5886844067892.96","6100794984408.86","6725648939073.75","6169082584970.31","6503064937025.75","7520930798061.2","7622921296660.23","6972648057081.76","7150292444943.74","7138605758806.36","6515485922329.36","6603191974637.64","7186276637589.07","8869418934404.01","10223841111060.1","10619139349543.9","11319952356517.7","12997074180354.8","14221533859197.6","13099471431800.2","12828823623561.7","13873305776717.6","12857468540280.9","13444283663661.5","13760732324742.4","11824216629434","12170348461670.1","12878278332664.6","13980518274117.7","13679641856841.8","13282608827404","15036846231384.1","14503618525814.5","15870732135666.4","16482803582265.5","",
"Eritrea","ERI","GNI (current US$)","NY.GNP.MKTP.CD","","","","","","","","","","","","","","","","","","","","","","","","","","","","","","","","","477101651.648376","467872714.755603","531888311.688312","585565625","685835952.616924","683315115.487715","749830805.237214","695016567.040366","706846472.727273","750014014.825829","723218963.714074","860583693.876829","1093759651.85857","1089002465.33086","1202459440.65041","1310746757.72358","1368434686.17886","1840533600","1569887473.17073","2041455160.97561","","","","","","","","","","","","","","",
"Spain","ESP","GNI (current US$)","NY.GNP.MKTP.CD","12333699198.6772","14137485064.371","16495475590.8134","19495409451.9276","21778315962.9235","25302116537.1322","29235776749.7906","32209599674.2383","32017672723.5408","36600860445.4471","40432971238.4122","46063552095.8084","58500434895.1592","77998318103.9406","96857337755.985","113827052173.913","117124280029.843","130700350492.881","158373886718.75","212192664848.785","229539252726.851","198938014056.587","192113881568.984","167165482598.608","168394387290.416","178171541095.89","247911030058.216","314490265462.876","370524020854.164","409877151089.248","530016922951.355","570280139311.449","622757836827.564","520363637076.742","518934614333.623","608997863624.233","632932564035.203","582539496590.909","610736683372.313","628549120570.272","593824681429.021","619109284702.363","700908415167.06","900517919356.469","1059857017642.47","1138731999477.04","1238468688780","1440465611722.36","1590661749850.78","1467848099044.92","1407118321433.34","1461417995904.67","1320185884573.83","1353430640925.1","1375349035971.76","1205221691596.09","1245019162551.36","1321196026317.65","1432157705493.33","1404845354470.59","1292135618759.54","1471000143930.21","1456075625112.85","1614182683176.5","1721317236116.41","",
"Estonia","EST","GNI (current US$)","NY.GNP.MKTP.CD","","","","","","","","","","","","","","","","","","","","","","","","","","","","","","","","","","3844991731.45374","3935087844.13645","4355145798.09293","4730316447.52134","4905926906.44454","5514726452.83134","5603260783.94336","5472116465.49341","5947902604.95927","6978783083.73363","9301313233.96567","11465094409.9379","13457655764.2084","16082181658.5121","20706693128.9351","23070748498.6085","19035565434.843","18474661625.4284","22118308164.3969","22283117767.2656","24842580735.3334","26322383140.0783","22817909254.7266","24049241171.4397","26833994793.4118","30590028476.549","31256623893.3333","31369045496.9651","36336857450.387","37468628898.2492","40369596713.334","42262519544.7656","",
"Ethiopia","ETH","GNI (current US$)","NY.GNP.MKTP.CD","1604755977.73368","1674862272.03387","1741890962.25754","1820309298.16017","1978289211.2","2153078604","2320306518.4","2457202028.4","2612908864.8","2758747372","3037393469.2","3216501145.37798","3506513529.56522","4046838067.85153","4558611751.69082","4560090018.35749","4942502100.96618","5650004310.14493","6014868433.81643","6583537371.98068","7019107394.2029","7500610426.57005","7891196570.04831","8768137857.00483","8278792672.46377","9684252590.33817","10063050492.2705","10742669577.2947","11116530345.8937","11682593842.9952","12411896793.7198","13726343091.7874","10691023479.0366","8954761827.84372","7021316393.75443","7794783278.96117","8717634996.75546","8706594255.83257","7946860607.87121","7840483177.78162","8182221161.58506","8180069454.11753","7797207615.85915","8557581131.63568","10067656708.6258","12365354408.4331","15242461910.6314","19721806402.0923","27086850118.9961","32395738209.0412","29825574928.2445","31883271774.1935","43214529006.0852","47541495176.3408","55459432981.0435","61851021052.6316","68252185537.1179","75912577900","82964771382.5758","91269984167.2355","98115320675.4386","108508635605.528","122583069052","135501455990.654","149503939637.865","",
"European Union","EUU","GNI (current US$)","NY.GNP.MKTP.CD","285626749687.012","317051773150.089","350648666086.547","385057764189.75","426939757239.993","467559814175.581","505932175956.402","538605695908.156","578117474740.266","644842489458.515","729228869965.712","824028568713.655","993627403209.745","1285917304398.39","1452070794012.66","1692568132878.2","1773310540781.15","2007835616667.49","2446696064080.61","2955811486441.1","3307814267533.32","2876381436786.95","2768930418715","2692872111405.79","2595650260663.7","2670491060771.67","3733370499031.63","4623754950507.31","5081902137494.02","5185000761247.07","6469175287451.41","6682284342218.15","7341591445727.12","6720720572553.26","7114506394162.01","8264664286518.8","8411038949452.98","7715641347380.69","7932335229221.94","7917776721407.23","7266549524118.69","7370631302288.24","8034982602991.95","9897265918518.13","11421630998488.8","11946995745451.8","12783874533349.1","14756315854877.7","16269148445257","14837486349038.7","14665471367840.1","15913107662633.4","14785019442946.4","15470086887584.5","15824690539250.9","13622186170549.3","14003591845067.2","14875907888903.4","16169521961586.6","15874991232783.2","15505881546208.3","17594895404779.5","17015361925050.7","18647575061903.4","19473849399029.3","",
"Fragile and conflict affected situations","FCS","GNI (current US$)","NY.GNP.MKTP.CD","","","","","","","","","","","","","","","","","","","","","","","","","","","","","","","","","","","","","","","","","","","","","","","","","1444752053160.61","1309856971820.5","1550325357995.52","1606296741116.31","1809713018771.41","1774785745996.89","1746276328678.29","1454786719704.13","1337749633410.35","1418360435526.92","1528177511840.82","1789689497012.84","1597723948241.48","1711537042738.64","1897697491418.19","1766793739065","1638003412160.87","",
"Finland","FIN","GNI (current US$)","NY.GNP.MKTP.CD","5217396533.08516","5910382153.39699","6322366525.32786","6858881469.94741","7729952552.0936","8543922431.88425","9156238574.00187","9301921862.44251","8750964053.53262","9983930924.90932","11456775198.188","12630777209.4345","14848827071.9816","19605448887.5058","25016978099.8897","29588105705.5116","31944142175.7193","33490013280.2125","36260483754.5126","44565365593.0392","53758101689.5123","52250427114.9077","52488127544.0977","50582489325.3629","52510361100.1187","55538689562.548","73280641566.9716","91192506424.9966","108770054015.636","117348709990.301","138866308505.676","124142302602.558","107883182904.168","84958689497.2416","99106013659.6471","130137527233.115","129011131245.146","124965067002.634","131408544726.302","133880705829.344","125182750443.922","129472204503.937","140786471988.236","170601610345.098","198847736527.414","205714058807.782","219019125183.529","257109903025.099","286178128353.906","256628807365.625","252690876683.334","276304509659.534","258595839931.641","271799356725.491","276451713710.195","235269989431.25","239812773203.113","253920697397.647","274973448062.745","267966374462.745","274111075402.335","298982557503.871","282747771533.075","295621005282.358","297779102660.156","",
"Fiji","FJI","GNI (current US$)","NY.GNP.MKTP.CD","108046845.485455","112580279.561768","118121143.432817","122780506.233472","135877093.565042","140914242.538723","146829391.041772","157403953.748601","159166380.396198","173147301.006404","210478046.54362","235940605.63545","305507620.118664","420158292.874554","556352624.862836","668376764.089293","683134290.9498","710128182.769445","823953347.481196","1006357696.086","1184769519.47822","1224744830.20078","1157811311.93234","1094736976.65729","1149797477.73179","1130745418.07319","1281948438.73856","1166836487.76629","1094738991.14705","1163295227.70679","1289546683.52119","1344237230.9323","1482377472.65286","1581878030.19247","1739605566.46461","1931050469.55451","2100762488.42015","2052747328.86557","1597530119.78456","1871625309.3863","1711480415.76135","1638537768.77216","1848095477.61672","2301494697.66343","2708366993.65263","3023749797.46264","2966497227.35675","3285226355.33751","3436092991.15266","2859170936.23766","3042538815.29876","3663323978.54914","3825371293.14434","4108022907.69855","4631708776.08492","4398111344.70808","4658241004.89999","4930366664.65074","5221596259.42569","4894202119.70692","3946653674.36087","3908563226.80069","4713031256.82802","5165046386.31187","5597760437.33192","",
"France","FRA","GNI (current US$)","NY.GNP.MKTP.CD","62338279450.3052","67538306691.1954","75764973529.088","84917701736.2127","94150015418.2542","101677020969.149","110036153113.372","118881434260.468","129390038546.934","141187403185.221","147961025156.49","165590860660.59","202637321196.359","262919416617.56","283507364975.45","358467951659.783","369648593280.524","407574886333.244","503599273255.814","611254702436.016","700083669667.805","613411466505.733","580016568519.812","551670453567.433","522164902799.67","546885092714.265","768711052182.972","934206373458.474","1018346767977.09","1021437898416.62","1262916395614.99","1263271480060.46","1396047955390.33","1321820708825.57","1391492084120.98","1601805493494.55","1613766252083.6","1468098336704.88","1517446853457.86","1517801548273.17","1383910194791.85","1396579393883.03","1509562308747.3","1861428152702.07","2141122589275.53","2231903920271.44","2366538725441.29","2711465172648.91","2993575681093.75","2764751524986.6","2710818281130.01","2950302609642.03","2745373307497.38","2883300435241.97","2925836987341.17","2491911919065.98","2520257665605.77","2641361331529.89","2844433805623.21","2804094343919.21","2701220126016.35","3059214347002.28","2881607679781.53","3127007245215.74","3221122928066.09","",
"Faroe Islands","FRO","GNI (current US$)","NY.GNP.MKTP.CD","","","","","","52148921.2611877","58084836.8499842","59785410.7175329","58853346.6666667","62546640","76079986.6666667","88810422.6552262","107277101.034177","144177188.197372","178608361.088779","207304020.95316","242215689.761415","310534862.120019","354094829.657502","395916428.148638","438968339.276735","396862831.860271","395442272.505467","435757614.659477","412008081.422924","440432819.019908","644049678.951604","822330295.511158","","","","","","","","","","","1138993739.13101","1170487253.87888","1108071314.82502","1190894861.67965","1315120471.74856","1556877519.5733","1790585534.4057","1820604277.86977","2085061860.38894","2407810421.62308","2505310279.39455","2244189232.82372","2362041757.97798","2640968634.56263","2553433108.74313","2836986264.29586","3018921982.08025","2643571024.39139","2915942111.65708","3080225592.02459","3279611960.75329","3360023702.11503","3350503014.91008","3826732505.72951","3704584145.36323","3971274472.1945","4121455738.66828","",
"Micronesia, Fed. Sts.","FSM","GNI (current US$)","NY.GNP.MKTP.CD","","","","","","","","","","","20879304","22871309","26354815","36560933","48397805","48423013","49151690","49668653","56337198","63281534","67393012","80292624","84054794","88610353","88906013","107023831","124944504","130404264","144158659","151718327","170148813","189216300","196288100","218000000","223300000","231018503.350969","226802996.897125","206898767.480929","217192901.071838","223081469.130571","235692547.556821","241433510.833256","241897935.835633","244696261.080731","242374709.216531","254256150.832081","257126234.788766","262374754.242462","265351936.278522","291126806.935781","301201957.061212","316353575.530804","338199077.579294","338302181.662958","339377233.967662","369537157.802073","379735000","408887900","402265100","442208700","421902700","437601900","463956900","485469400","508725099.488675","",
"Gabon","GAB","GNI (current US$)","NY.GNP.MKTP.CD","134793934.565601","159031434.309686","171340070.076283","181392411.64358","196883741.683127","206071196.970138","225497974.818197","246340524.116213","266596980.908756","295429413.846424","307160008.824357","357718213.958571","401940061.91234","665353060.224551","1417920154.33618","2004545689.97013","2830711871.22132","2657932399.59639","2162585097.50201","2668745828.23363","3856028568.4055","3534371856.46669","3304867117.06","3096313731.82783","3337401883.23389","3096404810.91694","3157035405.32188","3038898144.11333","3556845177.2411","3951934805.30737","5336349260.11806","4849228985.02993","4864374321.89295","3745523609.11288","3692804836.61471","4293428248.93532","4930999652.17642","4610325090.5206","3968303617.69824","4094076970.71508","4299812306.95188","4393551523.65287","4854435332.82954","5797168342.66479","6576889565.21156","8624811513.89532","8966977835.36173","10624577435.2236","13406691592.6584","10736261136.2736","12484464818.8341","15711223534.0502","15456970450.5363","15890971279.4193","17256249272.8969","13188718895.9174","12934874984.9426","13985728543.24","15754973543.4626","15511133840.5581","14699413029.3273","18292609303.9008","18909617382.7198","18029913295.2146","19818740311.2343","",
"United Kingdom","GBR","GNI (current US$)","NY.GNP.MKTP.CD","83163813147.2157","88151469164.9981","92864342018.2349","98625228124.0188","107600452985.745","116042084696.716","123157720119.965","127814398547.618","120136422877.741","129464482390.009","142300515958.723","160634344122.658","184232310189.81","209099081332.68","225904366526.414","267875701327.434","257777559748.428","287480532007.675","365584561840.844","472874597628.124","603251887055.543","573864109726.688","545267040531.097","520497215400.94","491087025804.735","514489734342.916","635157921430.666","780273366563.164","950220039131.981","956174491164.922","1121272563920.45","1175206992945.33","1227231165321.17","1103364166166.77","1205201747780.84","1310426547262.11","1380164605304.21","1543394368041.91","1668166652865.19","1687710726419.67","1676194583144.2","1665078451129.98","1811203537170.26","2084736326530.61","2449707067008.42","2577761818181.82","2708929162833.49","3076482593037.21","2906591911764.71","2409087085215.77","2497833113942.78","2686717330409.09","2694499823905.54","2747554033354.85","3030614139153.96","2881766142635.93","2643709003529.2","2670285794450.21","2858000906622.02","2872826661673.5","2666343754706.29","3194746242367.29","3182928064394.96","3363685680515.58","3659245455767.23","",
"Georgia","GEO","GNI (current US$)","NY.GNP.MKTP.CD","","","","","","","","","","","","","","","","","","","","","","","","","","","","","","","7753501867.82635","6357615894.03974","3665594855.30547","2655565567.92367","2469181927.34496","2574158611.24894","3023691442.42347","3637920231.21387","3804197243.23418","2946925859.35312","3094875335.18846","3239462097.99534","3406166805.19658","4000877682.75348","5199165171.11853","6471712910.47761","7906347725.5252","10208931260.9698","12735844839.5215","10723319726.5229","12209869879.0692","15049331839.1101","16722078802.949","17200885802.7475","17737747151.643","14880351881.7349","14744998637.3575","15681941286.4977","17228317459.0649","16841958711.6913","15254265041.6439","17678574249.4334","23246873362.5952","28388158130.5616","31673396498.3043","",
"Ghana","GHA","GNI (current US$)","NY.GNP.MKTP.CD","1203222844.16684","1283064173.75649","1368508403.66823","1515584537.12285","1714487498.55671","2026849191.51272","2106690521.10237","1710013439.69239","1615921697.1121","1914004340.2687","2170904512.9892","2372633779.70088","2085279937.86092","2984437156.69186","2875155279.50311","2787765957.44681","2744915254.23729","3178000000","3654101221.64049","4006125356.12536","4426348547.71784","4209534883.72093","4025490196.07843","4021119929.45326","4364497716.89498","4424934348.7395","5609174517.72095","4936761904.7619","5066594145.56962","5133992959.05132","5776698552.85749","6481391616.57101","6309868375.87272","5856561483.55968","5335320400.13394","6331269910.10224","6789337010.1561","6757641262.52466","7330205566.56256","7554233938.26202","4835892490.44353","5206791380.76657","6036760316.85337","7467744391.78369","8683237149.73402","10613426954.4381","20312808010.4294","24686774020.2591","28562727613.9792","25954434872.8475","31663500964.6968","38113676481.7098","39175664473.0821","61094646952.9481","51821257450.5724","47950418120.3816","53941410700.6894","57411757415.1352","64232106057.9047","65541778381.7027","70741306019.083","77078404948.5692","72650800559.4555","75413091245.888","79228944220.6348","",
"Gibraltar","GIB","GNI (current US$)","NY.GNP.MKTP.CD","","","","","","","","","","","","","","","","","","","","","","","","","","","","","","","","","","","","","","","","","","","","","","","","","","","","","","","","","","","","","","","","","","",
"Guinea","GIN","GNI (current US$)","NY.GNP.MKTP.CD","","","","","","","","","","","2964994593.43731","3309424027.06532","3869940293.73502","4743734476.464","5240324602.86095","5619073539.52073","6226774254.90099","6366358139.66225","7446318652.61922","8173509737.91665","8974030447.4278","8881878721.3667","10980793631.0912","13930721781.6927","16961437913.4298","20981531155.0329","2751703077.58976","2852514020.23564","3345280300.14969","3376179268.74168","3739413147.29391","4230269469.5654","4648220625.07972","4697865273.74527","4859603136.42492","5305081601.63565","5552338373.37924","5406000745.34921","5112508058.43236","4967846776.38767","4294334992.26033","4038460900.7743","4268977939.98134","4779716483.2787","5031887403.68048","4003333584.14007","4179199242.72882","6218767649.95286","6872979187.76121","6548704517.07605","6776357145.53601","6651747203.33222","7516064556.84534","7971453539.25905","8566213820.86128","8650895056.71164","8493617258.44898","10274041364.5995","11675180326.704","13328776519.4144","13942249439.3847","16378939819.7924","19564303529.3781","20475955856.709","22639394653.0943","",
"Gambia, The","GMB","GNI (current US$)","NY.GNP.MKTP.CD","","","","","","","44212081.3502297","46695006.9579374","41160065.8561054","45168072.2689156","52296083.6737339","54456540.8902374","57541448.6244918","73888293.3262062","94697143.7121514","114774640.440166","113263134.341837","139726273.528479","171226923.71311","204440970.633589","236983456.547799","215056402.216896","209615419.89334","199673384.307818","178390890.995626","250976354.139862","214200781.490637","250476591.654416","271922343.000732","267268057.856029","291575356.339999","670170972.849288","695656931.455201","736113086.308628","728461763.48819","770635894.95891","832135831.428107","779879662.754541","814984158.75074","785844546.055442","752679610.169989","656185817.724281","545287414.665005","464320905.186827","941272173.640013","1005255706.8864","1029030979.95865","1253850057.60966","1536177633.28354","1422149144.42872","1513388694.69798","1377826167.82841","1385745350.56654","1345939442.48817","1200491695.26956","1345126615.38757","1456754210.86823","1476610319.28467","1641472104.63513","1783609669.12913","1785259979.96958","1963778533.68402","2173540427.1129","2353862184.68273","2373212188.92772","",
"Guinea-Bissau","GNB","GNI (current US$)","NY.GNP.MKTP.CD","","","","","","","","","","","204670550.76064","204167296.856603","227986203.29754","232331281.355932","256769730.263158","285763191.890462","284775172.67995","293083080.167268","312243841.498559","306443233.3219","281753804.376875","400578137.878788","422484021.616831","420425177.476561","355280490.243478","368059151.229841","322024232.480254","433993374.982326","407614321.528126","526022302.83731","611907269.229065","635560889.594804","560529270.986055","586799519.297101","586232084.605976","639105402.081937","684315147.444824","683807222.456072","576934093.977427","565065759.232066","378914658.543747","400600588.456523","458016030.736574","544783077.37824","572534887.072207","630958446.646772","625948305.273119","743262998.032245","937967379.917797","879057739.236128","937792524.96667","1138565679.34057","1016379261.16589","1101660822.48323","1172586039.98851","1177955665.04504","1262696604.04753","1484360824.18744","1502990770.71439","1622758136.99375","1730198871.66993","1925074142.02109","1868845328.46728","2139698804.79533","2235726751.68993","",
"Equatorial Guinea","GNQ","GNI (current US$)","NY.GNP.MKTP.CD","","","37253333.3333333","44266666.6666667","51915000","64748333.3333333","69110000","72317446.9327193","67514285.7142857","67225714.2857143","66861428.5714286","65370165.1096172","65254936.1298253","81407483.6937865","94523896.1984503","104698033.340882","104052135.180784","104386403.72818","","","48799934.0142818","30146793.5871743","34544821.1359913","40537010.0397406","47262783.9636726","57918192.3349422","70825307.6736457","88040840.7679862","93504448.6534264","81007248.3412101","119604666.615942","121228255.703585","149786398.93723","148550072.359667","92353433.1921429","118007509.453711","187443199.32172","387373533.453114","290375985.054033","520234190.694773","675806916.325726","587616433.65253","821380430.543874","924205363.796268","1481460300.58029","4173013694.85662","7939532609.24236","10450746473.5717","14636832123.2464","9938850407.13803","9578455863.33821","13819219548.0269","14844232072.191","15003861970.1399","14796386735.7675","9945017697.70462","8709938327.70214","8983531110.24715","10026980386.2895","8329916826.1239","7454529303.0535","9147762583.37738","8930191429.27927","8681962205.66555","8957199403.28702","",
"Greece","GRC","GNI (current US$)","NY.GNP.MKTP.CD","4596155137.29748","5192795346.04401","5518254328.82885","6164023441.23011","6923196165.33921","7869152662.89429","8752848397.70419","9459010249.46487","10268876175.0868","11660334900.2461","13085241106.9989","14612877095.4194","16901908443.7755","22371722093.2862","25615367693.2734","28687085035.0403","31423488349.1336","36525894217.7582","44489342502.932","54835841760.9584","57417543888.096","52652014602.8156","55038620412.3015","49611303302.0321","47695529161.7748","47365046624.0424","55520677645.8386","65036823222.7846","75372306308.0665","78378075823.6897","98172435464.6913","105881965317.848","117403995032.405","109556531132.828","117444287435.858","137902599907.644","145358994701.965","141847600037.769","142433335664.981","138379069938.529","128927715447.894","134816480967.217","151679026440.883","198069061047.366","233744440467.391","243685283166.972","263515930278.127","305544230540.804","340013714479.228","318947478152.419","289846288282.051","275386687772.685","239434391187.471","234769409708.974","233457893189.216","193071368629.102","190914452633.023","198028954138.246","209338528374.312","204266438916.706","189429322927.353","216745650348.907","215111792771.511","236071558575.008","248952049480.947","",
"Grenada","GRD","GNI (current US$)","NY.GNP.MKTP.CD","","","","","","","","","","","","","","","","","","70198198.8888889","86840904.8148148","100577695.555556","108715271.851852","110763030","120139293.703704","127285033.703704","140644421.851852","162487714.444444","182037670.740741","208368828.888889","230083449.62963","257794308.888889","266224688.888889","293872703.703704","304823407.407407","301338111.111111","316297000","328728074.074074","351511444.444444","375246148.148148","422659148.148148","455709370.37037","486296222.222222","478999740.740741","492740296.296296","540525814.814815","533925222.222222","667273407.407407","669815814.814815","717591481.481481","783264333.333333","708231333.333333","731135629.62963","746883222.222222","765599962.962963","816932777.777778","828796296.296296","880607407.407407","965140740.740741","1005085185.18519","1053114814.81481","1092085185.18519","971911111.111111","1023422222.22222","1138607407.40741","1197618518.51852","1239018518.51852","",
"Greenland","GRL","GNI (current US$)","NY.GNP.MKTP.CD","","","","","","","","","","","62671693.3333333","79751985.4334667","95649384.1387008","126347367.551037","153180429.539451","190386481.500818","217060524.977151","254463691.982532","320919536.686538","379208501.569486","428499796.484776","395459057.493458","375400152.800344","379333300.674293","351563525.916634","384564859.435174","553578597.037298","728913586.899554","831758034.026465","868241868.354725","946262441.10502","946148634.134704","963365121.345073","865523256.77339","950860868.679322","1159866891.9762","1163024913.29049","1041871862.63099","1120011007.59652","1102886368.58824","1043282168.42357","1057094010.35731","1138483294.01166","1389716824.13502","1599884628.03809","1662189360.85417","1657465000.37499","2042179704.57966","","","","","","","","","","","","","","","","","","",
"Guatemala","GTM","GNI (current US$)","NY.GNP.MKTP.CD","1033200000","1064300000","1131700000","1248599900","1282100000","1319699900","1374500000","1434100000","1579100000","1679699900","1865800000","1942900000","2055700000","2523300100","3113499900","3579900000","4321300200","5454200200","6053100200","6905300200","7834600000","8521800300","8603399700","8937300400","9263400100","9551552086.95652","7017563515.98174","6905099840","7665302824.42748","8231324360.79545","7454495012.883","9303334738.55013","10299782405.6256","11281616516.9839","12853233333.3507","14496304426.3931","15444935612.0305","17551326219.9647","19211791989.8661","18113912244.594","19079327925.655","18320789484.8353","20125833974.7114","21258490637.0814","23167197881.9344","26298392089.3315","29063849606.8006","32725151264.6964","37869720191.5125","36396848186.4057","39642878334.4674","45572706218.2146","48568929273.3039","51760240817.7157","56334603910.6685","60699518329.313","64627692558.5041","70152066137.1849","71826214107.5505","75767939446.2405","76315644467.1799","84318622688.6988","93567262737.2086","102436983319.914","111608239580.705","",
"Guam","GUM","GNI (current US$)","NY.GNP.MKTP.CD","","","","","","","","","","","","","","","","","","","","","","","","","","","","","","","","","","","","","","","","","","","","","","","","","","","","","","","","","","","","","","","","","","",
"Guyana","GUY","GNI (current US$)","NY.GNP.MKTP.CD","156274959.312602","173074858.979519","174008598.311838","159716675.708311","178033296.583425","198529411.764706","209470588.235294","231352941.176471","208750000","228800000","246550000","264050000","274809523.809524","291952380.952381","411545454.545455","481041666.666667","430120000","423000000","481240000","499599960","561200040","507857142.857143","420333300","419666700","364473657.894737","384883744.186047","416744186.046512","262448979.591837","319100010","256286757.352941","289265807.594937","213533094.812165","263261390.88729","362611367.127496","457932056.399132","535690166.197183","653276371.794872","675683469.217211","661358372.697135","626125003.651726","668697606.753275","660857086.835611","671139695.277057","700124649.823557","755942664.800877","804427767.354597","2310819139.49501","2719807884.45604","3010394913.58716","3148777420.44619","3445692394.42255","3682055317.31347","4087055581.43303","4196300929.03271","4154360152.00778","4304540193.7046","4436690887.65133","4665466504.11622","4688671632.69089","5090626464.26858","5365305654.19664","6440064311.7506","8913523921.34293","13492453597.1223","16087699832.1343","",
"High income","HIC","GNI (current US$)","NY.GNP.MKTP.CD","1103825689453.02","1175840052319.35","1272440262492.13","1367884287196.31","1494912097913.12","1625069495890.72","1776039082951.85","1895745922126.14","2052661346480.42","2260971976705.28","2480868498731.01","2752962103248.44","3201544451397.28","3885141772288.75","4390287870379.11","4899213206006.57","5326433346168.27","6028270648120.23","7237063976388.53","8356834641321.06","9326199062308.47","9459072290246.41","9393172300509.07","9655316169895.71","10081693244040.3","10566311797245.7","12808430942439.8","14893905749311","16829806134168.9","17460396122728.3","19527334523290.8","20586490870048.2","22036649502809.2","22203343250717.8","23756465424053.1","26341665690197.4","26600786759587.8","26234202726082.9","26256992001919.8","27497215312855.3","28235848693533.2","28029289545980.4","29169935986901.3","32714258471298.7","36603343400139.9","38914049327176.2","41424525828367.5","45300676043185.2","48273719512831.2","45043520209590","47714986125981.1","52055002539975","52355065011567.4","52992171614410.3","54016460838036.8","50360230083687.2","51242716030283.6","53921996501515.6","57316746354775.6","57924826074998.5","56299501891344","63435705189405.7","65700708728905.2","68710141811193.6","71780362070081.3","",
"Hong Kong SAR, China","HKG","GNI (current US$)","NY.GNP.MKTP.CD","1326777144.66016","1524701937.71113","1722157114.22102","1973143732.13557","2264982980.06607","2428621308.90052","2482523038.30128","2684993527.6207","2708090220.37436","3179237330.9702","3786784679.15714","4456709506.95365","5675524287.60363","7983289866.89984","9336027786.88138","9984869407.66138","12796851757.4621","15612611904.7619","18210090427.0094","22370468072.3302","28495505340.2445","30549262532.7566","31711800573.2204","29272968329.5649","32808006472.2435","34868914276.5459","40054808451.7218","49304396986.5034","58291312554.4453","67162381368.93","74784040527.6164","86024663554.3928","100681689673.762","121026559989.079","136102904385.206","145920678484.14","158338218527.605","177209673417.348","172186399216.147","169139284563.326","173048017068.56","173309184164.129","167424656526.028","165524127524.32","172692218798.151","182529023766.888","198107245611.485","218366355753.064","232186050477.774","220467249330.796","233477797555.388","255300102774.923","266426366710.299","280921093347.086","297470635792.782","315110265423.937","328924087732.294","356100574860.134","378930152452.638","381415346793.49","365064198422.111","394520310037.629","382400528537.811","413320734961.236","445409326416.903","",
"Honduras","HND","GNI (current US$)","NY.GNP.MKTP.CD","484150050","502300000","528149950","547500000","584100000","637950000","676650000","729750000","792350000","825800000","881800000","933950000","1003145485.84531","1095299452.35027","1229500000","1301050000","1531300000","1831700000","2300150000","2649900000","3021400000","3342300000","3405000000","3671550000","3843400000","4136300000","4496100000","4787300000","4648025751.07296","4120724137.93103","3458195525.29183","3417439389.09474","3784717801.34233","3960843142.37044","3886495338.21711","4408292179.35349","4539612246.62162","5355346007.60456","5953619793.20532","6231341742.16028","6963911560.32849","7392750128.01398","7559838263.02736","7863763890.51209","8414113886.94777","9300016960.18477","10385040482.2217","11961254505.1363","13474643507.3915","14298648856.0526","15110478377.9922","16768716965.8081","17246974067.0948","17196025367.0829","18168820189.9466","19549522844.999","20198525790.5205","21719792887.0182","22171632459.6925","22943003660.8873","21695036274.8888","25771440693.9684","28919559906.2545","31757280315.4195","34191018110.9276","",
"Heavily indebted poor countries (HIPC)","HPC","GNI (current US$)","NY.GNP.MKTP.CD","21392813624.1968","21982736021.1946","24020284055.4031","28793879393.3017","26484330653.4879","30418972663.1224","33510348860.3391","33105197669.8943","35125278092.2576","38619577232.309","37685041518.0593","40574393546.7796","44609662994.4247","54458467913.1081","63605695727.1125","71489969216.2776","76111952091.1727","88119841616.1815","103126882565.024","113046570670.957","122546339214.102","123202225898.319","124840594938.381","123611199687.175","125752806252.284","131745147583.892","122739186648.868","129956750563.034","135637234805.378","137404620126.924","156608728170.675","165664049770.295","129228985150.857","134664848509.727","115353261256.714","134217435445.502","142413931143.74","150199309587.93","155566115064.894","156845316415.548","169921408229.335","163285391359.161","177672318850.548","201946783602.862","234178778977.638","272893382316.747","321345374011.395","384770592980.229","458879750009.518","457681111608.525","495183400100.028","546487861812.386","570239734197.016","636277491858.442","688007486723.884","659872823206.201","663608876708.104","716186526164.257","771676268654.309","790797828842.215","800906207821.318","898837696888.01","968626336522.525","1026660676682.91","1103516754728.18","",
"Croatia","HRV","GNI (current US$)","NY.GNP.MKTP.CD","","","","","","","","","","","","","","","","","","","","","","","","","","","","","","","","","","","","","","","","23276620922.5142","21731074977.8336","22585036943.4966","26299468478.4356","34080129115.1641","41111595015.9406","43919252196.4583","48277923538.9839","57898015105.645","66177364826.1073","59974789001.7282","56937322057.8059","60848416391.6307","55629973494.5672","58728643810.055","58738299573.9503","50915620537.7302","51683795648.5548","56012164380.3428","61012595483.8557","61265738937.102","58904373371.6504","68663023004.6965","70917742516.332","85330137444.0022","93330321808.3005","",
"Haiti","HTI","GNI (current US$)","NY.GNP.MKTP.CD","","","","","","","","","","","","","","","","","","","","","1369500000","1466340000","1460180000","1609400011.4","1798140000","1989600359","2302663017.6","2026299377.6","2586801863.2","2710665629.6","3078089800","3455562513.65492","2245229746.60621","1867653740.56889","2165766563.82148","2821007618.87658","2920421248.79461","3349916078.03617","3732006549.65368","4158172848.83314","6804376770.03509","6322499953.52315","6192177356.49218","5057669422.01876","6075024582.38175","6995113340.93662","7645355507.78555","9230842350.19816","10438508738.9021","11609798908.3376","11881595333.3012","13046543752.3463","13763468551.0579","14934015430.1222","15195978881.0564","14890262233.9364","14117174028.1575","15151864668.1994","16454143146.8647","15065747025.9284","14536821917.3148","20967802048.2681","20277253097.7066","19854894909.1476","25227774904.5969","",
"Hungary","HUN","GNI (current US$)","NY.GNP.MKTP.CD","","","","","","","","","4918192814.7254","5465339322.14375","5754712437.49712","6264493144.66356","7355156779.02146","9107796706.75308","9964291138.755","11315577737.1394","13208577983.3423","14699454918.4609","17121823934.0692","19690511551.723","22860327393.1553","22992412605.5183","23141641756.0069","21255837537.3791","20489344058.2611","20741167415.3114","23899884758.5763","26331998532.576","28847333467.5056","29158072161.7043","33176420502.0285","33671845575.1561","37787718839.536","39274505526.7789","42079791527.344","44540829269.3015","44663224511.2407","44527229422.2578","45800658936.0066","46007477256.6075","44557089962.6904","50713462192.9404","63834143904.9295","80503154832.2007","97723656914.2246","106065331379.254","108494557726.128","129543321254.421","147956578602.583","125207038390.999","125836807155.767","135123896446.246","123305496344.285","131906689912.604","134985090390.582","119367968281.528","125685290739.666","137733213895.3","155170472530.794","160994997591.688","155041035076.137","177857358928.331","172173184080.159","206916918806.909","218298775149.318","",
"IBRD only","IBD","GNI (current US$)","NY.GNP.MKTP.CD","307039208874.134","309680035895.819","316728660702.072","347526362290.66","395119724733.034","432214657993.906","441359425580.153","452314352318.282","479173539091.128","536469302395.556","583005182304.202","638253589763.001","720616183427.969","928290252907.778","1178008779868.93","1272799725078.55","1384692133536.14","1568493814259.54","1731806778966.56","2024617456215.68","2379505676603.12","2554277873492.63","2501760968995.02","2479894711652.28","2574542714291.2","2663595493430.83","2751212960200.21","2824244144349.24","3038688268737","3196571816153.55","3564237026628.31","3469284383695.15","3626624596301.09","3868846701065.93","4263614878026.96","4906438564303.89","5354265902254.78","5679479104055.14","5449905434777.32","5303180489169.98","5769245679322.47","5860333097775.77","5962767722399.13","6691582372558.94","7962730047040.95","9494182862631.7","11293053567031","14070515517089.6","16899278507376","16395137738359.4","19883133036940.1","23491314015127.9","25035090275914","26302450201876.2","27176075892115.7","25591701529146.8","25774746528638.3","28484569665416.6","30280559884159.9","30944874307603","29772579904926.5","35315348987421.1","37326132294882.7","38669795141823.5","40338033720841.8","",
"IDA & IBRD total","IBT","GNI (current US$)","NY.GNP.MKTP.CD","351891173398.145","356171520348.196","366592575431.268","403763043061.953","450504926070.746","495725178977.716","510139489031.98","523286343410.448","554492825283.008","619700414926.124","668838957418.417","731042972453.868","820610851799.558","1042631884906.48","1321219458403.19","1443209201038.41","1551848433371.29","1755636991574.98","1950925279727.1","2268103040863.26","2655090820727.46","2844813939986.17","2797037680158.5","2770809525155.44","2873198723782.86","2974082152242.59","3051035727446.93","3137780142823.88","3373234863972.25","3540328606814.21","3944323970199.02","3865787627273.8","3995502855709.7","4256959457438.69","4649344563506.14","5327056301689.75","5805952916011.93","6147277734911.67","5919677620090.36","5779444100715.58","6310466080316.09","6392372814514.86","6515383579883.45","7317914356738.78","8686504903975.77","10325873280813.1","12259465979964.1","15224722754957.6","18271735543526.4","17736495203559.4","21427183643277.1","25236604227708.3","26889982190024.8","28314430610045.8","29362246915206.9","27725340244192.2","27906654781134.5","30721129063094.7","32659914494876.3","33614280046236.2","32373349741962.7","38151847628033.2","40360332653050.8","41557860581746.6","43188936277752.1","",
"IDA total","IDA","GNI (current US$)","NY.GNP.MKTP.CD","","","","","","","","","","","","","","","","","","","","","297319120956.686","313405357067.446","318801082894.231","314046512129.802","322317464092.232","335113258322.629","323146625996.023","338061350800.926","360651178314.552","368341721063.951","406184174822.728","430361478341.626","390899976077.083","410031708350.93","397349231027.512","427041702563.848","456511128327.201","469534798942.763","477800645203.693","489907080113.997","563225412991.9","549069823805.382","573329510576.177","651430392814.753","747174448268.371","850196352041.346","981561004978.825","1158101913215.54","1372992851353.31","1341922405946.66","1544356866875.99","1745290212580.42","1854891914110.72","2011980408169.6","2186171023091.19","2133638715045.4","2131908252496.13","2236559397678.04","2379354610716.39","2669405738633.21","2600769837036.13","2836498640612.06","3034200358168.05","2888065439923.05","2850902556910.27","",
"IDA blend","IDB","GNI (current US$)","NY.GNP.MKTP.CD","","","","","","","","","","","","","","","","","","","","","","","","","","","","","","","","","","","","","","","","","","","","","","","","","683552291342.078","634583605131.494","740818876715.748","844747918816.076","940466282819.874","1021608981344.78","1133121431558.02","1078890440493.46","1018778836346.05","1043296291446.94","1102660836787.02","1331796322908.62","1242793834788.99","1346909832520.44","1428836884163.05","1245518841028.52","1091306038444.61","",
"Indonesia","IDN","GNI (current US$)","NY.GNP.MKTP.CD","","","","","","","","5603578208.92112","6979263887.7665","8230061349.69325","9013698630.13699","9163997460.39356","10612048192.7711","15681204819.2771","24580481927.7108","29124819277.1084","36227710843.3735","44173975903.6145","49495081085.7165","49017751256.7578","69275428145.1926","82471348574.279","87198907626.5934","77357300691.1411","80790889103.3223","81748996020.0976","76685219775.7392","72266266225.258","80194046348.4062","89890113722.9717","100922880842.599","111033528397.059","121895296366.359","151992326577.915","172149161170.89","196187841493.025","221276437689.451","209439956603.811","90063497246.2849","129337748220.438","154077737575.381","154497031123.037","189806032770.414","225746848643.873","245051229786.884","271957843285.474","349037816637.375","414441364730.336","492096264957.834","520694549000.656","734988311294.588","868239118620.982","891961469646.657","885249528973.057","860946502333.067","832298853324.924","902045435913.47","983437956196.751","1011212626753.14","1085078650166.28","1029975056927.45","1154297486861.71","1283471297572.5","1334920572755.07","1359439626672.22","",
"IDA only","IDX","GNI (current US$)","NY.GNP.MKTP.CD","","","","","","","","","","","","","","72485824913.9008","90577234461.4652","107638283336.681","101426697420.218","112038476002.484","129831160059.071","141928927772.022","158818715925.509","165736996229.106","168316082422.499","169044655039.779","172025493604.466","181546928174.912","163270996678.482","168394203024.836","178605786549.5","184883766086.441","211321939546.723","224672932313.233","191386928022.34","201017629294.228","198740730964.364","206390481655.226","218725721326.182","228812099728.657","236187751650.178","242797251949.021","268065118956.373","262020292394.597","278312155008.4","313167706255.31","356262248277.11","410269971130.384","476015418743.747","568518709378.513","689258415770.816","707481891978.907","803601964834.352","900542293764.341","914425631290.848","990371426824.82","1053049591533.17","1054748274551.94","1113129416150.08","1193263106231.1","1276693773929.37","1337609415724.6","1357976002247.14","1489588808091.62","1605363474005","1642546598894.53","1759596518465.66","",
"Isle of Man","IMN","GNI (current US$)","NY.GNP.MKTP.CD","","","","","","","","","","","94072474.2020638","95887077.1477245","118381618.381618","146741793.238609","158251519.40159","183628318.584071","192452830.188679","211582068.724926","257526366.251198","344345616.264295","444573553.334883","410369774.919614","349406009.783368","340760951.947855","308008778.930567","310994609.856263","424444444.444444","555082529.825135","702349697.616507","737550719.895288","903671875","968795414.462081","1006342576.34258","875577384.523095","931326905.417814","1026944926.62143","1112156006.24025","1312043222.00393","1502035442.1994","1669273580.32681","1666787713.72371","1741652511.87563","1963523681.05516","2340667755.10204","2918009886.48847","3152529645.56235","3578576856.48415","4369438463.93956","4356926719.68469","3833228179.87939","5981932355.65431","6691838863.33377","6817825532.70136","7202019507.20772","7655177463.6763","6826496268.40019","6105448845.17859","6365336425.65996","7111610978.58397","6961139582.22977","6534625641.02564","6828337218.81813","6503785273.54795","","","",
"India","IND","GNI (current US$)","NY.GNP.MKTP.CD","36878683724.9837","39026635578.2356","41934681631.2816","48186723223.9232","56175789636.4896","59211704884.6049","45254695256.0107","49790942204","52745455870.6667","58086661684","62043816388","66960356998.0141","71074037112.0029","85104333308.8721","99161732540.1252","98179147059.2348","102455777820.366","121214526178.423","137112216857.771","153184888029.024","186765694126.304","193536164464.102","200057147722.277","217346717498.831","210959681010.072","231343824754.848","247574348946.154","277014075282.415","293483983654.525","292602575946.815","316775332518.038","265995400854.861","283798978165.926","275444141432.969","323107987156.158","356252288641.836","389211880588.551","412313850436.229","417792779082.3","455260118903.94","463419538385.564","481232454354.65","511491219784.627","603194284371.778","704172929910.938","814484973025.502","932915277251.682","1211641639990.71","1191736971828.07","1333878515185.91","1657660502177.3","1807020595447.34","1806177396650.21","1833600950822.72","2015014420953","2079182865637.81","2268496715258.31","2622801076651.03","2673994276922.32","2808367623254.15","2638922006729.05","3129982849042.07","3300028288219.33","3588703952276.07","3853338936324.29","",
"Not classified","INX","GNI (current US$)","NY.GNP.MKTP.CD","","","","","","","","","","","","","","","","","","","","","","","","","","","","","","","","","","","","","","","","","","","","","","","","","","","","","","","","","","","","","","","","","","",
"Ireland","IRL","GNI (current US$)","NY.GNP.MKTP.CD","2148293975.43606","2314989801.31081","2502048289.71561","2685922694.75313","3051450455.65288","3267130626.71665","3430618646.99267","3693215109.70889","3632633925.46159","4172656920.53489","4689673029.67303","5422203909.54389","6712069236.8214","7880248890.6039","8333004971.46014","9954970383.27526","9835499575.43164","11569635939.0026","14839601328.9037","18521067053.5139","21930124615.6336","20709766763.8484","20955220210.1498","20028883233.826","18975880143.4181","19837118347.6305","26985269181.8567","31953223314.6067","35152683863.2274","36084016073.2225","45844603360.6878","46482886297.3761","51544038590.3792","48530386091.406","53106473498.2332","63228535353.5353","69681199596.7742","74854345749.7612","80793989009.7566","86255158364.3071","87356264075.3147","93407453250.5072","107815207856.415","141965782782.433","167774483219.72","183494835455.801","203609185934.329","233496355355.794","238433636292.015","197524076527.478","186354043029.834","196529152991.975","183776573763.854","204648875932.735","224954564861.563","234700143610.625","248782924535.334","273266801596.073","299883857691.386","306843905042.156","318339567773.399","378406812399.506","374797543571.11","422771233581.904","457660009009.536","",
"Iran, Islamic Rep.","IRN","GNI (current US$)","NY.GNP.MKTP.CD","4093075124.24898","4313643834.82048","4565302320.1937","4785082170.16758","5216962024.97138","5993381748.94252","6584086843.49863","7309849490.95842","8293989175.57826","9349707047.12636","10523103067.1531","13203002005.1624","16621895137.9211","26443577156.3093","46045623157.1948","51798709663.8918","67585867366.6298","79729688496.5987","76845583368.4839","91207569320.7394","95239665758.7769","101391532103.219","126382725397.107","157001302858.575","162696317315.736","180268653829.936","209246611605.201","133943681912.511","122974037113.137","120425532551.041","124760662244.786","131870800525.959","119833825760","63762182225.9459","71515503050.0257","95928399194.4797","119853962532.146","113672090947.688","110199295558.391","114121597496.788","109789552703.629","127176778522.444","128988619776.275","152195905962.883","187449971247.666","224563236003.824","265713611634.203","350690291832.418","407406249553.875","413937394949.063","487148670463.768","629549226632.111","648228253786.387","503591523606.15","464664338145.23","409496710332.525","478984282622.154","511236403234.717","413890240211.002","348415927788.428","280996084096.842","407242647996.189","421790944317.206","456615343949.896","474044355203.31","",
"Iraq","IRQ","GNI (current US$)","NY.GNP.MKTP.CD","1947636649.74534","2118307241.0771","2260477327.00907","2288004521.99819","2706743192.50272","2959346214.26151","3205795972.48161","3232676502.1294","3669874137.25035","3821436615.02535","4153383748.2465","4793631606.78925","6194896948.03244","7497724460.21789","15031498929.9018","18615108242.4653","22418642868.2696","26979627704.0298","32040365404.6732","45760683867.2536","54149000000","36486333333.3333","39966000000","38809354838.7097","45420645161.2903","46129032258.0645","45030967741.9355","54500967741.9355","60425161290.3226","63560000000","177707096774.194","401547550.432277","547518518.518518","1031899964.70852","3991350245.49918","12890451788.0871","10429801145.9387","20493266653.826","20342220550.1716","36235417839.3708","48059388965.9424","35918504942.9525","31771954672.4246","21559869478.8163","36684469269.4028","50567404667.8343","66042851918.0127","90320057319.5099","135100234153.508","114752680326.348","140109922649.573","185512264444.444","219061676129.458","233577245128.645","227112056174.957","165257898274.117","165182357747.671","185776960050.676","225613469034.031","232469897800.338","179091897516.876","207627745713.103","286426032137.931","269854351643.549","280972257615.385","",
"Iceland","ISL","GNI (current US$)","NY.GNP.MKTP.CD","259152711.173638","265096465.724359","297867985.516359","355871513.369782","454960865.331506","547626253.443895","658069868.147953","649157235.197114","493961032.339814","430907460.200542","541618948.933085","690489268.69655","861954468.152054","1185957401.52883","1554400399.29539","1428393266.61027","1692406934.82205","2247950525.99424","2547130659.3812","2891574749.70601","3422860690.52795","3511472607.69952","3204323408.01393","2742614606.7371","2823446915.70791","2958357344.02381","3982623890.53333","5568598145.01551","6145517879.40443","5650184295.28363","6453880188.27237","6944456127.08802","7145079253.04578","6263475028.08586","6391739710.43362","6896897128.998","7217037593.98496","7361979456.81715","8278707353.4738","8768098010.23843","8740536277.60252","7974300125.43033","9278760921.95541","11234405350.0893","13219483215.2519","16184415473.066","16416030208.0365","20655358676.1377","14738976143.8306","10996203444.8844","11655447395.2346","13450225651.4506","13461900235.8385","16010321394.1878","17641035407.3781","17486094485.2184","21200175322.7839","24848957647.0047","26701147667.6892","25374511608.1548","22344976766.2471","25810153699.469","28469543095.6234","32028037113.6976","33386219955.984","",
"Israel","ISR","GNI (current US$)","NY.GNP.MKTP.CD","3043561384.53218","3676410221.74148","2940343248.60285","3505099513.2504","3989008112.49323","4291205696.77303","4655412655.48947","4698583738.958","5388928610.0595","6201329908.0584","7256666666.66667","6965000000","9062500000","11700000000","16840000000","15620000000","15462500000","17795000000","17122941176.4706","21950000000","24430000000","26083421052.6316","28188106995.8848","31419661921.7082","28659113233.2879","26898294172.5337","33838069633.0152","41004645052.0507","50662764400.5254","50707909100.3966","60455793076.0837","69887979904.3482","78003761132.1215","78366694463.0932","88915577031.6496","103843367316.441","113410511326.252","117372159795.907","118538622930.975","118422226489.842","130552041301.842","132215726276.244","123471835662.122","129048995630.311","138048485274.431","148150281213.094","160262468468.064","186660103940.995","219876430323.3","211169929303.461","238181202869.77","267725533097.622","260078188150.714","295808919732.928","316302589908.956","303903607563.998","322203178697.588","360060628227.813","379545369225.599","402159753203.45","410363892794.404","485993619667.215","524722900690.611","509255552436.57","535825375621.628","",
"Italy","ITA","GNI (current US$)","NY.GNP.MKTP.CD","42311098524.3505","46956313971.8877","52733473655.7162","60392757599.1646","66147858718.1246","71298213757.4107","77322697849.1707","85093716461.5463","92285842759.2323","101949529326.922","114631936183.395","126051741573.034","146932055112.882","177081132514.115","200187782077.999","228755599051.008","225594484763.899","258899394338.381","316740704996.578","396823999067.816","481376165498.53","431145123488.333","427267145311.382","443645243498.215","438403465946.661","452178767873.441","638578095856.605","805103924409.919","891284299315.68","926239266158.623","1169477070135.75","1231312272514.44","1301822507462.69","1052355905008","1084678976945.24","1163113990253.18","1302076923076.92","1239303433378.81","1265748410839.75","1252564534708.92","1145283717040.79","1168466314857.76","1276050986090.04","1575323980945.92","1809820029198.65","1867901892338.05","1966276923518.47","2224228571665.03","2395204407503.59","2207916444092.23","2140256474701.67","2301054034587.55","2095278205218.4","2149524116966.16","2173256836486.62","1832663768740.19","1892222866752.03","1981352334136.47","2122050545321.41","2035704840034.51","1931759614571.06","2203378254572.83","2123551136222.19","2305486049413.57","2374544023383.44","",
"Jamaica","JAM","GNI (current US$)","NY.GNP.MKTP.CD","683299966.680013","728954788.418085","744173062.330775","808089756.764097","876571989.371204","949619620.152152","1022699590.92016","1071793009.45724","1025279179.77666","1129799096.16072","1343640537.45621","1450644931.20814","1842310999.92182","1875554078.01418","2431992431.99243","2882112992.11299","2892842856.04286","3156233139.73314","2502027788.27362","2258064197.3098","2467379371.51261","2816827966.45373","3118296311.93093","3464376353.69112","2107227326.54223","1818468420.58678","2473873562.04543","2943747858.21702","3493142810.10991","4054837979.45982","4162207448.33154","3667407644.92866","3241559448.26505","5244175677.54439","5100558944.49161","6206820647.71454","7169191917.64083","8108141726.86176","8479095622.43502","8554557999.98755","8655164475.62794","8756927829.98614","9113709498.82582","8858834812.58008","9592121830.73735","10567650122.5138","11314546940.6435","12138005200.6469","13141139947.8887","11452543825.4573","12725932639.2705","13926261521.2056","14607386559.5779","13930605096.5238","13600817725.6498","14523589885.498","14303999953.8911","15362583374.854","16259448023.2202","16584769319.206","14545814321.6856","15545285398.2968","18460116844.5018","21129704304.507","21664597163.5571","",
"Jordan","JOR","GNI (current US$)","NY.GNP.MKTP.CD","","","","","","608159756.736097","669759732.096107","643719742.512103","575959769.616092","717639712.944115","658279736.688105","692999722.800111","799959680.016128","963870822.440203","1225736746.02288","1405601140.74148","1714545624.32414","2121074993.84998","2630153619.6319","3308131973.5094","3945706805.40404","4470553788.51386","4773865222.47313","4966326887.53687","4906589936.66524","4904904149.50903","6252050484.90425","6535530152.83978","5969978786.6158","4026664357.71769","3945065630.87604","3981979126.58291","4962798866.75551","5296421597.13993","5921323028.48147","6449200913.24201","6626516220.02821","7037325528.91396","7774341748.94217","7995516643.15938","8561212976.02257","9137454635.72469","9651480959.09732","10325528913.9633","11685331452.7504","12926093088.8575","15511142454.1608","17686177715.0917","23070317486.934","24913369014.0845","26919156338.0282","29259642112.6761","31246533521.1268","34115848591.5493","36430961830.9859","38153862957.7465","39586916901.4085","41401816901.4085","43171142394.3662","44511034507.0423","43576580281.6901","46064410000","48262709859.1549","50746363661.9718","52133247323.9437","",
"Japan","JPN","GNI (current US$)","NY.GNP.MKTP.CD","47027748915.3528","56754897299.7106","64380250719.7925","73651749416.5975","86559493094.45","96339614175.8606","111919514037.634","131182738819.266","155284536282.948","182449412468.13","215144673897.222","243205922540.84","322535733422.392","438254609146.722","485490046247.208","528330313530.725","593864382020.047","731215442151.13","1028250178994.94","1071221533836.82","1120601067178.91","1236722170971.79","1152066327609.13","1257623564131.79","1337562522346.3","1432956888257.44","2122207632563.06","2576941373454.33","3127315111637.22","3131620635721.97","3220342369079.89","3670752570763","4005686734632.81","4591568092120.53","5040359933390.6","5592682724570.38","4982754040068.36","4551410891232.32","4148975633530.5","4692903320960.64","5040235511364.95","4442724323185.68","4243893355026","4592583679436.92","4987574981745.58","4938602699009.78","4724628609114.59","4720092396404.35","5243862441285.03","5422436226957.12","5912477091132.79","6414396892358.66","6445536590964.04","5391605623511.27","5079021304760.51","4619771168713.41","5177794688417.2","5113251596855.53","5233677416722.46","5318494421653.03","5239487602255.04","5279648033254.91","4525477683499.98","4463801619616.66","4290007995909.68","",
"Kazakhstan","KAZ","GNI (current US$)","NY.GNP.MKTP.CD","","","","","","","","","","","","","","","","","","","","","","","","","","","","","","","","","","23364060466.2264","21154193097.8763","20233202652.181","20821958041.8105","21860432063.6288","21837745633.3819","16319117334.1861","17152990926.4845","21058289426.1417","23651798315.1618","29229493253.7665","40430947002.6096","51568171733.8952","71653766929.1251","91904211572.0145","114066343535.03","102891184164.86","128671748240.643","164881370862.216","179881468864.113","211486897952.974","198714509414.101","172770506433.204","123828020084.171","148657290109.179","157278679804.064","158974562541.081","156009669230.591","172923312214.507","199981133856.769","235225540148.85","267952699198.976","",
"Kenya","KEN","GNI (current US$)","NY.GNP.MKTP.CD","764959554.016178","770307593.876962","845025507.989797","898911500.4354","969023472.390611","971879331.248268","1130079687.96812","1194059508.3762","1313695452.52182","1431879415.24823","1580547357.78106","1753793802.48248","2073233256.7067","2406644468.54193","2868923022.43079","3166423843.14289","3332518977.50069","4336116969.35478","5116186919.44752","6009861077.31466","7043415725.23711","6639891658.44524","6177179941.08397","5788798556.91879","5987636718.09281","5925734432.14894","6999527189.57321","7690920236.24917","8031680877.43913","8038978966.40204","8206604422.37968","7777934821.33675","7854629323.74514","5391612297.94495","6785824880.47625","8726165268.70698","11819964863.089","12943569699.3804","13964091742.6329","12723147828.3554","12575570003.8209","12838507613.6252","13026151015.0803","14738442156.8305","15953749659.6096","18731701276.4984","25755429878.1699","31814012977.2897","35863494628.8632","36976859034.0263","39852484980.0245","41961926464.5493","50187341471.2162","54496773151.3016","60579831275.5359","63195136105.8826","73804818194.5745","80475458830.12","90812279975.0377","98773632628.9327","99981709856.8935","108174641713.497","112689233872.207","105653479034.538","118468237971.852","",
"Kyrgyz Republic","KGZ","GNI (current US$)","NY.GNP.MKTP.CD","","","","","","","","","","","","","","","","","","","","","","","","","","","","","","","","2539233200.49471","2315346942.855","2020343053.97799","1648400396.82595","1621708685.69256","1788170586.16784","1703264035.71943","1566763747.90531","1175061487.01457","1287688498.06778","1466016371.3115","1547843103.87804","1857008090.49641","2109434585.0034","2372146811.03772","2786068889.17114","3752070495.70915","4933258864.51447","4508661415.35911","4489261604.79334","5538865998.78064","6435842809.7884","6912033442.54566","7159302170.58326","6417477543.55163","6455295204.83045","7331338207.04089","8020105523.91389","8591968638.36629","8014044231.28542","8626877845.0663","11864509827.1527","14986723706.6656","17238283694.996","",
"Cambodia","KHM","GNI (current US$)","NY.GNP.MKTP.CD","","","","","","","","","","","","","","","","584167437.769881","616316373.708648","558537237.188211","597823646.543316","564367270.31852","580467323.284191","635652125.879875","674923966.415658","732457687.775543","796303657.411606","859852742.084727","910531997.583764","808600145.291667","1296705829.64865","1055273042.85714","1093473669.0838","1602633063.08068","1943598970.23528","2483219576.90591","2741658596.66837","3380436724.62053","3421442059.50832","3403728394.2572","3066048888.44515","3421151872.4691","3574038227.91904","4004299813.12436","4313641104.0337","4869826437.04448","5669213128.60095","6778969374.09896","8031844588.48474","9802511438.76381","11748590864.4811","12052226423.3655","13409374659.0725","15499707260.5889","17147398897.5205","18982047189.3476","21110279792.6935","23177973370.8807","25507606313.3599","28215504535.8238","31820166406.6222","35040667434.0943","33712316726.7609","35300301362.1222","38444130462.433","41383539142.861","45994755170.942","",
"Kiribati","KIR","GNI (current US$)","NY.GNP.MKTP.CD","","","","","","","","","","","","","","","","","","","41714715.5877331","40352356.9566892","32717071.081046","32468181.0256093","36947150.7947733","38649091.0609803","31225286.1366571","25031562.8678037","25176818.1386376","32967147.6222838","41162611.3408474","41941549.5400025","45015572.3691657","69824250.0911388","91064063.546526","84719766.6195191","96554636.0412093","103654617.789187","107763664.806008","124623862.607431","124059006.375061","120128584.793058","116966861.024323","109922614.694415","119363097.052369","139827577.932362","151139840.206155","160790333.210383","156679917.43808","194679149.038719","211310894.849595","190501010.381465","237948042.441515","267122933.005179","304752738.918266","321103873.849608","358705761.775001","372670593.273182","346110061.298797","393942631.507145","403821992.032349","411922569.719855","377536634.965967","446782700.475568","447461949.918839","489577169.146307","503855854.524145","",
"St. Kitts and Nevis","KNA","GNI (current US$)","NY.GNP.MKTP.CD","","","","","","","","","","","","","","","","","","43200441.4814815","48137645.1851852","57544366.2962963","67214814.8148148","79844444.4444444","86622222.2222222","87974074.0740741","98703703.7037037","109707407.407407","128996296.296296","145985185.185185","168570370.37037","183351851.851852","212800000","213533333.333333","231448148.148148","251855555.555556","282151851.851852","302525925.925926","318355555.555556","355040225.410596","357876394.913432","378111444.778111","391558224.891558","424024024.024024","442976235.494754","426068624.179735","467998370.37037","512065370.37037","612075000","658340703.703704","743554185.185185","740372814.814815","749534037.037037","806446925.925926","800808000","859948148.148148","893511111.111111","894222222.222222","950218518.518518","1011577777.77778","1032848148.14815","1091755555.55556","860622222.222222","831222222.222222","951329629.62963","1038351851.85185","1109988888.88889","",
"Korea, Rep.","KOR","GNI (current US$)","NY.GNP.MKTP.CD","4007920792.07921","2457695503.78751","2859230769.23077","4043846153.84615","3513732033.2743","3185050495.34386","4041461279.7715","5043681221.89868","6336279347.17779","7942093442.27251","9248579482.33458","10081017434.952","11014161064.2254","14081080694.3232","19931144886.2407","21949793388.4298","30238636363.6364","38954545454.5455","52975619834.7107","67967148760.3306","65952677869.5575","73293576786.7503","79196896882.7394","88705963003.7217","98370323277.6964","101543182915.335","117454542731.772","150448443440.812","203931735660.999","253509910853.402","291780228499.831","340515819592.003","366449634074.544","405180928470.302","478013451560.765","584206791548.469","629056776819.736","586142363436.902","392335807960.502","510209605904.762","593631856192.651","563858439067.057","647686418296.774","726064526589.227","821876294398.976","965137273906.382","1092099680505.83","1217938669946.42","1091846742973.78","981602437095.22","1194538418968.23","1314861500732.74","1348724497289.55","1443405625204.06","1563437084457.28","1543797904863.38","1584633012209.59","1716812667152.84","1831172245065.8","1765298717346.39","1758426195184.17","1962780858667.37","1821087204060.28","1871357950465.76","1902456770881.09","",
"Kuwait","KWT","GNI (current US$)","NY.GNP.MKTP.CD","","","1287793952.96753","1399776035.83427","1517357222.84434","1654799338.08026","1909599236.16031","2055199177.92033","2220399111.84036","2351999059.20038","2383639046.54438","3133407376.62104","3351279377.65429","4255627638.48239","12048398265.7402","13174408685.9381","14640527793.6434","15903143080.4771","18110327827.7277","27907918484.9077","33485389035.0244","32644511720.5015","27603321165.2212","25900637443.0916","26715924029.4263","26110928236.7923","25643283263.6487","27952509662.2085","27947632324.9555","32731748014.6641","26177777777.7778","16420362051.4372","25100545671.4383","27765894701.9868","28016834006.734","32067562858.5214","36672578312.6092","36626789605.372","31810694457.2051","35230524120.0335","44417966305.0282","39790401784.2586","41478839408.5169","51233507375.5419","65567356633.8649","89654794520.548","114725201257.168","127029632600.787","158122665793.742","112897475545.98","123877323303.339","163289960468.007","186743064128.944","188125992192.927","178292812588.951","127279172483.48","122184560977.305","139464096588.1","156983425068.553","161061525768.17","127407521723.655","172487813740.083","209500414040.816","197666906261.699","193310734909.078","",
"Latin America & Caribbean (excluding high income)","LAC","GNI (current US$)","NY.GNP.MKTP.CD","59624473209.6476","66205207384.1882","71314791048.2673","77254545446.4787","89222507544.9172","95754175343.8857","104280610217.576","106039065685.463","114531453207.741","129189363029.544","139303187300.188","156451373052.645","177011213437.706","233803917008.422","308595801660.969","330954567784.291","363714227832.26","394406592358.449","477305425159.362","525964953729.642","627081582255.417","722695049940.944","659646720956.617","573367540250.897","621361168774.323","605161548357.701","613669280682.598","673936371433.057","743328614458.326","857396216846.592","923242137128.557","992753635108.179","1082127826885.62","1307551545566.47","1537553610454.12","1648172414831.1","1802215889747.45","1967000985911.8","1978936090548.69","1749697263076.16","1935754932140.06","1886657537442.76","1698982614740.22","1733158469355.08","1963828971241.31","2371607537315.41","2787553956194.56","3296328052557.04","3809395178663.59","3527527612161.7","4393139263388.46","5138943227955.85","5111566936601.79","5263857357809.92","5281860340691.15","4479390711922.41","4334069831081.91","4844560535647.27","4675745685654.88","4611717480539.43","3869415303795.01","4478977670065.37","5157993574542.93","5809873590920.62","5950308970332.32","",
"Lao PDR","LAO","GNI (current US$)","NY.GNP.MKTP.CD","","","","","","","","","","","","","","","","","","","","","","","","","1757142855.91837","2366666615.55556","1776842097.16343","1087273103.69639","598961269.297879","714046821.093797","865559879.400406","1028087972.31085","1127806944.61513","1327748689.88094","1541794966.48878","1757533989.11382","1866668529.67362","1704582553.2945","1243177349.13798","1431637113.38157","1660408278.87789","1699625816.62537","1693883046.63419","1909955902.14911","2269398119.86321","2669821125.47372","3264393255.96167","4075573107.57747","5190804450.05725","5670990066.04576","6679601953.77919","8157259575.12919","9584409923.89747","11338527583.4343","12693401481.3153","13784824955.5127","15228408813.3552","16170183136.7602","17355911535.6409","17656111399.7487","17853654979.9428","17754927767.6039","14311266175.7418","14685693869.0246","15455804356.2628","",
"Lebanon","LBN","GNI (current US$)","NY.GNP.MKTP.CD","","","","","","","","","","","","","","","","","","","","","","","","","","","","","","3408013973.73407","3460782102.57967","4791341406.03538","6086038174.5573","8112631498.94336","9925908037.02161","12210795535.9566","14089100533.2824","16069811718.0903","17394153602.7206","17599055817.4453","17581364842.4544","17575751243.7811","18281858805.9701","16761628739.6352","20345357992.0398","21299316498.8391","22173609851.4096","25572375014.9254","29551796105.4726","35179772928.6899","37934237042.1227","39687755961.5257","43812619515.7546","46661653080.597","47517903746.6003","49420827836.8159","50329518774.1294","52818460685.9038","53788969155.5556","50358759131.2741","30697478253.7961","21239241556.7843","19997071948.8081","19823500356.9931","","",
"Liberia","LBR","GNI (current US$)","NY.GNP.MKTP.CD","187371800","181412800","189244800","197417300","231554300","243728700","258088200","276346100","294674800","324857500","355305148","374965203","408307205","431314610","542591749","637690273","669790112","765989451","824429837","931133641","964029717","947708716","936182391","962601136","918127882","950360791","873858634","924554063","994732041","1033595137","528422663","478384700","307238500","220496900","181731200","185305300","219122200","371639900","455988600","466255200","772600000","749500300","763200400","595100100","730700200","793400200","966999900","1218799900","1566400000","1623399900","1818599900","2273155200","2529644000","2875704600","2892652000","2947075700","3117419600","3087813500","2985754800","2965834700","2887982500","3295000000","3751047000","4117000000","4479903300","",
"Libya","LBY","GNI (current US$)","NY.GNP.MKTP.CD","378557479.777008","416824361.670255","582858345.256662","834281332.687467","1067361216.65551","1511382919.44683","1935798416.88063","2361477721.80891","3191014823.19407","3779882218.04711","3983550975.37961","4657074594.6128","6051435091.3673","8103340473.8256","14918439191.2204","14427045002.3813","18693540403.5116","20613728796.7276","20509934832.1742","28975034507.568","40074097533.8708","35782310212.3951","32520624256.4676","31693122207.8479","28142367390.2984","30823271505.4399","23654630708.6964","26588086021.7244","24196286348.7072","25039980126.9684","28767843045.1626","31838109130.5463","33726314761.3416","30525992706.2457","28480006487.3926","26170488466.9194","28933714514.652","30724978410.2103","27726320325.7666","31103845100.6983","35488772525.8205","31479795856.3061","20746889763.7795","26805468750","33072307692.3077","46841717078.6886","60056928740.8684","68865358038.0867","87416085167.7316","61383735901.8583","75351617356.9553","48225057019.063","90611575226.2892","74936698508.7584","57954482938.5682","49953808617.0821","50662881580.3574","68439540256.2741","77676603170.6261","71084266693.7479","47647132105.8252","34680607164.8106","43371163525.116","46207647266.7214","52187219589.8852","",
"St. Lucia","LCA","GNI (current US$)","NY.GNP.MKTP.CD","","","","","","","","","","","","","","","","","","","","","160364220.37037","183221159.259259","172077947.037037","185929578.148148","238777695.925926","268966204.814815","322614800.37037","356004455.185185","403151312.962963","458048581.851852","521420084.814815","551072185.185185","611779481.481481","615096296.296296","643220851.851852","683599962.962963","712277962.962963","726242925.925926","789198296.296296","832349148.148148","887992592.592592","845608518.518518","863678185.185185","936570629.62963","997676296.296296","1063045629.62963","1213826592.59259","1268112444.44444","1365857333.33333","1356348259.25926","1442802851.85185","1548522111.11111","1560508962.96296","1562592592.59259","1643485185.18519","1657440740.74074","1757844444.44444","1881303703.7037","1958655555.55556","1970244444.44444","1463874074.07407","1803585185.18518","2141114814.81481","2231066666.66667","2296662962.96296","",
"Latin America & Caribbean","LCN","GNI (current US$)","NY.GNP.MKTP.CD","76140510904.2766","84420871211.3351","91583376345.3105","98578283657.7878","110090920224.195","117326372972.635","127558102862.569","130019307627.406","139937220353.133","157355445815.345","171053568142.606","192709328539.175","216128908855.678","284058257572.428","369534107807.736","386329449048.908","426815601637.777","468950762239.845","560498738461.758","629651818447.788","756396814027.96","866373008963.193","787397650010.503","697837185230.452","739040860613.141","724018902897.495","733737962467.654","788849569695.85","875305037777.226","978587017189.758","1059424584730.78","1144240852872.03","1253384789449.27","1487814886905.53","1729765897622.98","1881925243697.34","2039218433507.74","2235634780035.33","2257365635930.87","2032917465633.19","2245865333936.48","2198161466541.14","1973640993081.25","2007893540279.53","2297699409578.06","2775026973530.39","3271247102155.5","3868678391546.36","4501009669094.1","4217660059680.59","5211580982290.31","5927051950130.05","5991813122277.58","6064599231426.72","6027504802070.92","5131030434168.67","4982503554293.14","5532502620631.96","5369965327568.07","5272408694139.29","4443241761471.92","5153230828581.42","5890950043300.4","6634774376986.64","6807600567648.64","",
"Least developed countries: UN classification","LDC","GNI (current US$)","NY.GNP.MKTP.CD","","","","","","","","","","","","","","61455540731.4389","76507520184.3884","92002124872.0733","84571446694.6953","93545066610.4035","110322771138.849","120767260925.827","131992288951.863","135592721209.83","137245578563.87","135389292078.265","136564813789.308","147650885234.616","130378928336.274","136923470642.793","149014854714.139","162354774499.594","184198868439.493","195709183549.707","154643345137.293","163555799824.753","160517739828.014","166622423189.913","176103637212.139","184920681460.985","187802882232.713","192808352974.016","218530940038.693","210354631705.573","232586977351.033","263727636912.37","303918939560.56","359188320907.665","416654584982.158","501457740761.748","612764618430.073","619750894835.424","696918849731.157","795489139531.905","840840855545.398","912689524282.395","980757137376.459","941136821234.126","952775788263.248","1037342298961.22","1110416106301.26","1163142728213.13","1176790817630.38","1303968546435.13","1463893021262.78","1451768718273.8","1529112793989.64","",
"Low income","LIC","GNI (current US$)","NY.GNP.MKTP.CD","12425351524.2671","12516898057.1969","14168335607.8002","18243854660.6803","14462431350.733","17126237419.6851","18560136809.911","18096325649.3753","19046956032.3913","21885018824.8452","22753386518.3406","25198205439.7635","27605851273.6917","32890049206.2019","40930362770.3978","48160423210.2031","50554062908.3833","58569050459.892","68424531029.7085","72497336394.164","79108392731.3122","79695293726.6553","80182613718.3651","76736824139.2446","75258641200.1523","70532477517.9216","74543984537.047","77092732814.9861","83203961334.875","89782980140.2358","111091847997.505","118927156378.176","85498909545.8383","95085519270.7268","90627911043.6099","82326059923.9509","78844694771.9798","84319272360.4855","86630016789.7693","86979815883.5823","108906254458.28","102119334250.445","113287327356.724","127052814049.682","149941606221.974","180759077254.536","210302564981.311","255943416214.126","303781088646.583","300232821808.996","334453366774.644","362744849457.918","340845411346.019","346145486827.106","365385753284.478","351653088662.989","312043241784.177","319117018522.341","332923380449.109","342777426980.796","330063364268.769","366541575391.435","420339307604.391","424184121456.61","456788003229.285","",
"Liechtenstein","LIE","GNI (current US$)","NY.GNP.MKTP.CD","","","","","","","","","","","88560582.6730239","103098416.151127","122806467.238332","163095019.547635","190667516.992532","242181078.169267","267835514.045611","298309815.79139","429450147.509123","494579500.518727","525567342.281591","502909417.475036","513179987.932669","515073920.678068","494036812.625363","520037686.320395","766047294.010785","1034867609.26829","1141916216.77031","1100855784.95347","1397231560.41285","1458812601.465","1603318475.51375","1644510925.36158","1914857877.35835","2387048793.66816","2461247481.81649","2259136037.50535","2437348816.70947","2575899291.35143","2434743786.1305","2241032462.97289","2372888098.15431","2627332545.70041","2858151534.06203","3126141905.92984","3506738881.98124","4120576557.4833","4569703348.75218","3869164134.82799","4285908797.1495","4532105463.48033","3807892637.60499","5110561611.55848","5374223244.85811","5162508403.6364","5985930500.89609","6748709241.06218","6917596481.37865","6269829689.81912","6866331075.94249","6677602134.27645","6184229267.55702","7759574397.04393","","",
"Sri Lanka","LKA","GNI (current US$)","NY.GNP.MKTP.CD","1406432689.07563","1407026659.66387","1438767407.40741","1223818201.68067","1306652050.42017","1683403361.34454","1750630252.10084","1855555555.55556","1771260504.20168","1953613445.37815","2142184873.94958","2158178752.10793","2352093802.34506","2622500000","3230375939.84962","3369329529.24394","3056361474.4352","3523788049.60541","2501281229.98078","3358445728.96596","4067150635.20871","4391688311.68831","4817779913.50312","5141478963.02592","5870951257.86164","5953387334.31517","6378443968.59386","6653634510.86957","6961175730.90223","6936477115.11789","7973539690.4643","8925839980.66232","9680880675.33653","10339859271.5232","11645649534.6014","12859512195.122","13701791206.803","14917511442.6174","15511689115.9622","15427603352.749","16276091053.0483","15467999433.7511","16285197574.7439","18710453791.9602","20457644035.9719","24106796019.9005","27878568680.2616","31997202612.9448","39744303906.4377","41580817112.8567","58018916032.6594","67101715630.3668","69233385428.4575","75225091023.5766","80722975660.199","83069226767.8953","85804825406.3122","92054895921.0435","92053069055.8917","86529752617.0848","82055204870.7258","86567888458.225","72241752319.0499","81171474033.9232","96498244044.0215","",
"Lower middle income","LMC","GNI (current US$)","NY.GNP.MKTP.CD","","","","","","130202743233.652","115424205050.244","124981034860.48","133195223442.767","146237745298.25","151513623574.652","163461785317.557","174940270755.117","203786689890.234","244493768540.183","266758157862.202","272463152192.439","312044614491.706","357912842043.201","409217936416.034","490041160061.628","511189317239.886","529661610356.354","546573587329.772","545951599212.841","585299886050.756","597900285848.764","653612601452.547","688884823161.393","701906316518.306","753084145677.255","712987080615.024","751885545039.066","760025330903.521","839934072854.789","951473040637.266","1050532108079.74","1099074633699.73","1114537161477.31","1188358897614.44","1241622912516.93","1250620402060.26","1302642945080.28","1479465174085.46","1689520744158.52","1929141798369.17","2224290462752.73","2744947745340.38","2997284458631.9","3130992864484.74","3753239903652.16","4190018132909.04","4426177167134.67","4678123151096.75","5073224047163.1","5073686502336.85","5289629446414.31","5726312175732.42","5978706554864.92","6480284181027.87","6249467423425.83","7047973451873.65","7501256137853.22","7607127991805.27","7880059150337.62","",
"Low & middle income","LMY","GNI (current US$)","NY.GNP.MKTP.CD","265284203663.098","266777293274.453","272922452640.117","301960397086.441","340421339089.54","376358465871.084","386114042787.082","396160090565.328","420009163932.305","469924459699.006","505842967762.783","552166939068.356","621923415733.402","788425829681.18","999948822649.258","1105548446957.91","1184039437106.3","1333951006011.59","1484511561832.83","1716922962953.44","1997808333708.54","2135576057108.13","2116336578779.78","2102543173220.3","2195476989027.46","2274040439916.65","2333479082492.46","2402554162807.55","2583165028143.96","2817227200234.6","3200962900687.05","3102898614082.62","3272341426084.72","3549599791052.7","3961097161565.96","4550680406983.52","5018267014511.18","5325949642256.86","5208182930471.17","5154242563386.45","5598048408157.44","5607197630186.06","5714372966406.5","6402726351007.95","7497966987222.78","8825328996245.8","10405426468101.1","12832363411818.1","15246614401926.8","15282612602980.6","18532659483750.6","21798967911446.8","23253751936842.5","24654299287193.4","25940863852014.7","25161494284231.6","25427080089310.2","27826626792488","29565533318098","30511078356388.9","29515469420503.9","34756596507047.6","36427804438170","37538982224164.9","38866623410390.1","",
"Lesotho","LSO","GNI (current US$)","NY.GNP.MKTP.CD","","","","","","","71819971.2720115","74101970.3592119","77825968.8696125","83467966.6128134","88479964.6080142","98152029.384089","107840905.395297","163986633.216083","239301698.217894","250893431.849284","286235071.558768","358915089.728772","444360111.090028","503786713.664591","694756520.644964","724558404.558405","695024663.478895","769317296.472489","665558806.922361","501638911.012148","587675883.7513","738934634.163592","810097832.914297","815068268.033006","957261932.323048","1079634196.02617","1211772733.23343","1167617700.54062","1207497554.07094","1339144326.64247","1266676303.7846","1321666085.78803","1192071789.36538","1195121584.73612","1130525381.89707","1194386614.16408","1123285816.46064","1654867702.81473","2072881339.40182","2183399928.42011","2243369855.25764","2344576909.78395","2392556453.20312","2293074892.8977","2872100467.22588","3089102150.16736","2892666013.15149","2718881337.31294","2719632972.79486","2639103769.74372","2400601096.79311","2620025914.52694","3042775635.89218","2823939030.09033","2441757547.56187","2813524923.81545","2827407331.88335","2576299022.44408","2713555025.68084","",
"Late-demographic dividend","LTE","GNI (current US$)","NY.GNP.MKTP.CD","178713498097.711","165493064985.761","173546633669.987","187772680816.465","207026996457.432","230392713827.599","253294638822.844","255924956313.653","261532822398.69","292661369264.833","333054085824.307","370597384993.355","425809050164.243","542230011607.282","651496570609.805","721769565904.014","784399787020.468","909036859557.602","945684915415.097","1131826149672.79","1280221308249.89","1355707234672.56","1365087756792.19","1268213321244.73","1333710953147.68","1426891560859.83","1502560237472.45","1565360930716.06","1752581391581.4","1908187261246.45","1939693978592.64","1949956180666.84","1982782573818.51","2064071947876.21","2391975621430.69","2975578649860.01","3277686116871.48","3425149556771.89","3287755274524.41","3029215645272.6","3335211742454.8","3443606566666.67","3645799937257.45","4154952644318.87","5007204256504.61","6037796027210.04","7314962821782.06","9250147563483.27","11526352799526.4","11126061863547.3","13351500443155.7","16248389203880.1","17468330036897.6","18832900192778.9","19695822338406.1","18478757741185.3","18524851729503.6","20572746913211","22486321149953.1","22958648899864.9","22429703842742.3","26732846229747.8","27909391982574.8","28374726305653.4","29406271382450.7","",
"Lithuania","LTU","GNI (current US$)","NY.GNP.MKTP.CD","","","","","","","","","","","","","","","","","","","","","","","","","","","","","","","","","","","","7907837810.44095","8343138541.21709","9976614587.82909","11037725507.1213","10760733707.3802","11343632283.1247","12095417350.0216","14131384427.5383","18343451776.6497","22213173124.6895","25670599577.0618","29505636842.7657","38176059113.3005","46321504463.6324","38339165971.643","36396717741.8729","41913165781.0643","41374321903.1278","45297606166.4987","47740769013.4991","40063990118.923","41463346447.9052","46052439370.4907","52629106643.4611","53418457753.098","55873632869.2655","64824302711.2238","67841633895.3485","77914446176.1073","83406469229.8086","",
"Luxembourg","LUX","GNI (current US$)","NY.GNP.MKTP.CD","521926698.377195","523120451.698982","551911349.948603","589255645.479413","670968347.90813","685277449.149857","718187357.771505","723925260.868104","792823532.135306","919534682.50164","1099260185.55869","1150373916.63227","1460639721.38209","1988041813.28917","2460608947.80447","2587295162.88253","2911346917.45037","3284764209.34159","4090814653.51608","4783285635.66318","5310504897.2272","4633382225.11951","4623996998.05757","4659143195.26627","4515406311.08629","4692131258.91705","6684345313.34658","8413480280.92923","9341786066.92266","9854732800.9828","12743261709.3192","13898135853.5145","15508292346.2986","15614277052.2388","16720042199.1801","20310578817.734","20323997394.1368","18904269282.8146","18886532562.7917","20201236234.1923","18782499824.5083","19049517003.537","19950388654.4585","24019997499.0239","31641464154.2109","34309510334.705","34360473818.5341","43858974247.4813","46059035709.8133","34736149608.2226","38203044611.6667","42768242732.4904","45915520597.7344","46779637636.2746","49979926556.9018","38657980989.0234","41225831605.5643","47031112675.0589","50876819332.3137","47902090379.6078","51076725600.0001","58512883442.2471","52283970188.1325","60218012400.0011","61005452693.8281","",
"Latvia","LVA","GNI (current US$)","NY.GNP.MKTP.CD","","","","","","","","","","","","","","","","","","","","","","","","","","","","","","","","","","","","5650369366.79977","5837642930.06636","6398014759.25478","7020919814.13082","7252607494.59524","7751406720.7416","8216154018.35684","9265345611.64165","11187072930.7588","13529255886.5617","16131112632.234","19895667168.297","28498116536.7255","33680339131.7059","27531089797.0531","23708756614.8525","26546166034.3631","26918754004.874","29084191666.1942","30313530292.8521","26209655766.4676","27079037554.5538","29307359429.6989","32699088049.8808","32632059532.9568","33394574957.516","37468453703.9761","37336231199.0741","41791371969.3301","42778495726.1211","",
"Macao SAR, China","MAC","GNI (current US$)","NY.GNP.MKTP.CD","","","","","","","","","","","","","","","","","","","","","","","1149838101.98571","1147497892.26313","1325558749.77443","1368964495.11067","1556374428.15928","2001092510.58203","2327885210.44222","2746055189.00387","3263343549.02735","3788851560.10869","4957063307.11854","5672135022.68577","6295509820.44231","6944639131.86118","6940839199.63848","7008432869.91874","6504977272.80418","6133961473.25087","6197684994.82924","6811252878.57098","7289996692.57215","8039092703.98433","10026413049.5348","11314325873.0269","13247163693.0717","18056014954.9755","18426218593.0118","19263558167.9657","24911908787.2773","31542484305.7202","36355562497.6846","42805117623.6082","46154256429.3127","40137558610.1871","40537999445.658","44750854130.22","48607663022.1566","48578236459.5866","30105687000.5515","30545865034.3288","29395640979.2881","44446665732.4029","","",
"St. Martin (French part)","MAF","GNI (current US$)","NY.GNP.MKTP.CD","","","","","","","","","","","","","","","","","","","","","","","","","","","","","","","","","","","","","","","","","","","","","","","","","","","","","","","","","","","","","","","","","","",
"Morocco","MAR","GNI (current US$)","NY.GNP.MKTP.CD","2056915832.2613","2041502285.35181","2393444113.11948","2688870069.89442","2839844046.72275","2919282520.07217","2835496384.73745","3010380417.70659","3224391551.01581","3608543836.66404","3944843740.4283","4328425300.08659","5037326530.16867","6186592072.26046","7631719334.23452","8929595209.06544","9497304965.11674","10936258195.5728","13034179060.4538","15621949976.5845","21279755812.4353","17210392406.0031","17066730488.4492","15692902319.3012","14365609583.7983","14347548504.4221","18984999937.3932","21186660737.0899","24784028833.8551","25404220356.0956","29318726097.5097","31295201911.2048","32789119126.2591","30612485009.1408","34592148679.7783","37800505819.6721","42112709370.8079","38172814275.2178","45700588895.7746","45507339863.79","42253801449.2754","43098565634.2689","46425706151.8918","57337365467.8322","65542376012.5854","68578687216.0747","75504894286.1434","86665332000.0542","101626528087.532","99873225565.0296","99581285619.2078","108370716160.633","104953373174.425","114282741689.255","116737884764.791","108703008127.117","110026167792.814","116714427716.555","125425336311.069","126978615953.539","120193575825.745","140063329923.044","129330968657.548","143783915653.412","158229085655.361","",
"Monaco","MCO","GNI (current US$)","NY.GNP.MKTP.CD","","","","","","","","","","","","","","","","","","","","","","","","","","","","","","","","","","","","","","","","","","","","","","","","","","","","","","","","","","","","","","","","","","",
"Moldova","MDA","GNI (current US$)","NY.GNP.MKTP.CD","","","","","","","","","","","","","","","","","","","","","","","","","","","","","","","3615522517.36135","3114089116.3282","2333874369.27818","2386977168.85461","1696952380.26785","1734871098.82996","1754299565.21739","1992937445.88745","1727901675.97765","1204642063.05467","1352310309.3281","1591983554.57456","1827506004.56789","2211747378.53772","2953679177.17771","3392185084.87356","3809739169.53226","4811362819.18905","6649080392.65423","5745818449.40063","7480581273.20622","8991792743.46916","9519279677.54776","10391128071.4427","10224420143.5917","8247147199.75981","8426887067.08369","10070244015.4311","11788143412.4832","12351757049.22","11920936240.3002","13958389264.1744","14585057524.4256","16978656748.3329","18293897592.4017","",
"Madagascar","MDG","GNI (current US$)","NY.GNP.MKTP.CD","650793393.23403","676064335.859803","714566102.093148","734222182.837559","776139175.946818","806012049.681389","900264586.616326","956435313.729223","1031668829.22225","1051392481.70675","1108857700.22271","1192886703.20466","1339441931.67021","1648118532.08917","1903186533.23847","2270256388.0147","2169578028.35272","2357656134.28105","2668890091.06822","3451167298.68045","5157942662.24123","4671006428.37498","4689709701.18061","4568324614.82415","3759912517.72112","3673726255.30678","4192899217.44855","3038202023.82717","3010174181.25157","2986320071.0037","3770426976.45749","3093518521.97934","3567898597.5857","3912357001.90591","3366890335.63226","3671361237.53901","4769113182.99207","4168005521.67558","4323686284.12498","4235432495.11639","4587513801.58138","5355976892.0278","5219662373.5932","6295348243.07531","4990586345.687","5736869752.59295","6248699559.54714","8438652196.52687","10625319395.1597","9470022799.48728","9803373258.6904","11339961188.9187","11207841557.6231","12000180962.1806","12223734899.7784","10946932230.0712","11441257772.8496","12822379337.5073","13362560549.9141","13649871950.5013","12667560910.3393","14094780260.7252","14956230564.5283","15524671990.7287","16968192786.2895","",
"Maldives","MDV","GNI (current US$)","NY.GNP.MKTP.CD","","","","","","","","","","","16831032","18780391.1205074","21923948.9702517","26875356.3909774","34067434.0966921","21367765.9722222","19508267.9425837","18161467.5028506","21207998.2162765","33576934.3124166","36977484.1059603","38890105.6953642","41948808.6079267","50220623.1205674","94321362.9787234","114074387.15131","120178995.944623","118649029.599913","158155947.638019","171914721.822807","193844535.175879","212896713.157125","248876377.864027","276917467.531875","313614051.7446","379025480.033985","428503653.35599","480780305.862362","511936219.201359","558212710.280374","594339124.893798","845635526.241735","874367273.4375","1016714804.6875","1192946750","1132462437.5","1534500390.625","1587767023.4375","1989697750","2089951648.4375","2276923140.625","2479686376.01075","2614016252.04566","2931310319.51537","3342254340.1684","3797041805.22989","4057032049.12311","4440841844.81037","4911943788.37226","5166268080.66185","3406812116.29469","4717186241.47824","5466629686.4972","5864159811.32912","6311523779.40992","",
"Middle East, North Africa, Afghanistan & Pakistan","MEA","GNI (current US$)","NY.GNP.MKTP.CD","","30454141772.5274","30371767634.0395","33857615477.837","37475652247.4282","41610520405.3861","45149025239.1862","49150572361.5351","54957027186.1598","61075737522.8652","68832229413.9167","79260240202.9035","94339428197.8873","119080533901.75","221344221102.871","247849222981.83","304775724321.234","352665910778.651","376748426606.217","494615703995.446","624828269381.5","644065469094.339","647822609309.019","658441859638.268","662270980560.483","672666349742.815","682169470524.077","637541002131.399","638144308304.619","660178569763.641","845408926432.221","679500044543.888","714591028788.877","666347676385.285","699636153135.404","780228383518.047","862474543356.759","901121796808.891","885135387714.019","945757803086.183","1091966434547.72","1086395833354.21","1074508337734.44","1195280760982.8","1415749109765.43","1689233064009.95","1993252737014.02","2359635575833.26","2897084612397.34","2597304539582.46","3028459602876.19","3645219570078.46","3946962333121.29","3914341781126.26","3958773016236.23","3568536352016.52","3634551301518.81","3810721565394.84","4051959477647.62","4016439413788.78","3576605688873.39","4302745439269.75","5015015974383.68","4914773652005.91","5093587746182.01","",
"Mexico","MEX","GNI (current US$)","NY.GNP.MKTP.CD","12666168000","13775344000","14814304000","16530280000","19477944000","21234640000","23566704000","26201208000","28939512000","31985424000","34897440000","38495400000","44387480000","54435528000","70743688000","86091952000","86623836380.1374","79680733619.8113","99714406816.8841","130458574873.931","199125959653.174","253689233122.578","172341787525.265","147043246540.21","174155981123.531","186243538805.319","127036121731.427","140741270281.233","174365230444.7","213100786195.908","252627764640.462","304531707708.975","353562977713.644","518573511442.517","540993992208.27","366827054915.355","418196147535.979","510661980864.966","544023294441.948","618292484162.27","726950892586.138","782084384836.265","800797003259.542","757017510489.137","812126341854.446","904179622627.936","1004974290964.45","1084771599272.78","1145939366382.81","929066805910.397","1093237575189.89","1210622838008.34","1228761368842.97","1288984391393.29","1332054399903.7","1182962837135.44","1083159760755.14","1160558920059.09","1223821716221.84","1267424146265.66","1085047504636.59","1282549137280.58","1432992501496.72","1753688463628.88","1805281845344.01","",
"Marshall Islands","MHL","GNI (current US$)","NY.GNP.MKTP.CD","","","","","","","","","","","10500910","11385498","12455562","14495820","19004364","20844876","22671121","25239278","27736098","31902220","33357510","38739224","43607308","52137870","56378183","54798767","69922358","78656946","88278975","90914190","98005157","103038700","114233700","125325200","136784000","152854100","135250400","134566500","141795800","147094200","149847400","158284200","165486000","165484000","168900000","179100000","181400000","191800000","189300000","191200000","197400000","208500000","209200000","221800000","227700000","242200000","255400000","261200000","267900000","282600000","287200000","286129882.8125","295625427.246094","316928985.595703","342676269.53125","",
"Middle income","MIC","GNI (current US$)","NY.GNP.MKTP.CD","253697239247.403","255105419879.842","259745957088.843","285054258362.812","326895620813.055","360336985041.534","368767966585.146","379234858771.252","402186742646.273","449481992445.466","484540888458.25","528601274920.89","596052539374.057","757453246609.954","961337341284.259","1060370466270.97","1136531339925.51","1279050525299.01","1420645986081.22","1648723509406.19","1922929942237.93","2059800786497.29","2040248541612.84","2029365246211.6","2123086575214.23","2205175417286.32","2261032975290.22","2327682454011.25","2502405408856.11","2729938720981.52","3094597837764.33","2989790859343.91","3189850384498.96","3457947058235.09","3873076242279.66","4469609691198.12","4939853397721.67","5242139004893.87","5122404654893","5068211502484.67","5491397886175.49","5506969671128.49","5603500168095.67","6278385202894.14","7351261951062.85","8648605273646.56","10199732745191.7","12581923619952.5","14949355735187","14988603087908.2","18203568297192.2","21440270006286.9","22914910614709.7","24309514667666.1","25576969021730.8","24811149124995","25114185409131.4","27505455640005.8","29230119660109","30165691215347.4","29182809726923.7","34385958583490.6","36004869973701.8","37111702356599.5","38407456490355.3","",
"North Macedonia","MKD","GNI (current US$)","NY.GNP.MKTP.CD","","","","","","","","","","","","","","","","","","","","","","","","","","","","","","","4644646643.10954","4909775510.20408","2364849341.97604","2625765896.55172","3512968983.35012","4667244355.4494","4590725484.49485","3858807483.47616","3712079121.68348","3791491601.99212","3702842458.39474","3682391721.29725","3972614178.76844","4886356945.98704","5647495132.20348","6149437258.98083","6833763578.68353","7947222258.92406","9789799366.25583","9334914966.52821","9276086270.28465","10307350188.4715","9534185814.44031","10561387533.2571","11149662118.4457","9747431783.18268","10247925155.7349","10859414347.1733","12150990659.4701","12024667114.9758","11892343875.3738","13385879515.7774","13334444854.3316","15052371308.4088","16084842245.42","",
"Mali","MLI","GNI (current US$)","NY.GNP.MKTP.CD","","","","","","","","274847728.426141","341790655.738657","337201525.797523","354124048.526989","393751421.997705","485815787.5684","561341721.549583","533923989.37606","819675359.719364","931397928.392649","1049879227.90703","1233480082.45831","1581719561.64461","1740408616.91516","1503290188.86157","1307074839.50404","1267613069.30015","1211293780.33107","1366264671.58834","1827610108.25851","2070499253.5983","2142869392.81648","2181821909.27892","2666059917.3772","2721462226.93185","2823397096.83716","2820491828.83025","2058618951.05441","2659084422.3157","2730573673.74836","2643959255.75481","2869578288.66605","3396108684.30958","2931331695.39153","3302171389.41753","3666811218.8093","4553871234.11719","6917942279.19446","7802843721.98758","8601136414.58533","9997415136.55751","11948264515.0699","12132946060.783","12777120816.1262","15044442553.3455","14432007129.2504","15336705694.2728","16558606116.4905","15287441318.5241","16369058534.8234","17807465770.4401","19857834974.2578","19781978223.3723","19959785158.4317","22176065895.7234","21757501147.0643","23888683337.7365","26079602253.3022","",
"Malta","MLT","GNI (current US$)","NY.GNP.MKTP.CD","","","","","","","","","","","270018226.346704","284917616.167794","319208514.516193","368103810.538201","411775960.51367","526981470.572484","575042916.287994","675593667.277954","842222029.136618","1041306211.90165","1347862987.61664","1361244311.81732","1373786032.57801","1263065749.66049","1210669965.48163","1209080128.14354","1513944546.03649","1849376536.91262","2114235833.13113","2232090163.58102","2738523232.62889","2919974978.48468","3166507379.26913","2811915395.36999","3055393215.41396","3793893406.66289","3884451456.34537","3853932436.02478","4008507892.32009","4210452305.9505","3927819069.87454","4134572570.26752","4529632121.33092","5446546340.85832","6136394270.90275","6116900726.25976","6498822609.80178","7704512404.22754","8905963039.51368","8148921106.40792","8562471290.9431","9386251620.93166","9144219498.46982","9984792825.50518","11000384403.131","10554342526.7615","10688627580.054","13113525043.8881","14669786908.652","14798835701.3958","13929081456.8946","17188548103.2391","17282140362.9226","19876228277.3236","21926316877.5504","",
"Myanmar","MMR","GNI (current US$)","NY.GNP.MKTP.CD","545098447.640862","604178636.253337","633754141.117091","598838736.591954","411844015.186029","367533507.202143","293142572.679011","420461671.794872","560405713.649601","572430991.491512","563912705.889371","587223250.708757","661168006.943278","718527993.4878","1223752969.12114","1059999997.74011","1200723613.38618","870074063.079031","932305177.313937","945914536.688022","1029679084.96134","1101296501.98248","1467515233.86141","1364830702.974","1288781930.87591","1464801440.06869","1561100217.37564","1550561865.71462","1531606434.55782","2005339191.09373","2096609305.86362","2051262988.36565","2404983615.45533","3159260043.13311","4428520933.34837","5284431185.0858","6122357106.50092","4721977869.01575","6459896236.5792","8486202623.55934","8900771454.19655","6470336956.19037","6773035817.65392","10460883983.3316","10560047473.3885","11980698123.5986","14496613206.7816","20175974339.8543","31851216910.1049","36895845255.5457","49528704371.1056","59964576988.5087","57556421307.7229","58364906162.4847","62535394210.3301","57499580408.4111","61653951983.5654","63958040475.0257","65984255993.1186","72641276243.3578","77509313203.1878","65297947215.8954","60944074729.2313","65080419000","72699849523.8095","",
"Middle East, North Africa, Afghanistan & Pakistan (excluding high income)","MNA","GNI (current US$)","NY.GNP.MKTP.CD","22240700057.7501","23073245053.2882","23702635999.6442","26356138917.1913","29040700648.7765","32456542494.9475","34931351651.0582","38531807700.7261","42441479518.6451","47169115583.2025","53084951798.7652","60039744641.964","69236036786.7831","84713101740.2372","131354446841.769","151843377520.497","184348646933.718","212228439070.651","228405880312.626","283490855451.959","335801759215.429","324501014900.615","360761548070.216","396282288981.659","414656213190.461","444153411275.625","477840631140.17","419860863536.475","405994644765.847","408379553068.721","553280305154.996","373971019340.024","384081879148.549","337682544288.62","355718055338.998","397214316070.241","440158164271.483","457822693556.95","469637140170.516","503147481847.336","567023114799.246","571517971719.55","555259598245.378","612860750441.078","728188107093.176","844059771968.805","986543410636.966","1205189935068.77","1461598995582.36","1409734399848.94","1610742130693.2","1884997735299.11","2037524561132.67","1911691176635.69","1898925139796.86","1762880718894.54","1835254506670.17","1864963650595.25","1860440326644.42","1813078143116.15","1645032400989.61","1914368467795.47","2131942593714.45","2069278655101.33","2171575525347.94","",
"Montenegro","MNE","GNI (current US$)","NY.GNP.MKTP.CD","","","","","","","","","","","","","","","","","","","","","","","","","","","","","","","","","","","","","","880675359.713245","897455245.535714","870864653.841112","1034061909.75381","1217862708.22139","1356512418.54755","1807140110.82212","2180314129.62503","2282062056.95809","2763163342.11517","3720695455.78976","4607940969.67922","4150107807.72437","4108117628.18686","4543691798.8792","4140985664.32578","4509148476.98039","4640616530.80528","4099699099.96272","4395731115.3936","4903708063.43382","5498350797.67541","5545756744.65465","4799479301.4046","5944743706.0625","6376041522.06925","7717270603.75685","8246972576.90939","",
"Mongolia","MNG","GNI (current US$)","NY.GNP.MKTP.CD","","","","","","","","","","","","","","","","","","","","","","2299199133.33333","2532001966.66667","2694636533.33333","2059734525","2141505525","2894479033.33333","3009311733.33333","3170261666.66667","3289326933.33333","2517185660","2374108010.52632","1290711863.84977","741470800.539993","906403930.752084","1425356882.36999","1331359924.36219","1168938177.57187","1124839859.90991","1057508580.46245","1131697254.99018","1265989177.16402","1392055720.37938","1583797330.75165","1981009807.80913","2471681167.15481","3371391150.68986","4137452711.46778","5449590342.04584","4388014379.17088","6609616844.37432","9551979901.62167","11343401728.8116","11871513598.9081","11232542766.2328","10652455621.4482","10260106001.6486","9872124813.33454","11943636998.2069","12634360587.8507","12053017479.445","13054692170.9439","15504886078.2821","18096012116.6868","21125167343.0951","",
"Northern Mariana Islands","MNP","GNI (current US$)","NY.GNP.MKTP.CD","","","","","","","","","","","","","","","","","","","","","","","","","","","","","","","","","","","","","","","","","","","","","","","","","","","","","","","","","","","","","","","","","","",
"Mozambique","MOZ","GNI (current US$)","NY.GNP.MKTP.CD","","","","","","","","","","","","","","","","","","","","","","","","","","","","","","","","3747256404.46493","2662496493.22049","2751361906.87353","2825708162.23925","2952746169.71692","3937746132.7997","4788263773.90798","5421818147.2141","6161419798.11997","5737774666.38647","5424314699.04255","5347593595.17377","6418020935.51468","7765812073.26774","8508662135.34429","8875382892.78451","10219878882.4033","12278466412.5335","11982083700.6646","11052119444.6459","14364079955.0014","16612647548.8091","17139483398.1312","17776333933.4733","15908852641.2848","11833552380.143","12884983781.3009","14730512197.9489","15236312737.5433","13948700692.435","15828197520.8126","17461632220.2092","19078740591.8304","20229764060.7151","",
"Mauritania","MRT","GNI (current US$)","NY.GNP.MKTP.CD","","159213430.204754","164271557.513473","168186297.281077","224495743.865038","255340474.997828","266533605.185831","282615310.216284","301395939.348482","279862300.080648","298105315.446537","321768915.24299","375169448.300582","483223972.450781","607598675.632256","673287992.48334","716474532.481162","755618517.571207","777551568.697536","920501091.245846","1021070750.62813","1054951790.04067","1063170501.478","1102884848.79224","1035268835.65482","957331783.226309","1116355897.81513","1266951249.03338","1343051595.36508","1390404297.23905","1447895783.34925","2072467409.26292","2097710715.38349","1778655152.65281","1870169427.47319","2017408438.56124","2156256581.04875","2088868877.62027","2058287945.99286","2015584296.75663","1793301796.85676","1713838154.69886","1832908211.20856","2108847606.73687","2428018693.49082","3000602093.37349","3845277285.92703","4285412357.10255","5183436944.39536","4766478897.04235","5559972100.89651","6609314084.92644","6537356580.81046","7026930507.60294","6339728998.26575","5986395816.42587","6282235172.53117","6703487753.41138","7435080653.07267","7798537820.05985","8155048186.47861","9076362254.14883","9500605780.42507","10735418462.6906","10803752223.1337","",
"Mauritius","MUS","GNI (current US$)","NY.GNP.MKTP.CD","162929551.229551","190077700.917701","196898180.13818","252579556.689557","218494568.764569","228764159.264159","227324069.80407","237403660.244596","206036641.556642","221733624.573625","225385794.745795","252713380.773745","319039558.859505","407225726.930657","671647447.210496","676132011.912795","719347042.329408","831847368.398749","1021252256.14629","1210642861.5363","1123863786.14972","1112226100.31934","1047120213.19746","1063525536.55328","1009203534.79876","1045281826.82798","1428466648.2207","1864786721.01891","2119122955.4854","2191509241.94448","2666405160.85514","2901040798.58383","3278665266.1842","3310815266.86414","3581385452.75829","4075646176.24308","4437529595.8055","4226089189.7701","4199264178.82143","4385636251.97175","4709460723.11008","4689247456.97264","4919710990.58808","5865018867.28211","6653236169.06323","6568005717.88269","7060632235.95434","8348146891.56705","10127460747.5008","9089199556.94341","10065715102.4545","11473579519.2286","12262473988.3285","12953270666.3985","13772590781.2118","12710009784.1497","13287984769.9684","14669209563.6002","15825357159.6964","15472161951.1254","12572034521.725","12807212334.279","14385945654.1605","15821093517.44","16468282929.9139","",
"Malawi","MWI","GNI (current US$)","NY.GNP.MKTP.CD","","","","","","","","","","","","","","","","","","","","","1801156774.56852","1801193909.52073","1717379494.63245","1780148049.43635","1758028656.12928","1646442272.89094","1722586299.409","1721711808.48111","2008189508.37875","2314205129.58032","2737087861.62245","3206783830.41779","2618837835.02508","3013392657.99911","1719864761.30628","2033701497.97085","3319573749.6119","3875785863.38323","2510999703.50163","2559480258.88685","2520027487.99674","2467602175.83107","5042959727.86774","4628275922.72366","5012872759.74473","5280553232.92169","5780472892.76432","6430279370.92242","7721247411.27234","8953580338.59212","10021166893.8185","11532861683.3477","8638482884.79603","7872142936.48892","8640515834.70583","8999698474.69735","7886787909.55495","8735399094.03681","9558085482.09289","10785439025.3061","11440171500.7669","12006205503.8738","12054582375.932","13163911110.6806","11124721424.0196","",
"Malaysia","MYS","GNI (current US$)","NY.GNP.MKTP.CD","1834562690.69195","1840116032.17018","1955102867.48421","2454250266.23372","2600270480.3967","2866830871.35194","3052377810.15412","3151357955.325","3290844826.57241","3573411907.6708","3803712245.44463","4125467686.23905","4909283589.33109","7393188803.80464","9082007272.75144","8996502331.77881","10618612474.5483","12621059829.3654","15624068993.5675","20267386569.9891","23607148386.018","24131503282.157","25567442210.9864","28447172859.4507","31652445211.342","28981386541.1862","25883982673.2501","30204338877.2514","33330749435.9021","36668805341.9136","42152410000.4621","46670061099.7963","56023874033.0624","63683741276.0601","70892013412.5895","84567384370.0159","96164639478.4959","94647952303.2153","68264115368.936","73652105263.1579","86182105263.1579","86041052631.5789","94250526315.7895","104271578947.368","118327894736.842","137212140608.15","157977654840.538","189481287502.884","223906592446.324","198224543999.537","246905159655.731","290892852065.831","302839192295.004","312493632789.776","326875882255.886","293133023632.862","292917092605.123","310119720279.85","347616421527.931","355643356741.268","330671265155.887","363610825965.209","394892167279.093","387744775878.208","407781089749.473","",
"North America","NAC","GNI (current US$)","NY.GNP.MKTP.CD","583985305578.952","603830238846.647","647165734354.871","683502859395.849","735037602619.219","797993589415.292","875075316160.867","926144683349.806","1013227299358.25","1097432116893.77","1161733107846.94","1261595888711.91","1393043138086.29","1562428363219.87","1712571917703.59","1857107103341.98","2074026428513.82","2291480847815.54","2564867533302.81","2852710415707.64","3115861296279.21","3500676066974.82","3676918556297.52","3947714929152.25","4379930285050.09","4667152777885.42","4884966190732.6","5251000288709.48","5751485925579.06","6148736524793.08","6479728023890.68","6691939937740.55","7011807051568.33","7296609129722.82","7733253986741.73","8163928231999.62","8660116093494.23","9229018873684.2","9753241613053.92","10351160084286.5","11114926551970.9","11471838678894.1","11802749180463.8","12417674520144","13331963716383.2","14325918940751.7","15376346381135","16011268540294.4","16260626256815.8","15793929425729","16777320575651.2","17627886042319.6","18442882486603.5","18965943427757.1","19767466989702.3","20147695277013.9","20499792719731.5","21472876851163.2","22586840018536.1","23495308301061.7","23108848778920.9","25843622155350.7","28399613601961.7","29720041033043.6","31414599562688.6","",
"Namibia","NAM","GNI (current US$)","NY.GNP.MKTP.CD","","","","","","","","","","","","","","","","","","","","","2084254667.87531","2135027843.64712","1971493973.1962","2212958890.58433","1838586651.86267","1333564472.16395","1570780190.38683","2203837707.93499","2244875186.27929","2417343500.55306","2841856924.59498","3109418773.30185","3465140143.07083","3274436506.92129","3687904127.46656","4099369796.95816","4017399750.52037","4169089350.12919","3914088476.64121","3801614375.2893","3941859827.07352","3545664831.53276","3395021292.13423","5160199895.59469","6690279259.40134","7128926754.83294","7932053612.33025","8567561173.23789","8357762966.89838","8658629373.84575","10835987790.3209","12010748072.7806","12519827110.1304","12011999579.4904","12363536657.7186","11317050632.4328","10511261596.5703","12661495881.2477","13176748522.8513","12234173555.5494","10539865094.8199","11934183889.9631","12013876948.5526","11814397634.4751","12926605319.3856","",
"New Caledonia","NCL","GNI (current US$)","NY.GNP.MKTP.CD","103537003.33092","117506797.705119","100863344.065059","112850230.000557","164206525.037598","159594492.463655","164206536.445162","180036767.648861","215507162.56893","263108841.338416","358815684.071892","413985778.589656","506808996.694661","542293399.862618","637403478.492486","816652164.400241","798313521.689803","837620126.558528","846004687.758093","1047225723.57386","1182463951.21814","972564154.815131","904599869.725833","823857893.163123","796066194.738573","854820893.577136","1201321513.76667","1488093101.50275","2072775508.14796","2185082938.93078","2529440424.16648","2653780672.09555","2923883281.08579","2822243780.97543","3038728384.86634","3628440505.14193","3606968435.99917","3291131281.04099","3158399672.41888","3055992144.25076","2687308213.42163","3551731897.14621","4011141653.82458","5254336903.65932","6308504445.12318","6721317752.96747","7402023850.62945","9219484334.57848","9536420117.06002","9187512764.33325","9769099063.43057","10746989206.2424","9952372303.77889","10477490867.8299","11145232413.911","9232789689.98738","9230967084.67858","9718047504.02142","10273712517.1537","9835664554.07088","9840168247.32791","10445962237.8115","9913824855.26445","10056759860.2052","8824828267.47323","",
"Niger","NER","GNI (current US$)","NY.GNP.MKTP.CD","450750752.968755","487417350.906916","533373736.49133","583845734.442433","580367093.06507","671343283.544329","700663782.308254","659489375.199049","640214226.589192","623467985.956978","648416621.986457","692268724.971283","741693954.448891","946742746.147533","1020046652.35657","1039256097.50976","1060730182.88048","1290953318.82281","1744550224.84238","2051934893.37644","2475601401.18622","2101504797.45898","1945903109.76219","1762371540.24401","1406830607.77473","1398279033.96524","1886598017.68785","2171449535.64751","2234695352.33313","2197434987.10671","3536335383.62662","3309124310.38688","3411197100.13232","3075790120.91142","1947256704.57946","2321200225.5217","2458045616.1649","2343959499.72856","2741213724.12177","2639591995.23357","2336466415.52718","2562006013.85564","2922900483.91999","3555180320.11406","3991628172.38261","4657521670.83218","5051726203.89744","6067304911.2265","7693546227.2749","7756099258.0583","8283686875.69784","9327272805.03519","9746582481.36369","10626393166.2762","11351529661.747","10161942025.7141","10734604834.9542","11600276120.4447","13405990160.9815","13479237677.1727","13156291934.1654","15188308377.3499","14058647971.5527","16502601790.3135","19638640044.01","",
"Nigeria","NGA","GNI (current US$)","NY.GNP.MKTP.CD","","","","","","","","","","","","","","","","","","","","","","","","","","","","","","","","","","","","","","","","","","","","","","","","","324321646213.473","280445995386.07","347315817192.993","391494346889.747","441706108191.483","494387410379.986","555021693443.684","480318932817.476","398387885254.181","367400071058.266","410486871490.792","659058972696.404","593819835741.895","600564758163.613","634077685239.012","476447562859.205","245629880142.691","",
"Nicaragua","NIC","GNI (current US$)","NY.GNP.MKTP.CD","221422331.967877","237542994.885154","261724050.502323","289698149.822969","336637819.786125","542948081.844892","575688595.16902","619998928.992067","644500734.676564","699864399.019988","716984408.885056","765562260.40354","807325780.559746","995816795.75711","1395645827.08481","1463688149.97682","1693470947.7354","2084962754.70989","1934722894.24654","1426128691.5052","2019036793.1065","2294375801.33099","2295884738.17052","2576139484.88868","2935445628.13919","2514907259.8711","2820310547.48577","3830420191.54373","2263855990.64809","800872567.174673","987778064.516129","1158737525.7732","1297400000","1324754248.36601","3388877083.33333","3769952071.71315","3984051902.78601","4125273010.40857","4450044183.86574","4659213760.39969","4907697830.53062","5110160715.6238","5017846445.85679","5124036145.70699","5600920190.29384","6171324153.65023","6548072378.83579","7227875010.58351","8277767596.93527","8048802491.62688","8514402230.44571","9505629333.50208","10116217231.4516","10448788246.3304","11432538824.8346","12267696261.2511","12651893388.4892","13074193007.7997","12373021973.1671","12232623613.2788","11926422432.4868","13463120364.1339","14443372502.0956","16999625415.6766","18705082969.5039","",
"Netherlands","NLD","GNI (current US$)","NY.GNP.MKTP.CD","13096153900.3908","14316763553.3716","15664142547.1994","16906701091.4394","19902321693.1841","22764587468.6117","24766819071.6724","27189825366.8611","30114293228.285","34115567805.1495","38135620015.8276","44283140977.4436","54470369404.0099","72196135897.8401","85188596606.2792","99054169571.2792","108631897816.303","126744177965.341","154390812792.829","178348534549.05","192869737308.801","160952997438.841","155390245935.463","151242029959.077","142317037087.912","140406975185.775","196283309947.832","242261048738.033","257938834875.683","254974780214.07","309671120658.357","319951797501.179","353189854636.591","346513785002.373","374083565806.998","449870985451.551","450912418300.654","415702507341.315","430346589646.745","444941417235.908","414339978390.589","421698206755.906","461909928180.785","575287814563.92","651908057791.894","678587794975.875","732380748974.117","842819325512.944","910935931657.812","847621830815.234","848188220466.668","912191427850.196","838269362485.547","879178282773.728","893751559648.624","764253559807.422","773791690062.259","833529607652.943","925132601026.666","909212568423.528","905739812670.82","1071390040844.94","1034598172943.58","1137448101527.47","1204132035777.34","",
"Norway","NOR","GNI (current US$)","NY.GNP.MKTP.CD","5144635003.96842","5613087364.48356","6043822291.98031","6478172697.69336","7121213191.72936","8017480868.43816","8649629923.85241","9461700004.0855","10112239101.2951","11037794417.8347","12705203768.7774","14487591235.7035","17216359703.7127","22348930070.4152","26858674476.9572","32519337848.4379","35367745257.9492","40553132901.2867","45126566583.3699","51304674078.316","62526320051.8303","61708162731.9453","60686705918.81","59858834493.7229","60446364026.2207","64293490904.0153","77474948273.7636","92914582560.2968","99454657050.7902","99913389818.2345","116416441682.509","118015857100.989","128092686459.088","117849762478.679","125009918385.854","150183893168.329","161663462432.944","159654762914.581","152472995719.076","160983434198.379","169109727555.727","174319539130.531","196448182569.704","230688257393.859","265776317351.056","313371051610.4","347178207786.943","401432178378.286","462874822695.035","390179062703.751","435702909141.045","506139118181.721","517101160292.222","531585021276.596","517499761967.733","404192290999.276","387092976190.476","416379568809.188","457569996925.915","421234090909.091","382834834941.145","502221885913.853","596856513825.084","500327390343.959","505791671190.385","",
"Nepal","NPL","GNI (current US$)","NY.GNP.MKTP.CD","508334413.965087","531959561.62226","574091101.194382","496947904.443033","496098775.308642","735267082.294264","906811943.824649","841974025.462659","772231386.914829","788641965.432099","865975308.641975","882765471.604938","1024098400.35619","972101724.995368","1217953546.97604","1575789254.46938","1458101060.96026","1388295944","1611275923.74294","1859541675","1958433283.33333","2285666641.66667","2407792007.20946","2460439926.06285","2622156916.96756","2620073953.26603","2850771863.40946","2956311182.3187","3483739174.7903","3531837074.69404","3640235688.98968","3934070319.92398","3414418708.24053","3667791666.66667","4078795918.36735","4406568273.09237","4529380381.47139","4926391916.53516","4863055044.39064","5045642384.10596","5514252207.90502","6030204081.63265","6042907941.52509","6321779211.32572","7251117010.68021","8152825110.01937","9112239663.62805","10431055151.6226","12667669492.112","13007811026.4899","16124973167.3285","21678317045.9088","21854809619.7468","22310902766.2253","23065091325.5243","24704984111.0513","24843843665.6829","29263410261.8486","33328197894.5092","34539791626.5539","33828751647.5543","37122384063.19","41421597989.0937","41528524191.0584","43618588469.2454","",
"Nauru","NRU","GNI (current US$)","NY.GNP.MKTP.CD","","","","","","","","","","","21028191.2868182","22750464.7776907","26011544.3925234","31750849.4554773","43078184.2299189","47999736.4468114","48215939.7453675","48404166.0931406","49971309.4969547","53175357.2645689","56186257.3816156","61862091.0251945","63284011.9165839","57971841.8343472","56684261.9090744","49725469.049628","47799408.9255736","48013693.7533086","54970254.6565774","64312140.7051543","66509139.6691035","62871988.0700102","61196416.2116435","52111720.0674536","47562020.0622622","47837689.3376893","44831790.5918058","44670370.9500704","35512175.2696195","32706166.1862389","32205614.5198769","27107813.6739294","25130650.8999581","29563075.1310425","36933205.2923602","35680348.8197264","34611710.0928422","28470334.2427038","42258230.8671619","52199461.6388209","57343262.8111403","80826669.2169585","121666862.591027","118560095.041606","121784282.457836","116562431.620451","133574227.9628","152796223.685828","175720088.053824","176940643.351602","187363708.822719","263682494.333401","250006784.245748","248287094.993875","252077921.907637","",
"New Zealand","NZL","GNI (current US$)","NY.GNP.MKTP.CD","5568052557.32485","5668085730.0168","6098458832.55079","6618180802.50119","7227442616.50687","5630511254.26117","5825101000.25239","5917420169.55758","5162328824.89247","5735169462.27236","6412571396.57296","7813040969.4172","9409333981.52649","12604702935.8564","13749310535.0248","12575107296.1373","13177123928.2931","14991606596.2279","17922240802.6756","20201342281.8792","22650067554.5262","23759886770.4604","23416605972.3234","23300473186.1199","20492585295.0327","23207161125.3197","29035699197.2962","38181987000.9285","43148470209.3398","41939989347.2214","43598278850.1763","39869457573.7115","38955231816.2484","43406891211.7693","51562366444.8379","59902364505.8448","64917441376.4396","62114984555.2544","53652297489.3415","55246250454.0973","49633337724.4983","51147245940.0636","63271230716.1516","84057652375.7176","98051764705.8824","107308315144.688","104049024058.103","127403542294.407","123776621916.075","116688737585.108","139604609813.937","160855806105.352","169226902707.183","183488221153.365","193410115311.23","172268693666.208","182922677990.289","198875474424.03","204207091004.492","207577699085.893","208829972925.802","247073843542.227","241305491857.848","246403086811.455","253256451329.557","",
"OECD members","OED","GNI (current US$)","NY.GNP.MKTP.CD","1073735356140.9","1143716954006.25","1237404305538.47","1330240125722.57","1455375288462.04","1581502628599.66","1728145920141.25","1845370564658.33","1998296196496.4","2200536396677.81","2409915280437.42","2666419086693.82","3100933964054.67","3758510114063.18","4212632291952.08","4716848624161.17","5103557021058.43","5755106388563.05","6925541810216.33","7983338628130.32","8868584922969.42","9014008763006.08","8893066835925.51","9145748071911.6","9575949407133.82","10068769999668.8","12179105113960.1","14155419609625.8","16020880994590.2","16692240024176.3","18776404534118.7","19858819469559.5","21353199490712.8","21695602482737.7","23205343401987.4","25628491513832.4","25904770824710.6","25586771945312.8","25842679869073.8","27147967396744","27847500363328.6","27610799275829.8","28742369041232.8","32124463799139.8","35825932959158","37944464566266.5","40151618357074.6","43670241896396.9","46111779017848.3","43302781360635.5","45679359039828.1","49258464998458.3","49315017232520.3","49892421265353.4","51052352459698.8","48049070584948.5","48888329056947.5","51108763839442.9","54094232680919","54683897394063.4","53276939691369.6","59766341571821.9","61309012074171.5","64939759930928.9","67982328745319.4","",
"Oman","OMN","GNI (current US$)","NY.GNP.MKTP.CD","44234656.4535004","45634487.3539276","56273202.1971746","59912762.5382854","61872525.7988835","63279974.6880101","67759972.8960108","97209909.8875182","142799885.760091","184079852.736118","212639829.888136","252887391.72281","291318044.781681","304269468.113016","1354950781.70237","1801389403.59004","2345396641.57499","2581644759.6989","2627099305.15345","3584250144.7597","5724956861.60973","7020556166.76317","7401853213.66532","7749276491.0249","8606039427.09404","9679931382.90942","7252959825.33208","7721716254.87646","8071521456.43693","9121976592.97789","13005165149.5449","12736777113.1339","13787016124.8375","13844334980.4941","14295771651.4954","15325683745.1235","16915918335.5007","17503043172.9519","15542262678.8036","17174772431.7295","21422106631.9896","21253576072.8218","22100650195.0585","24192717815.3446","27988816644.9935","34484785435.6307","41911833550.065","47496749024.7074","67045253576.0728","52530819245.7737","61412223667.1001","73359687906.3719","82904291287.3862","86700650195.0585","88412627391.8484","76463053531.6231","73062344337.3053","77933942797.3267","86515337731.7805","82160667270.582","70677567515.9173","81347309990.2005","100517667449.201","100336788673.261","100970853235.468","",
"Other small states","OSS","GNI (current US$)","NY.GNP.MKTP.CD","","","","","","","","","","","","","","","","","","","","","","","","","","","","","","26349389525.9176","31492248568.5806","33150919287.0547","35943942563.5606","34371411374.4102","36207840066.2872","42497964640.8473","43892716508.2621","43838943792.4581","44677960539.8003","45707405490.7286","45483877578.3493","46008158402.3784","50734145590.2798","62649358711.0036","73927193216.6169","83043137063.969","92170808550.4649","110894985412.083","120795166347.667","104576118746.472","109323818041.215","127506308750.133","124799990783.666","130993811923.989","134084111624.455","121340812017.816","126443097110.947","141728003621.538","155368492800.676","155902378609.087","142377243149.481","165443694414.439","175494751272.109","190389867743.226","201075859891.177","",
"Pakistan","PAK","GNI (current US$)","NY.GNP.MKTP.CD","3743805557.32885","4113188163.79672","4304913711.46577","4618647397.73205","5191095684.16632","5904242167.15666","6530659168.41663","7414511761.44477","7976000544.30911","8608117913.48173","9933511425.45149","10602710262.9147","9280297318.40882","6304783732.14792","8825591919.19192","11135306065.6566","13023880818.1818","14945208942.4242","17630257535.3535","19454758401.0101","23372307730.303","27838462487.8788","30403618323.2227","28268946910.2362","30706971613.2383","30636427793.5356","31255404416.615","32653162967.6668","37638850724.0103","39282053646.9235","39037984570.654","44456518200.2892","47608476797.4712","50299060705.3244","50683426963.7896","58850709437.5737","61353055619.3932","60247042295.8531","59853183245.9639","61165857029.7631","97464802344.5277","94985618479.9038","95604302809.3537","110160913740.823","130009048339.413","142822552960.362","159204385506.36","180558869997.46","198280748583.854","182930783856.466","193427623453.121","227569579578.823","246861967230.679","254988233264.07","267435475356.814","295364590988.181","308284997722.844","334191536057.051","350691167594.255","315299473058.399","294966609817.792","344116645622.553","369642293558.152","330921348619.952","362584000121.266","",
"Panama","PAN","GNI (current US$)","NY.GNP.MKTP.CD","476969600","535851800","585984500","651251500","703985400","761567000","830854100","919886800","988582800","1087902200","1205311900","1359929100","1494068100","1705515700","1938411000","2206931300","2303264100","2778461900","3311658600","3741951600","4217386400","4705621500","5445367900","5838755900","5878087100","6390017100","6382234200","7004265300","5814883400","5652069800","6178567000","6642275500","7641337700","8496985400","9142989800","9107913700","8948303300","9659254400","10502257700","10969604800","11406297000","11662806300","12528551300","12794756000","14079803400","15457006700","17358721500","20463133800","24214228000","26343215500","27919709500","33773738300","38857139700","44042096500","47073004900","52316906100","55623707800","60514887600","61995613481.2488","65459457692.5571","55305091121.5326","63404274406.2378","73010404970.9375","79779521844.3351","82121458331.7472","",
"Peru","PER","GNI (current US$)","NY.GNP.MKTP.CD","2433690703.89787","2752739413.59316","3145771967.86524","3455128568.99534","4174714014.32419","4972305236.94901","5860350573.2983","5927055668.49724","5461022189.80519","6112812905.58431","7154120642.04533","8013653511.57658","8880977670.77212","10594850492.2634","13396771927.2196","16347258857.7297","15419678238.2667","14193750040.1929","11973365415.6271","15062355518.7205","17313021331.6984","20731428851.5552","20863306794.7242","16295593708.6642","16504690803.3182","14261545756.618","20381633884.2086","34722119208.8304","13993512558","20917465940.2985","24799606637.1981","33468062732.9991","34897208893.1542","33653695691.5188","43150876479.694","51082699264.1192","53618138247.158","56604257319.8198","54566466136.4102","49318340700.2511","50584450184.819","51181349334.3975","53584601500.9808","56867481145.0908","63395270900.4628","71336034731.7014","81483192756.3672","94276765739.853","112244779384.121","113307549299.515","136691650811.911","159083185069.533","180517336685.894","190810241241.438","191695514405.553","183303872361.819","183940620942.667","201299928108.921","211617892395.279","220088217727.993","196052808902.926","208830491728.758","229344325600.278","252682416330.246","272672482969.437","",
"Philippines","PHL","GNI (current US$)","NY.GNP.MKTP.CD","7421010145.4195","8118837046.37331","4940074389.21931","5488592304.9757","5932079379.39753","6486343213.76925","7166992041.53846","7700727781.28205","8535003115.64103","9493158985.89744","7429042130.1244","8273774513.55068","8940587431.1332","11297949735.8237","15553082547.9255","16749540687.6475","19127755177.307","22142109806.7292","25626224561.0024","30995296542.8903","36409081083.463","39972388926.0917","41162011275.1757","36900180110.7686","34255185603.5808","33644486494.0946","32666207419.6876","36570488752.3748","41940128953.8711","47026773726.2396","49764286538.7384","51576144937.7777","61008328159.3974","62960529423.4384","75009336955.0187","86974326397.6656","97930032029.9358","98787317636.4097","84891280435.184","97096033007.5612","91558067027.5897","86478481179.6221","92344891983.9204","95230408663.2458","103863714018.349","117903914419.063","139394152560.634","169989274445.126","198638894706.999","196297286284.675","231747446287.784","259495340510.663","290823739758.617","317288013007.529","331766346473.311","341466825826.696","354012676981.763","364718697510.819","383816939953.966","414552288027.021","389165789740.532","408104073652.169","428113122133.855","484953746413.627","521766436503.475","",
"Palau","PLW","GNI (current US$)","NY.GNP.MKTP.CD","","","","","","","","","","","12970467","14253524","15655223","17198050","18899550","20775458","22843128","25023393","27515749","30291144","33346479","36709999","40412775","44489024","50268970","57241954","65182162","74224165","84519678","96243564","109596078","119522900","117522500","108204200","119043500","135750200","154280900","161259400","167291700","161966500","138810165.405273","148586074.829102","149697036.743164","146208145.141602","159294296.264648","182234680.175781","184846527.099609","190064788.818359","191631988.525391","188102188.110352","185926803.588867","195672576.904297","207725708.007813","218839324.951172","236516510.009766","273913543.701172","289484558.105469","286277099.609375","280539215.087891","280063812.255859","267691314.697266","240291091.918945","247102142.333984","278121368.408203","","",
"Papua New Guinea","PNG","GNI (current US$)","NY.GNP.MKTP.CD","228032260.485162","242032262.725162","259056265.449002","273728267.796523","302288048.366088","341040054.566409","388864062.21825","439823958.371833","481487853.038056","544207863.073258","625856212.136994","682633519.039193","815291261.845255","1216990146.48196","1359618525.95074","1284211139.51823","1460885057.77573","1607009279.66359","1920513453.46828","2240371503.19561","2486042095.78714","2410965173.62664","2249417028.45659","2419673119.28778","2471643377.34488","2334667014.55743","2573773900.72616","3000113338.59824","3515356039.36553","3412564319.62385","3096328114.69696","3663550420.16807","3979218121.50114","4540892886.34505","5097500696.51741","4369966397.24592","4694307814.87102","4612875950.07322","3523699121.06055","3191756597.08547","3302783383.96991","2831562398.12702","2773645401.20439","3129731125.30602","3558965608.21926","4527603062.5403","7530558913.35036","8824837742.37475","11026839717.8166","10763853491.4522","13182459454.5496","16273190424.1724","20197600410.434","19541529643.4411","22809098942.2622","20304538486.3236","19814206954.3563","21662807656.075","22779684605.5353","23013814339.4997","23104207314.8527","24519488100.1102","29789742131.0912","28522043679.7959","29894431091.5588","",
"Poland","POL","GNI (current US$)","NY.GNP.MKTP.CD","","","","","","","","","","","","","","","","","","","","","","","","","","","","","","","62591748210.5263","82606835490.8816","90171446702.3696","92648921686.7901","107968675031.185","142225739314.461","160456956344.349","159441961313.601","174707659549.98","169893786607.272","172188238813.182","190947018735.191","198116289745.696","216102286533.43","248234791704.601","300951666258.175","336981230088.832","415022670207.193","524462050719.687","427272861299.261","462249195768.249","509126016589.444","479188660855.595","499262960365.017","521376161737.583","462002918158.907","454775433601.938","505864085381.071","569457737081.91","577797688425.851","583489675593.182","658886045351.756","668250895914.937","779445246207.442","887015369679.226","",
"Pre-demographic dividend","PRE","GNI (current US$)","NY.GNP.MKTP.CD","","","","","","","","","","","","","","","","","","","","","","","","","","","","","","","","","","","","","","","","","","","","","","","","","951802895724.518","865592167624.692","1004731559456.79","1165230138189.81","1284158582368.39","1402448646009.65","1510119237670.38","1288511828075.01","1156688528003.26","1201898068121.57","1337125696412.29","1599792202782.37","1467752218566.1","1595874673403.65","1810752922119.42","1636641018655.36","1468934221714.57","",
"Puerto Rico (US)","PRI","GNI (current US$)","NY.GNP.MKTP.CD","1676400000","1833900000","2047400000","2271100000","2487900000","2763900000","3019400000","3307000000","3683500000","4166900000","4687500000","5248400000","5767900000","6303000000","6811600000","7174600000","7549800000","8181700000","8996700000","10037000000","11064600000","12211700000","12693500000","13048500000","14183000000","15002200000","16054300000","17300500000","18681500000","20051400000","21619119000","22808954000","23696441000","25132937000","26640911000","28452346000","30356951000","32342706000","35110700000","38281200000","41418600000","44046600000","45071300000","47479400000","51826517000","54861880300","57854319400","60642710600","62703100000","63617900000","64294600000","65720700000","68085700000","68944900000","68797500000","69602000000","69985200000","69049500000","67601100000","70765100000","70353300000","73357200000","78642100000","81902929280.8819","85437707033.7047","",
"Korea, Dem. People's Rep.","PRK","GNI (current US$)","NY.GNP.MKTP.CD","","","","","","","","","","","","","","","","","","","","","","","","","","","","","","","","","","","","","","","","","","","","","","","","","","","","","","","","","","","","","","","","","","",
"Portugal","PRT","GNI (current US$)","NY.GNP.MKTP.CD","3349050134.2282","3579700998.72893","3838029358.50076","4091747139.61219","4470014719.01796","4952829731.26486","5402130904.49058","6052087797.72686","6696729254.59489","7360536255.05936","8180439330.54393","9256544169.61131","11310845070.4225","15262510220.7686","17750544593.528","19403482352.9412","20236067639.2573","21285615505.5003","23146569343.0657","26167741803.2787","32220076091.3096","30821612377.8502","28937974268.4157","25921000723.8509","23754253629.1427","25744364042.8286","37569631416.7002","47224347516.7212","55654806406.6852","60154378660.5551","78669171705.8079","89381250173.4425","108273039798.04","95690602169.3056","99976793478.2609","119040853124.585","123350185859.111","116858131503.716","123584737310.775","127054733808.288","116682806037.335","119518644557.63","132754657186.222","163569361516.919","187002614522.452","194633883551.726","202827075938.35","233587111152.507","254553929557.289","236288419140.502","230806684374.184","241074098544.932","211677221863.129","223413313836.654","225356357967.272","193882117436.104","201616016279.834","215929574787.319","236328855161.847","234418623962.376","226317653053.904","253511407283.418","252257435856.715","284774250395.934","307366347193.035","",
"Paraguay","PRY","GNI (current US$)","NY.GNP.MKTP.CD","278970484.806843","313636288.119048","358209843.944444","380428124.68254","403485029","438245711.603175","460926149.365079","484385042.293651","508656484.738095","543418336.293651","584085296.650794","653863441.02381","752702050","977588571.761905","1315884328.49206","1497517849.74603","1681474202.77778","2073414917.62698","2531684532.72222","3395149576.66667","4615262553.71429","5844135115.88095","5473887865.63971","5668860743.63014","4377514178.26016","3129799941.69049","3499496923.16003","3626691587.20359","3936391875.22619","4445692940.0161","5375192316.57993","6141769931.5575","6394607887.62248","6922576762.71284","7046591797.2868","8166091023.01556","9310339798.03677","9139981449.67996","8512189665.10055","8101870108.7183","7742108508.89899","7572510978.02447","6598212817.47156","6543427029.08003","8342343729.60108","9363303730.94296","12108686993.566","16861968998.8098","23413218053.8126","21172302797.6641","25824275618.0682","32303408198.4505","31782302451.6837","36884581278.6264","38807764239.4682","34772243173.4843","34781392962.8369","37667297201.4268","38836002785.121","36773912083.8542","34229190486.9059","38487561052.2779","40608458126.9309","41602674392.0791","43025798161.0594","",
"West Bank and Gaza","PSE","GNI (current US$)","NY.GNP.MKTP.CD","","","","","","","","","","","","","","","","","","","","","","","","","","","","","","","","","","","3206000000","3722600000","3834000000","4280100000","4786500000","5025000000","4819100000","4322700000","3774700000","4212600000","4831300000","5474700000","5770900000","6368300000","7981700000","8617800000","10280600000","11935600000","13065900000","14675800000","15472300000","15684800000","17301000000","18257000000","19062800000","19791500000","18024400000","21736300000","23693000000","21523100000","14620900000","",
"Pacific island small states","PSS","GNI (current US$)","NY.GNP.MKTP.CD","","","","","","","","","","","398419414.027962","447572075.177574","555052244.499974","745031910.66791","971610387.285263","1100703369.07505","1116735421.57044","1177289269.7288","1344339045.03912","1612975867.71106","1882322405.38546","1960777900.70895","1903348842.77178","1837666634.36045","1913809332.27099","1870333740.68863","2059169222.0644","2008394272.30606","2105614665.22575","2207675077.62498","2461388035.43981","2606869022.48249","2831462026.86875","2971799292.48595","3382775808.25637","3709161628.53314","3981249319.5526","3991203269.85683","3457180006.4227","3758114131.89371","3534568346.45962","3444079491.58333","3622243116.91877","4283229813.84093","4933846333.28791","5500891584.49357","5605322058.68447","6195522856.61844","6646423035.10155","6060591519.07105","6616528200.20619","7674020152.16131","8121617949.02915","8666955675.74665","9284079522.36227","9136219645.40584","9533881854.22077","10156162330.0145","10723919551.0484","10649033401.4889","9529343681.62047","9721251335.65879","10638833477.2785","11539343961.2589","12346868669.2166","",
"Post-demographic dividend","PST","GNI (current US$)","NY.GNP.MKTP.CD","1048140985597.17","1115167853477.79","1207327737630.2","1298090282214.44","1417916844931.73","1541948220463.94","1684924012830.64","1799348726460.39","1948095061210.04","2144581181269.59","2351791506693.86","2606883736379.39","3030564194394.72","3670044235689.66","4097465857571.03","4589028959708.19","4970917287988.01","5616151418614.92","6763773203733.62","7760818017973.83","8591660360733.7","8678905058625.11","8661875330712.66","8938882847257.83","9359040826532.17","9840224364668.26","12000909663677.3","13960012725184.6","15784895379802.8","16411597085721.3","18387502041127.1","19378582777424","20790821152751.6","20952320213308.8","22453173712376.3","24885920015322.7","25054211466787.6","24635316056752.5","24806950839132.3","26061258256420.5","26617246253029","26383005244184.5","27449969150639.2","30759292630075.9","34243727080064.5","36092488444911.8","38107837860992.1","41317486711357.3","43498178334835.3","41116474542159.2","43149582328764.3","46485697679741.9","46518369519769.3","46898886898745.8","47967604126630.8","45287121862091.1","46217644070337.2","48287269464040.2","51193569423580.5","51779951261426.7","50581657706900.4","56606865919350.1","57871055089365.3","60828478771698.6","63488611263329.2","",
"French Polynesia","PYF","GNI (current US$)","NY.GNP.MKTP.CD","57242963.2039213","63899100.0946917","67080766.7130842","79873887.9518743","122872653.528658","176534588.403052","215659453.550939","220984367.626581","259590074.527934","242943783.142736","254036000.752587","296865513.746817","326433558.076079","431252938.061046","555340842.860311","690323388.529907","732288906.273954","793196378.708826","1005569835.39664","1215032463.67336","1320416024.95218","1234743073.00034","1235897957.88874","1284180701.00787","1325515445.08362","1448281228.15738","2212028299.56001","2677977163.2095","2723496362.0482","2731683484.45369","3320159522.36546","3410078967.89823","4612476780.91495","4423524796.0975","4587500615.67466","5266834863.95777","5251984533.13437","4667482047.30988","4779530565.63885","4746670104.70611","4311914078.43024","","","","","6226680611.65","6471539590.33024","7225829512.70983","7810681205.45607","7209308275.73183","6688069211.00063","6881874292.30938","6265271586.70734","6675965771.97067","6796042520.10327","5871659795.92952","6026965864.5702","6418226305.96829","6732235477.92527","6599596915.00433","6161878078.29365","6613367617.15921","6178249930.22433","6764459779.39933","6964790843.92012","",
"Qatar","QAT","GNI (current US$)","NY.GNP.MKTP.CD","","","","","","","","","","","287784287.784288","355710438.350088","447334665.153359","689138461.784844","2359350585.19532","2402869298.40027","3017333735.67814","3169473558.7142","3635946168.33037","5167061146.33645","8370160244.8149","9196263818.68132","8144697939.56044","6926593681.31868","7073076895.60439","6721703104.3956","5676923214.28571","5925000164.83517","6339176098.9011","6685906428.57143","7581428736.26374","7083516620.87912","7868956126.37363","7365109862.63736","7589314670.32967","8375020302.1978","9323296071.42857","11626977609.8901","10174725796.7033","12274175824.1758","16360439560.4396","16834615384.6154","18466483516.4835","23117307692.3077","29492307692.3077","38814835164.8352","57601648351.6483","75473076923.0769","108507967032.967","88385714285.7143","110683516483.516","154504120879.121","174708791208.791","188364010989.011","196924175824.176","158174450549.451","150622802197.802","160679670329.67","179589835164.835","171961813186.813","141367032967.033","176969230769.231","227420604395.604","211234615384.615","211944505494.505","",
"Romania","ROU","GNI (current US$)","NY.GNP.MKTP.CD","","","","","","","","","","","","","","","","","","","","","","","","","","","","","","41530777202.0725","38108069549.7102","28865636863.4638","25031554166.6667","26216160778.8961","29943804264.4207","37189172175.0079","36628932857.6062","35252945755.6843","41198631638.7211","35512099389.2847","37019398195.7481","40169432696.0829","45604156412.426","56454813197.683","71825390351.9886","95561781584.8353","117949645298.672","168941412980.621","209606664329.629","171902480155.444","169237711192.926","191655071330.916","177389245141.572","187011430573.539","198781424858.361","176016433717.531","182805939815.968","207139929998.628","238234258807.997","247478248246.489","247867987286.498","280037836976.438","286381999370.798","339092996851.977","373571122607.864","",
"Russian Federation","RUS","GNI (current US$)","NY.GNP.MKTP.CD","","","","","","","","","","","","","","","","","","","","","","","","","","","","","556593977154.725","506719717064.545","515980497592.295","516545185185.185","455789723970.944","430624472095.383","393237301248.464","392165585723.779","386290390744.498","396237354191.876","259165786862.442","188191228350.934","252973642196.943","302363970620.5","338887494417.863","417176730926.03","578245490732.385","745489600996.901","961128626876.626","1270875029186.88","1614365511555.5","1182906447463.51","1477812038495.23","1985523437666.18","2140632821885.44","2212865788369.71","1991279402292.03","1325733351220.47","1241289768349.06","1532146060813.91","1616936904758.28","1639594452707.88","1458071184362.37","1786170729574.51","2244477871334.11","2044656855030.94","2145349984519.08","",
"Rwanda","RWA","GNI (current US$)","NY.GNP.MKTP.CD","119000024","122000016","125000008","128000000","129999994","148799980","124525702.857143","159560018","172200018","188700037","220000006","222952206.534298","246557838.336681","288126157.622554","305608423.452734","568583500.636186","634174704.58683","742886113.635185","901082011.002894","1106636668.68007","1256567126.65058","1416137710.85358","1418217138.41785","1483712837.86016","1588512415.66491","1707024858.62194","1934004687.95183","2143094452.41135","2381693181.03303","2395143835.77043","2538245717.67084","1900602367.69848","2018772224.13201","1956325711.96822","749636370.454545","1298975193.45159","1368386728.04902","1835058197.24621","1970083546.21411","2145736308.3219","2053482604.6546","1944110035.87199","1946953276.1338","2107690773.45138","2343005734.35922","2906638341.47272","3290339090.27981","4053287772.12019","5142840240.63694","5637685478.65291","6073490473.92275","6827682931.80234","7552066070.05855","7688179546.13209","8050148028.21699","8381416000.26214","8456915747.95075","8961396456.90503","9290176449.40477","10001278719.7967","9937664002.1204","10852692406.6958","13036292621.4416","14051562922.5422","13900791734.2757","",
"South Asia","SAS","GNI (current US$)","NY.GNP.MKTP.CD","42378635134.5041","44751552188.44","48009051241.7541","54519802586.609","63336758123.731","67326085550.2807","52340045761.6163","57339312359.8609","60398600644.0713","66450558745.4912","71063901793.2347","76471174683.727","81333114453.0954","96895889846.2006","116240093441.386","122653851419.708","117164472785.092","135830877894.384","154558153566.815","174054297011.454","211088430537.336","220951194075.595","226279250183.135","243233377755.369","239126324478.142","262815416318.444","279281254637.381","311821009290.023","331517391072.954","332913094116.341","361086141905.463","310905452137.222","329833703330.167","323999820656.203","374209264743.962","413247405701.388","455789415706.822","482572693871.275","490402271419.154","529460693326.907","541366207592.838","559701947775.758","592153039582.647","692465491612.088","801719462966.921","921281070299.156","1048225472363.19","1341615908755.28","1346112417142.62","1502437705262.7","1860315494352.97","2038934504082.58","2046303725100.62","2097951854836.44","2308507499805.24","2400614185158.56","2663024946445.43","3054812722254.06","3140864618991.52","3302728208715.95","3149986692767.92","3699184668956.57","3900266488914.58","4174988234788.93","4472425949989.13","",
"Saudi Arabia","SAU","GNI (current US$)","NY.GNP.MKTP.CD","1412253244.44444","1559127155.55556","1721265266.66667","1783274488.88889","2005571577.77778","2232222155.55556","2584444466.66667","2697022133.33333","3542777688.88889","3812754955.55556","4362891070.66667","6830436372.77017","9608775239.44129","13104770990.2555","44187605633.8028","46488924872.8967","63609065155.8074","74098208118.1482","80054724696.8874","114708925187.386","165065700916.993","185648341408.21","161089980633.988","142016787264.834","129863223609.535","114560463832.137","97583040777.7478","95557009345.7944","97994392523.3645","104759679572.764","125608811748.999","138989586114.82","142521228304.406","136876368491.322","136647263017.356","146146595460.614","161108678237.65","168748197596.796","149540266666.667","164637626666.667","189994400000","183618033333.333","189395360000","214507200000","259219920000","328891442715.7","380735060080.107","422361075730.487","528961689493.333","437737456666.667","542915211066.667","696789487866.667","771810271840","790943083546.667","810180646080","714777887866.667","704632328080","753148455840","894739275066.667","897044755840","779166551306.667","994371967280","1247676365706.67","1226295708106.67","1245906142906.67","",
"Sudan","SDN","GNI (current US$)","NY.GNP.MKTP.CD","1132107987.1686","1222573237.28482","1323377373.1286","1351522117.6092","1386559452.57484","1446869619.31898","1484491675.71652","1597932227.44955","1665134984.67873","1832567495.21128","2086157386.80689","2270246991.01162","2460941994.43119","3052556011.0642","3917576116.93732","4769959806.92119","5961803578.29352","7446450567.68509","8073877880.41975","8340582543.70621","8896400000","10357723353.3085","8581014393.73185","8049000000","10038846153.8462","7812371827.84519","9762680000","11724633333.3333","13826577777.7778","20324377777.7778","30930111111.1111","37960408637.1135","6191333071.04124","8024405262.56324","11894094106.1915","12919670186.6498","8660941307.58751","11336164399.9053","10882541400.2557","10224508771.3185","11640425128.1004","15131646554.0867","17355345913.3828","20486089766.6288","25533305674.5701","33836908768.182","43249852247.2373","57187003174.4457","61819980259.9127","50087995307.6923","54796022310.3448","51237402657.8947","35608466700","40223884726.0274","48568747977.5281","50563738020.202","41763874766.6667","39632308795.2381","30521438452.0885","30717965586.7769","25561386740.0266","32885091723.3444","50588328583.9847","40085339761.6665","48087992746.6966","",
"Senegal","SEN","GNI (current US$)","NY.GNP.MKTP.CD","","","","","","","","","1296023546.35431","1234844955.91243","1282437206.16673","1323095179.35147","1598995147.10742","1823256924.18192","2049389332.40796","2754472119.41045","2808760927.52501","2883707131.43248","3204308240.74323","4005478436.55251","4410208080.28491","3986593365.03088","3898346606.63015","3466555055.56523","3358564465.74956","3691845755.82297","5226996260.21969","6289050834.35406","6200218083.89595","6161338281.04578","7194170821.31091","7060308334.02949","7637218742.18537","7176887981.72727","4892478446.54397","6171478877.50727","6486796863.81316","5969413839.48445","6449709984.17625","6500060810.10666","5922366536.58426","6429937402.60184","6904222260.12998","8674435366.95402","9986497896.09713","10919437893.6764","11634425951.6367","13920278782.9921","16805895461.5657","15975441977.4227","15971192907.043","17532438785.7207","17359552048.495","18595820748.9949","19408861677.0509","17312461398.5564","18541862786.7709","20409580182.44","22515158389.2178","22793623628.4741","24122233479.2522","26818952801.8446","26894849047.005","29663309124.7956","31827843911.4737","",
"Singapore","SGP","GNI (current US$)","NY.GNP.MKTP.CD","717622385.846166","779199142.825409","842278568.675234","939658044.831799","922442686.249273","1006036808.85399","1131117658.97257","1269983862.643","1454191466.14748","1687562475.09163","1938932843.76817","2260518750.81667","2714688432.16311","3616604444.44444","5078863839.83072","5684353071.5253","6292792982.75208","6542779666.50478","7499549069.44331","9262225153.91381","11286075600.1104","13359844946.7588","15273772897.2405","17289626168.2243","19624088973.0241","19314940696.6387","18592791236.762","20371544043.3545","25025641025.641","30280113297.5552","35780956775.8806","44779334298.1187","52162444051.9667","59324256664.383","73784439887.8126","88447587970.7205","95601333578.2435","102085524977.674","86992785620.4761","87264219682.2692","95489230337.31","89193363036.5854","90696854887.8916","95051093943.6328","108075478574.488","120576521106.443","144596216454.69","176181970430.668","186495139805.253","184079779170.376","237216943354.934","269757413084.683","281970766822.76","291009669943.259","303910658616.471","286982925099.558","300689083099.658","321223020801.275","329658255006.887","330618960560.287","304388719050.373","371025759164.798","407045138528.738","412466868786.617","458396552098.324","",
"Solomon Islands","SLB","GNI (current US$)","NY.GNP.MKTP.CD","","","","","","","","","","","","","27708109.3992595","37840136.0544218","57171514.5436309","49485054.3353751","52915678.3166704","59989997.9707635","68218914.0373006","97348157.6601337","167909232.888301","189843240.255308","184046118.644347","172862092.293119","172777297.904162","160460000.796884","141705606.086707","147391277.956484","167947044.850054","164989654.384492","209618219.910526","218515701.261626","259130562.48079","296825079.139313","399920276.068419","462690214.040342","503520398.120435","518079297.443974","449688899.66856","471096528.378043","415637468.851513","409615847.714611","338901817.989999","414236064.111323","470197457.655198","554501609.788107","603431098.50925","661676829.587036","720476664.889415","749697332.428558","854220602.11785","990050121.32163","1128050320.29707","1289716856.7823","1320299497.854","1283708191.1873","1336639896.08655","1440171552.31325","1594885749.83606","1602560220.05043","1572048440.76391","1576264326.87103","1474968110.59099","1531285865.35384","1585623375.78162","",
"Sierra Leone","SLE","GNI (current US$)","NY.GNP.MKTP.CD","","","","","373412130.933926","360464855.814058","376606849.35726","350044945.713035","332109732.843893","411789764.715906","425644970.257988","410616757.37218","457444098.39382","564776772.480162","635300732.587459","666269183.714556","580211890.298695","668004361.098997","923528231.968215","1080024977.05706","1070606782.24424","1086624967.64731","1271553707.6656","963374581.638228","1057685611.26716","828277188.849627","450594829.729058","630919454.807156","998083963.830965","884574406.90151","579839929.743935","719590714.556585","605257066.886646","724864703.88169","798421617.752326","818461340.861422","909206153.364931","832933326.405042","637310455.622793","644971635.549372","616091533.727669","1660703651.37849","1927862483.40903","2107401545.69406","2056281445.54264","2398162298.5699","2795516405.12926","3015641872.90172","3612680466.13886","3784130226.10134","4213697337.43882","4643569864.72337","5959830853.22918","7066558515.07409","7305150350.62878","6675734909.37746","5988391765.26326","5650179607.58525","6321721809.58471","6453832471.00558","6661953414.61612","7095115118.63887","7052172101.94927","6361883474.53886","6913927234.25708","",
"El Salvador","SLV","GNI (current US$)","NY.GNP.MKTP.CD","","","","","","869920000","922120000","967120000","1000760100","1040000000","1123320000","1175480000","1251040000","1426240000","1631120000","1843800100","2313040100","2913960100","3075680000","3423199900","3490159900","3337200200","3280000000","3375638500","3527888000","3683654700","3654968500","3835248900","4069280700","4250907600","4689782204","5109572400","5705749300","6567739200","7587384000","8826057100","9464957800","10058405900","10773659900","11002097000","11531827700","12016833600","12340790300","12820792200","13266960900","14207700000","15562370000","16555500000","17597840000","17045650000","17909710000","19665540000","20515590000","21000760000","21558030000","22346390000","22945050000","23591570000","24550760000","25540040000","23543800000","27355140000","29922820000","31714970000","33108710000","",
"San Marino","SMR","GNI (current US$)","NY.GNP.MKTP.CD","","","","","","","","","","","","","","","","","","","","","","","","","","","","","","","","","","","","","","","","","","","","","","","","","","","","","","","","","","1415999562.6985","1507442875.03702","1479766377.19393","1391206106.96578","1672411549.04948","1671167765.42851","1850181810.99868","","",
"Somalia, Fed. Rep.","SOM","GNI (current US$)","NY.GNP.MKTP.CD","180179811.448075","191365775.61369","203335811.145676","216145935.941626","229235720.145712","243529907.068037","256577758.488897","271375748.089701","285922033.471187","305542857.142857","323276144.857143","331083250.778068","417799724.933293","509228820.504656","470205387.76807","711979977.918983","809440802.382843","498115942.028986","564157458.563536","590419947.506562","602307077.585907","698414711.477489","771093313.466195","733922291.073522","776366718.105695","856420545.746388","882853615.24809","985989786.72274","1048061739.55308","1132788621.3859","970510816.89811","695858667.447368","688491290.545455","1223933015.37439","1431070313.43903","1485049803.47598","1743770936.97058","2134133559.52395","2885986220.21044","2969396374.82967","3333262725.58115","2204458704.51236","2148034707.80258","2782333700.27029","3790631241.11668","4606343446.30112","4951149736.44672","5356068173.37221","5840195887.49132","2915985883.86253","2661757590.86352","2881763046.05489","4364670159.99578","5030881600.00104","5697748228.90988","6122914024.23371","6583427333.83597","7588939452.36823","7839000000","8619000000","8591000000","9444000000","10164000000","11167000000","12210000000","",
"Serbia","SRB","GNI (current US$)","NY.GNP.MKTP.CD","","","","","","","","","","","","","","","","","","","","","","","","","","","","","","","","","","","","","","27181092383.6747","21015363709.7739","20893811816.6617","7326144120.48273","13605412970.9838","17861181656.9692","23457815505.3191","26629440222.3996","28011331307.7654","32884426126.4294","43543093308.3562","52777685908.0998","46288599321.4029","42660028434.7263","49347436352.3306","43688184212.71","48570920276.0956","47332816794.2133","39457763395.7096","39988171446.5188","43120235148.2036","50210951337.9451","51089361866.0137","54250382218.3185","63725727979.9209","63653026654.512","77106713315.7542","84449475132.8662","",
"Sub-Saharan Africa (excluding high income)","SSA","GNI (current US$)","NY.GNP.MKTP.CD","","","","","","","","","","","","","","","","","","","","","","","","","","265323494034.899","268528607434.039","311555313745.866","334310884335.367","350910181945.298","404764430439.959","428532833333.86","390242366975.112","395658976377.386","377875343466.315","434183100966.377","439088707134.006","457117590573.964","435964400131.852","434140646923.744","451174133286.324","419528798608.041","442988260575.594","582877195168.115","720007572223.129","840571062120.234","953214297214.694","1093263284520.72","1195308216885.32","1146264663272.83","1358537065078.69","1526939323341.71","1591121470721.27","1686367597217.69","1776726840780.56","1574380693315.1","1425939605689.04","1546293726012.73","1661990806903.67","1903073238689.66","1772006299850.11","1982604817016.35","2107299687457","1923711483994.68","1771886439606.55","",
"South Sudan","SSD","GNI (current US$)","NY.GNP.MKTP.CD","","","","","","","","","","","","","","","","","","","","","","","","","","","","","","","","","","","","","","","","","","","","","","","","","","","","8550148979.59184","11486155559.322","17413371593.2203","11954212847.4576","10522802563.6757","","","","","","","","","","",
"Sub-Saharan Africa","SSF","GNI (current US$)","NY.GNP.MKTP.CD","","","","","","","","","","","","","","","","","","","","","","","","","","276567869038.829","280325287048.83","323947462224.715","347056139175.567","364322845612.516","418782873731.76","444168938396.609","402133674026.841","405179469319.734","384927267286.497","441817026872.146","447944087356.737","465892571135.348","443935634292.205","441997841097.759","459330943747.097","427987450928.156","450758914689.917","590522848011.376","728800540431.573","851585005219.499","967338107701.42","1112195578174.83","1223308456085.06","1179503039323.05","1389298699477.43","1559807881027.44","1635422240367.06","1735159867288.22","1833486105651.89","1637580903280.84","1495651122201.33","1623768748730.02","1746654722934.37","1996137247762.03","1871455084872.28","2092538290376.6","2231837695755.31","2061340967948.59","1923488688651.23","",
"Small states","SST","GNI (current US$)","NY.GNP.MKTP.CD","","","","","","","","","","","","","","","","","13239405468.8562","15890727961.1728","18659851145.381","22574509484.5275","28432541493.3076","30017497795.3198","31475838237.118","30558790180.2188","31343510847.307","31756270901.9993","32704695737.7078","37353690387.7717","40725676769.8187","40616837259.2534","46675465831.4265","48745934181.1221","52112052803.6002","50379392300.062","53494945714.7923","61613438246.9682","64753298602.0416","67022705246.6108","68876036279.6394","71906277236.6436","73454391436.6274","74701486881.4309","80959205742.8321","96130937484.0567","111291128900.346","125188052574.425","140205570399.109","164991664023.937","182760740426.562","156838921211.263","167142563501.698","188071955351.734","190121743555.363","199216454284.641","204557054165.119","191586365012.006","192134188348.055","209852570338.565","224547065668.432","226216741826.373","202913573837.246","234286297327.63","255295013324.477","276598998607.095","293399750913.409","",
"Sao Tome and Principe","STP","GNI (current US$)","NY.GNP.MKTP.CD","","","","","","","","","","","39024730.4347826","39105512.7224042","43448707.9574052","58740045.2782929","60634402.3249108","63029763.2448984","54574727.9799531","51605046.5433643","57726287.015948","68959478.0022121","85640730.7447931","85738148.8925644","79871455.0640157","74152858.9252021","77290828.7613081","82733069.4418031","104368880.34827","110031844.404276","91999135.235301","92070039.7843942","109272669.555086","96249256.6897919","84945400.0006224","112030829.072197","117635007.125035","91818026.9259094","121815897.500141","82283515.9360581","63842319.6740257","69967360.3917877","69941435.2059595","72802110.8991079","81829137.9324573","99567888.2979696","111486142.041","133523139.391379","145807354.263433","153621432.906188","187949229.959547","200383855.287353","189652123.477976","226030077.537509","224905959.629242","270108831.992698","301248741.524111","263296442.08608","295113951.413028","321612895.939217","385528483.765863","412519347.900467","476007362.623223","527132540.019692","551326234.783983","697221509.293373","821454619.287311","",
"Suriname","SUR","GNI (current US$)","NY.GNP.MKTP.CD","78650000","82450000","83900000","74200000","81150000","121050000","152800000","176050000","181200000","189250000","206950000","224750000","245900000","269800000","347300000","452900000","470200000","600700000","698100000","737700000","779500000","900500000","921500000","873500000","865500000","873000000","888500000","976000000","1153000000","540200000","386900000","446100000","403666666.666667","421294117.647059","599992537.313433","688733031.674208","854073881.970385","899810000","1082072500","849453488.372093","899657575.757576","727764220.183486","1050229787.23404","1224978469.8193","1420629114.85004","1753009902.01221","2571880453.40234","2934012021.85792","3553369034.60838","3880209836.06557","4264071651.04609","4160160036.71971","4787510969.69697","5014507666.66667","5170283939.39394","5112835120.80894","3148313463.9274","3194399158.82944","3605454006.32764","3623927837.265","2582952025.3278","2726698832.48731","3487354120.56747","3152240481.3874","4051883521.38373","",
"Slovak Republic","SVK","GNI (current US$)","NY.GNP.MKTP.CD","","","","","","","","","","","","","","","","","","","","","","","","","","","","","","","12164074123.3707","13567907742.5053","14761286410.8304","16608859988.7594","20280867056.283","26314788235.2941","28415792141.9518","27905888750.4248","30032720662.2665","30364492164.6831","29093788828.8299","30740098472.0327","35149344984.2267","44349060491.3744","55010471634.7735","60944233999.5891","68782042564.6234","84184302436.7367","99023959600.4781","88848089393.3773","89152364458.1668","96226963494.9807","93069217734.3281","98325678416.4081","100531186832.605","86973613749.7933","87954523560.1099","94206543250.0931","104877631800.866","103263826022.682","106735502243.603","117029228765.382","112526059552.283","128775378290.41","136349562054.645","",
"Slovenia","SVN","GNI (current US$)","NY.GNP.MKTP.CD","","","","","","","","","","","","","","","","","","","","","","","","","","","","","","","18051411214.5797","13182980559.826","13036442614.9172","13236726111.4441","15265234587.4638","21473683784.8767","21527255665.7224","20717411464.5858","22024978361.2233","22590382333.5531","20109942961.6875","20651820335.6367","23009423441.3965","29045069998.843","33675762331.8386","35607705509.265","38765042027.3491","46775452930.3072","54049304543.9969","49136934997.6062","47154511568.2668","50498971509.3289","45445223704.3945","47226656934.0319","49067603884.7892","41415620912.5402","43271012211.0351","47436886245.8789","53071137916.4807","53251416483.5921","53288509553.4492","60988163759.0882","58917313108.4827","68541212818.3836","72197336013.0531","",
"Sweden","SWE","GNI (current US$)","NY.GNP.MKTP.CD","15735718748.9898","17111932062.2756","18561604196.6381","20084098837.3104","22413827349.1366","24653524758.9401","26808514624.8066","29082920112.786","30850579395.5682","33491821172.8516","37515552655.9963","40990818197.7799","48314218251.3019","58721710209.9695","65215350272.5594","81875637011.7047","88156396611.4925","92894736254.909","102550754896.536","121224129364.839","140098077123.132","127310131927.164","111727759844.65","102305416911.218","106434177808.941","111204212624.507","147442169127.969","180029993848.969","203470249706.228","213859899331.462","255424756031.628","265721616039.686","272062878017.789","202589613793.458","221472265422.499","259831214164.552","283992543990.456","261156924124.743","265022201537.126","273914722114.64","263096090458.623","242724438721.67","268187653408.099","339758233060.856","386774891480.358","397115922441.825","433643842671.654","504989199266.142","532743851557.403","444801536491.677","507277244647.925","583472043768.605","562602227620.87","597555869012.837","589821572895.813","505178471555.826","514391180400.977","542787055546.29","559615385721.553","546336354150.597","563648297139.72","655572933335.021","598789157377.811","604117488966.17","630512134034.203","",
"Eswatini","SWZ","GNI (current US$)","NY.GNP.MKTP.CD","29757968.0968128","36577505.3689979","38933424.4266302","46000901.5996394","55176217.9295128","59639976.1440095","67899972.8400109","65799973.6800105","70279971.8880112","91839963.2640147","97439961.0240156","123878487.228352","131646557.61163","191798074.526017","230420897.248913","","","","","","","","","","","","","","","","1173712616.25442","1225885094.60167","1368034413.57581","1405109185.48649","1402772052.93007","1779533206.41783","1734817527.0256","1854822652.61736","1633802840.08564","1635607655.24552","1731364249.94971","1605204504.5359","1397208366.7315","2107675376.93584","2712934190.97158","3276234202.73337","3229307902.81515","3432222886.96185","3230721165.61918","3449661858.59876","4134563587.88191","4430579419.29716","4432484836.42265","4266022268.53992","4097934422.68879","3748697684.81834","3517152295.86969","4167537938.69191","4323474022.09953","4135126156.35338","3747965058.95233","4444548658.68454","4369893632.81395","4312719030.52804","4429802976.7623","",
"Sint Maarten (Dutch part)","SXM","GNI (current US$)","NY.GNP.MKTP.CD","","","","","","","","","","","","","","","","","","","","","","","","","","","","","","","","","","","","","","","","","","","","","","","","","","824078212.290503","858994413.407821","903200726.256983","955047094.972067","1000318938.54749","1318694469.27374","1376294134.07821","1391252793.29609","1326983575.41899","1230764692.73743","1358106648.04469","1205403240.22346","1312181062.88268","1545394262.22346","1636900883.36291","1738299559.02398","",
"Seychelles","SYC","GNI (current US$)","NY.GNP.MKTP.CD","11970024.5385503","11550023.6775485","12600025.830053","13860028.4130582","15330031.4265644","15540031.8570653","16380033.5790688","16569895.0276438","16020027.5544474","16380028.1736485","18360031.5792543","21874805.7471677","30532732.494114","36749283.3430382","42959152.6841931","47620627.8622154","47149281.0979766","60653770.7190651","80043529.8722022","118370666.308733","151448994.28187","161438745.03656","153182818.973156","151281197.350569","155156290.237513","173776423.808645","212663693.224574","251248691.073298","284599375.841333","309419406.073666","379009857.407858","387511806.837492","452115972.588297","493384409.594612","513713101.78409","521098028.098028","520219863.578744","586711548.875902","626326162.558674","637981338.324754","622578637.012701","644628634.331602","674126049.970867","707853401.68722","902449127.272727","987707672.727273","1091791860.85021","1006044700.39068","900944344.985108","795693184.540123","927738128.966303","985285911.545984","1086240639.70667","1250774894.19448","1299831890.29165","1349188913.11165","1459330975.169","1562444817.2832","1699144648.12567","1794024905.13602","1333464346.73047","1424837754.71952","1954939246.3074","2128027963.25411","2098309406.81266","",
"Syrian Arab Republic","SYR","GNI (current US$)","NY.GNP.MKTP.CD","825845737.709497","910158492.458101","1069320698.10298","1155878732.19895","1287648721.20419","1420913151.2605","1297268626.06383","1527562144.98567","1696483061.4164","2171014332.6791","2069727006.61001","2504775763.41306","2959343055.37135","3138995535.15112","5020753761.64116","6620794542.59198","7381824410.9293","7466665795.1567","9023835936.99885","9648391955.41401","12654060819.8726","15003571869.677","15629544124.7275","16896792950.2256","16846368876.7569","15781212246.5311","12743525192.4816","10571586430.3752","9812598058.54574","8836876166.27943","11152377944.2375","11735351400","12033492602.2292","12467728555.701","9599663286","10812859169.6607","12843834860.2794","12877699118.677","13721487019.2308","14240630500","17208185053.3808","18552254311.2404","18917039446.9296","19930501930.5019","23181782178.2178","26381417624.5211","31430303030.303","38148578293.9527","49342684719.9534","50941610382.4087","57408366910.3825","62976957811.7152","41500139065.8099","20440062129.0977","20679218993.0952","15846726811.9009","12131412781.9446","15776320913.866","20708643151.976","21724169919.4071","11545828324.1689","13831790420.3696","22818123249.5906","","","",
"Turks and Caicos Islands","TCA","GNI (current US$)","NY.GNP.MKTP.CD","","","","","","","","","","","","","","","","","","","","","","","","","","","","","","","","","","","","","","","","","","","","","","","","","","","","","","","905105000","1015274000","1160978000","1200058000","1311529000","1343838000","918687000","1241659000","1417919000","1641453000","1721878000","",
"Chad","TCD","GNI (current US$)","NY.GNP.MKTP.CD","311461552.406791","330890639.929686","354195585.048782","368469401.456395","389154506.62813","413496540.415536","429544066.580007","452006359.422906","454660195.609314","473927700.66741","472395974.290263","504596774.718088","589275230.131814","650955197.31884","656490433.330524","872230330.978676","874235974.167938","941449817.135268","1119848850.81203","1002051757.83617","1038056270.04468","873458086.944392","832288384.360111","826687138.551492","911618330.134366","1027594525.52513","1059020853.13567","1152744655.40735","1469247180.22235","1424250575.37453","1720769010.35032","1874628233.22771","1884677287.75626","1423194656.66401","1171969807.51042","1440773144.90019","1597137164.80635","1528104862.76467","1744116452.23035","1533049608.81054","1370995780.85984","1688295031.67209","1936981283.91027","2284427678.42187","3727138752.81425","7630981605.69148","8497677763.41369","9665720380.77769","11716760063.0333","11930621612.1589","13702803266.3402","16369168380.7689","17592555470.9302","17274103640.1356","17540170885.5644","14227684551.4988","12840209081.2116","13218155132.0983","15162850867.9769","14731564999.274","14779071982.4746","16697851746.434","17644591318.829","18147510656.936","19307611603.1826","",
"East Asia & Pacific (IDA & IBRD countries)","TEA","GNI (current US$)","NY.GNP.MKTP.CD","79183371501.2456","69788629661.1494","63704751577.1123","68891956047.2519","79563010622.5683","92701793585.2151","101436181395.236","98549396867.7374","99517162164.5085","111882431739.462","124554094569.233","133687193591.647","152005211507.669","190992025957.982","215820151446.681","242426204509.203","246547091908.75","283915336790.542","274763168348.628","317757162412.092","366248834055.312","391080643139.744","410488984659.325","429745886339.765","465004115361.38","510040138537.576","495859883907.07","478578652884.677","547003334677.492","612727872795.335","657909380306.754","714015853240.901","800474814703.287","879336079340.08","1062468605855.92","1301327563614.12","1496360684398.25","1551992450532.48","1419097660303.63","1562208647675.83","1718153932104.53","1832408563476.06","2036679834985.68","2310813070679.95","2685921152234.06","3100696714545.61","3754826690530.15","4770427196733.38","6062667771591.57","6547904378904.87","7948933026603.79","9671345246299.97","10836445812288.7","11913084917449.6","12961412096830","13439987220276.7","13730419583255.2","15032267060150.3","16768777873350.4","17391482087800.5","17625916350491.9","21009012568846.7","21316094954680.6","21439887398647.4","22074790380926.6","",
"Europe & Central Asia (IDA & IBRD countries)","TEC","GNI (current US$)","NY.GNP.MKTP.CD","","","","","","","","","","","","","","","","","","","","","","","","","","","","","","967695512497.141","1025946725510.8","1013806820608.45","938451144582.152","928956547356.777","835341500693.887","996263635285.928","1019100975958.38","1048501609745.53","934652584769.882","810528498583.032","880872048582.256","898175930583.299","1008705605736.15","1234051332037.81","1596060206072.1","1998755116822.63","2404649049783.68","3095899286206.16","3829039921151.33","3031902628092.34","3565408682319.95","4326963152076.65","4522442492984.4","4778133302771.49","4523580344001.77","3552083072090.89","3404976193328.04","3824985373485.53","3988323071065.81","4062165991982.84","3837606824117.23","4508047162160.94","5139005290218.54","5446118877586.83","6009534365692.93","",
"Togo","TGO","GNI (current US$)","NY.GNP.MKTP.CD","170581701.565073","177280840.921284","186867995.846488","205930566.593084","237746652.191865","258905526.957634","303827596.904648","323815843.592434","336491586.082141","372891826.469809","354165925.09585","400044324.651519","466329984.196534","561275285.108834","791850303.098401","866928969.222105","870747742.680959","1084665219.09888","1143551983.2678","1237506158.77621","1564889842.0531","1331241924.44884","1117976311.6924","1038245135.8247","975356151.683014","1038631214.35408","1456233577.96118","1716795786.5639","1897585764.40573","1870793351.71465","2267197113.11696","2233807208.1744","2363595468.90536","1751126430.44546","1342795786.25898","1815493213.03479","2043057112.64044","2087983805.15331","2218309221.46136","2188183989.9131","2077702360.41717","2064143038.61004","2388850153.06188","2964600605.24566","3156802020.68187","3187373260.68738","3283084155.95043","3729689181.65519","4563712584.95019","4702772549.72371","4722894300.66188","5656290231.81491","5419517483.29878","6046985773.77334","6439473009.95005","5896099505.12177","6114773313.44557","6392422029.02145","7048555164.24951","7014776832.67237","7528786249.76297","8560312736.53166","8657412448.00295","9826043913.33396","10683104200.4716","",
"Thailand","THA","GNI (current US$)","NY.GNP.MKTP.CD","2753697745.05195","3026767552.58224","3301403462.64368","3532721934.70955","3881192365.38462","4385851076.92308","5275528663.46154","5644903975.96154","6087115225.96154","6701057576.92308","7096153798.07692","7370191951.92308","8149027109.52951","10794667434.461","13698090174.0718","14882770593.9796","16941090934.6879","19720489180.8634","23829540408.9958","27063114880.2269","32090088879.5969","34294490767.2131","36027949354.6902","39751452444.8485","41313242303.5488","38252597435.2336","42243618506.535","49664855177.4854","60687965653.1909","71329885056.6216","84097209700.5714","96721515527.3223","109344961863.972","126723234413.041","144068664624.092","166006653936.541","178425780727.321","145705501031.841","109263635846.44","122785641250.875","123900114886.384","116932294140.021","129579498251.9","146056549105.901","165383729445.385","180829127106.253","213513981039.483","253993974943.234","280756506237.554","271838809880.739","326815388832.283","361875003955.99","379342666424.563","393467486312.148","386381481702.815","380594916735.618","393948949386.684","435913240648.276","482264933708.604","523977887377.21","489367035950.047","488610393696.513","479851774315.914","502990630847.962","510441316481.221","",
"Tajikistan","TJK","GNI (current US$)","NY.GNP.MKTP.CD","","","","","","","","","","","","","","","","","","","","","","","","","","","","","","","2629395066.27017","2536585365.85366","1908554572.27139","1646995808.10433","1309651898.73418","1183038675.98278","967357360.406091","897921871.915751","1287131369.70868","1057094245.23668","824412233.59422","1030086266.20442","1179977808.59315","1485016464.86684","2018638461.83885","2660524577.20306","3460593443.86747","4729663327.31345","6649276639.77731","5953362631.39956","6969749692.10775","8316624763.05171","9744488621.92436","11112718542.523","11296415927.1155","9797996695.50327","8081792570.51881","8637196303.70133","8990673043.81483","9631287021.79045","9498106073.45013","10758910057.1676","14210918854.2368","15274140637.7873","18658837499.0231","",
"Turkmenistan","TKM","GNI (current US$)","NY.GNP.MKTP.CD","","","","","","","","","","","","","","","","","","","","","","","","","","","","","","","3232066836.53467","3208098919.0146","3200539816.0601","3201753397.91739","2652519997.22215","2500628148.37839","2396081798.64948","2534885957.24127","2638329137.91627","2444986271.70897","2727383250.38665","3429772727.49554","4339729122.08788","5899440592.8639","6731351088.46688","7541355716.8784","9650674364.89607","12299718574.1088","18235683677.4445","18957543859.6491","20689157894.7368","26406333333.3333","31835210526.3158","35782543859.6491","39603210526.3158","33705628571.4286","35225885714.2857","36352285714.2857","39048469257.1429","40228585792.5075","41282136215.4799","40339062670.894","41656161741.1333","45515782879.8501","50915750772.6614","",
"Latin America & the Caribbean (IDA & IBRD countries)","TLA","GNI (current US$)","NY.GNP.MKTP.CD","71557341090.887","79362922412.8763","86031880614.8666","92525968590.1266","103380019651.002","110045446122.752","119609628407.556","121646289218.234","130777533782.287","147005120832.515","159648472722.552","179430065289.831","201028807241.116","266300289960.224","349570153403.673","364183393808.726","403668732283.585","444555112361.845","531321125432.537","597180644066.856","721947354536.468","830086305119.997","749948096118.126","658963133822.973","696793273052.172","681870839289.125","689074657924.809","741492086143.162","823805734587.596","925420296644.128","1002879985675.49","1090381098155.31","1200236741847.05","1432232099819.15","1665773501528.92","1812947122648.5","1972509005288.54","2164094471728.72","2181980519512.84","1951523368154.51","2158060452906.86","2106462230892.89","1879216729009.34","1908413229372.4","2190414900395.2","2658393639459.63","3143425055353.38","3731193727824.3","4357504841034.49","4074087229214.47","5063122186767.14","5766491308922.54","5824909258151.35","5893085291064.3","5851808029121.19","4947878944490.68","4794629429234.33","5338588507879.53","5173916681889.83","5068479866858.71","4261376788723.68","4950432769896.92","5664878629767.32","6387769547673.47","6551742267144.18","",
"Timor-Leste","TLS","GNI (current US$)","NY.GNP.MKTP.CD","","","","","","","","","","","","","","","","","","","","","","","","","","","","","","","258420521","297730400","378714300","437212900","481810400","529740000","618702700","644937500","656541300","454231100","515263350.32135","632824289.746553","759482981.63286","662036198.836473","681188776.018004","844992432.381557","1301035142.73579","1969383224.81112","3263559143.85355","2523605653.86862","3324140020.34583","4581072063.39934","4318281416.9164","4151961052.0798","3337735379.49777","2788459158.38867","2220458184.38408","2257643592.39237","2235769170.36531","2869483753.04039","2368614818.1991","3463744933.19816","3056820136.80497","2293292432.7723","2126875540.12018","",
"Middle East, North Africa, Afghanistan & Pakistan (IDA & IBRD)","TMN","GNI (current US$)","NY.GNP.MKTP.CD","22040180298.4754","22865219157.8911","23488935583.1787","26118514803.8601","28778872815.6534","32163917799.1836","34616414342.1595","38184409067.3869","42058831704.7613","46743843911.1155","52606343583.7288","59498432762.7848","68611812126.8771","83949337527.5883","130170169278.924","150474373962.658","182686579363.462","210315010293.535","226346597465.49","280934932394.492","332774206676.747","321575348657.047","357508960760.159","392709450492.533","410917717377.162","440148971897.423","473532471411.424","416075443155.525","402334240721.735","404697646947.896","548291989440.426","370599336857.95","380619038242.073","334638034794.035","352510939616.874","393489599666.879","436323595829.737","453540218368.689","464845786622.467","498117910953.387","562204014799.246","567195271719.55","551484898245.378","608648150441.078","723356807093.176","838585071968.805","980772510636.966","1198821635068.77","1453617295582.36","1401116599848.94","1600461530693.2","1873062135299.11","2024458661132.67","1897015376635.69","1883452839796.86","1747195918894.54","1817953506670.17","1846706650595.25","1841377526644.42","1793286643116.15","1627008000989.61","1892632167795.47","2108249593714.45","2047755555101.34","2156954625347.94","",
"Tonga","TON","GNI (current US$)","NY.GNP.MKTP.CD","","","","","","","","","","","","","","","","","","","","","","66103194.6678924","65118166.1426108","62433333.3333333","66290478.2799473","62703401.0754941","71941176.4705882","85037809.8305559","113979321.541485","110653953.118792","116504861.861398","134516427.579824","138576200.727489","139559971.098266","204821466.444478","212551734.990951","227113158.535595","220047249.703205","199383579.088472","205665213.70756","207445630.522436","181792226.331841","186164144.944038","203117735.153295","232994965.544852","261187150.297561","297409789.388275","303190247.400216","350233433.433855","322204221.320632","378823250.685221","426159393.51232","484981757.380237","463089516.3323","444161208.653785","442040672.627438","427456378.582314","478466492.219384","517018987.737963","538712419.01253","542327764.516838","545438593.389099","582134552.412311","636673699.738548","","",
"South Asia (IDA & IBRD)","TSA","GNI (current US$)","NY.GNP.MKTP.CD","42378635134.5041","44751552188.44","48009051241.7541","54519802586.609","63336758123.731","67326085550.2807","52340045761.6163","57339312359.8609","60398600644.0713","66450558745.4912","71063901793.2347","76471174683.7269","81333114453.0954","96895889846.2006","116240093441.386","122653851419.708","117164472785.092","135830877894.384","154558153566.815","174054297011.454","211088430537.336","220951194075.595","226279250183.135","243233377755.369","239126324478.142","262815416318.444","279281254637.381","311821009290.023","331517391072.954","332913094116.341","361086141905.463","310905452137.222","329833703330.167","323999820656.203","374209264743.962","413247405701.388","455789415706.822","482572693871.275","490402271419.154","529460693326.907","541366207592.838","559701947775.758","592153039582.647","692465491612.088","801719462966.921","921281070299.157","1048225472363.19","1341615908755.28","1346112417142.62","1502437705262.7","1860315494352.97","2038934504082.58","2046303725100.62","2097951854836.44","2308507499805.23","2400614185158.56","2663024946445.43","3054812722254.06","3140864618991.52","3302728208715.95","3149986692767.92","3699184668956.57","3900266488914.58","4174988234788.93","4472425949989.13","",
"Sub-Saharan Africa (IDA & IBRD countries)","TSS","GNI (current US$)","NY.GNP.MKTP.CD","","","","","","","","","","","","","","","","","","","","","","","","","","276567869038.83","280325287048.83","323947462224.715","347056139175.567","364322845612.517","418782873731.76","444168938396.609","402133674026.841","405179469319.734","384927267286.497","441817026872.146","447944087356.737","465892571135.348","443935634292.205","441997841097.759","459330943747.097","427987450928.156","450758914689.917","590522848011.376","728800540431.573","851585005219.499","967338107701.42","1112195578174.84","1223308456085.06","1179503039323.05","1389298699477.43","1559807881027.44","1635422240367.06","1735159867288.22","1833486105651.89","1637580903280.84","1495651122201.33","1623768748730.02","1746654722934.37","1996137247762.03","1871455084872.28","2092538290376.6","2231837695755.31","2061340967948.59","1923488688651.23","",
"Trinidad and Tobago","TTO","GNI (current US$)","NY.GNP.MKTP.CD","483698790.753023","518290370.940739","553056950.690957","678239971.066739","711898220.254449","736573158.567104","655315028.379096","693343704.817735","690550000","707550000","756750000","829824252.25685","1012605652.16645","1216810150.56494","1756694692.41405","2359251875.05934","2391835735.98009","2945291666.66667","3484458333.33333","4347791666.66667","5920875000","6648666666.66667","7925708333.33333","7658708333.33333","7526458333.33333","7027836734.69388","4536444444.44444","4314777777.77778","4194935909.46341","3945411764.70588","4671223529.41177","4865835294.11765","4991458823.52941","4343669886.75406","4535128100.26922","4939157025.56039","5245551406.09612","5356576538.33099","5702404931.6102","6409082522.34517","7525841785.06069","8285550639.42102","8528496916.87032","10624559800.4797","12882991484.9868","15189383731.3665","17413161100.7256","20672820043.6143","26643587349.5413","18155065223.9207","21078421939.0831","22613153665.2749","24851098660.3683","26993681570.0547","27751034522.0347","26601498735.7","23199181612.3846","23879750719.9988","23183053017.3093","22870748218.1422","19832907829.3416","23831264994.015","26619164301.126","25542093423.3664","25814017174.2056","",
"Tunisia","TUN","GNI (current US$)","NY.GNP.MKTP.CD","","864914819.047619","872934628.571429","1014217142.85714","1011386801.12045","966666666.666667","1014285714.28571","1048761904.7619","1164761904.7619","1234095238.09524","1380190476.19048","1628556730.80049","2162097580.50486","2610556077.38214","3419868593.47366","4193234841.5356","4316483003.90648","4910256410.25641","5752683392.16332","6922418331.84898","8450728574.95678","8126098614.025","7839177093.79079","8083186130.14481","8000303797.59871","8058516757.42005","8596159586.11083","9210631113.77136","9598463052.16576","9623404517.54465","11882386363.6364","12518043478.2609","14769462469.1752","13684592255.7789","14744936997.926","17173628000.423","18549467438.1143","19848396069.1124","20951502777.2289","22061581908.997","20530640563.8649","21125269598.5926","22163303517.6084","26386424703.0171","29910387027.5166","30609441874.8405","32795402039.7814","36887349202.955","42362000483.7105","41333728314.6026","44139124353.7795","45963001044.9054","45406928007.8264","46623799470.4116","48568157921.8637","44599350028.6752","43403523130.2312","41171063372.4955","41650298258.2804","40813370078.6489","41095052621.3235","45843125003.8022","43746230184.3021","46930734889.6566","50320970168.8439","",
"Turkiye","TUR","GNI (current US$)","NY.GNP.MKTP.CD","","","","","","","","15577777777.7778","17411111111.1111","19366666666.6667","17781818181.8182","16080000000","20528571428.5714","25864285714.2857","35238214285.7143","45873642857.1429","51149000000","58342277777.7778","65467333333.3333","88637677419.3548","67705118421.0526","69751369369.3694","62885404907.9755","60334577777.7778","58435920980.9264","65679808429.1188","73797394074.0741","85104560093.3489","88361564697.609","104800543355.325","148147844768.11","148371860019.175","156469077415.6","177668010923.987","127387439629.842","231497772930.527","247440144954.241","260803859348.764","273050647427.931","253136795667.446","270746466438.16","197195079912.662","236224007215.905","309835899152.833","404547783537.011","502944209773.419","553682116527.46","678950481491.345","767812946073.904","646239451018.091","776025665851.992","836942509321.146","878739622695.088","953547642517.366","934138430379.677","855777052355.341","861638017671.396","853144523431.574","777282985438.15","764010143573.491","725024246608.276","829250668714.934","917281476693.863","1129822864599.32","1343248768559.98","",
"Tuvalu","TUV","GNI (current US$)","NY.GNP.MKTP.CD","","","","","","","","","","","5078956.21010191","5337663.79213798","5829439.25233645","6700832.79948751","8097273.39719971","7886112.24907825","7696962.0572293","7208075.2466162","7461087.29979698","7984777.91661933","8260724.23398329","9373040.7523511","8091139.79918349","8156293.86991109","8803658.75747147","7586101.09687812","8982932.2887521","9863022.76336686","13776193.2479627","16606139.565182","18722820.2960524","19908767.7097517","21108245.3027508","18847921.8801001","22407587.3459424","22958667.4306707","24493079.4615698","26989119.6247532","25326668.4591551","26543518.9367056","23388780.4400093","25728312.5120898","34704924.5258109","29335488.2308611","37853152.6337156","38472041.8061312","39025115.7214793","49593999.3573609","50826554.4239199","48361902.9643836","51201338.5203443","58228111.8516127","51075325.0410799","59123245.5111441","51169635.1870398","56981796.8732392","60537505.5567367","62753169.5532811","69534791.9773583","72178098.5424471","70406824.1018247","81175820.1474733","79595592.3155465","84217404.1356413","","",
"Tanzania","TZA","GNI (current US$)","NY.GNP.MKTP.CD","2630449815.90007","2811619252.0923","3084790644.50374","3425779843.36806","3727560575.17577","3796507020.43719","4339639145.10434","4538810875.33565","4886012419.11503","5131147371.36105","2847919109.71236","3047873410.93064","3471387364.09582","4145386650.47576","4977618276.61602","5726524240.8093","6460574249.99478","7721982720.06204","9255840594.13515","9795996465.58045","11395563746.2497","13140293217.0766","13902498162.9054","14030945459.4063","12818879526.7537","15233511340.8725","10737310860.4721","7728301960.77363","7226014421.60942","6239698903.1226","5997934145.68911","7012318513.50028","6494897516.43727","6018772720.13715","6396680442.68315","7501962230.63852","9361557739.18401","11036659696.711","12067792336.9595","12542733049.3985","13256772380.1667","13250096860.3397","14048122990.2255","15039662618.8684","16476518079.6352","18075822050.2881","18622469494.0063","21602330379.6607","27657258781.9739","29135963893.9937","31435805579.9127","34013428042.1638","39080121049.558","44945732449.6345","49453645654.0675","46684218023.5751","48817192683.2253","52339432682.9388","56365032376.3658","60012994185.1719","64804138398.1066","69464087924.3544","74355843996.7128","77533437013.6004","77101232566.9132","",
"Uganda","UGA","GNI (current US$)","NY.GNP.MKTP.CD","421921937.787346","440569494.323308","444761629.446496","512494285.879078","586342132.91657","865742685.146297","908021839.563209","948341033.179337","1020579588.40823","1150956180.87638","1244454710.90578","1394724905.50189","1474141117.17766","1687524674.85195","2082949814.6564","2355670000","2440373000","2925612352.94118","2413127391.30435","2128028750","1237210000","1324900000","2151200000","2194633333.33333","3568647477.05434","3466695438.4061","3879244054.38022","6222522044.58516","6451931651.66667","5210480801.08389","4227399313.93592","3263529160.40438","2770457762.60758","3171539046.2031","3929340448.07608","5697748842.03155","5998775326.95775","6252803313.16163","6576315846.57103","5984563257.94659","6085591049.05111","5659788192.42484","6044559884.7803","6469792139.41029","7724779534.43415","8967082005.91191","9728932904.23618","11673992994.8512","14178292199.0334","24723445791.5441","26231034498.6906","27440502305.144","26729090962.4985","28273784943.6244","31865562076.8959","31759208103.9823","28691910472.5653","30020763242.7183","32001476249.0607","34414196275.4885","36830674674.9397","39643419946.5351","44595587501.8452","47540388772.7949","52620966599.3445","",
"Ukraine","UKR","GNI (current US$)","NY.GNP.MKTP.CD","","","","","","","","","","","","","","","","","","","","","","","","","","","","","","84057181848.5071","83245627417.5069","78954662245.627","73876854982.2733","64063055509.0484","52057752332.226","47648452624.4759","43987832043.0682","49507532640.2594","41011524889.1425","30711640207.0287","30318922002.054","37342938515.6643","41787248022.9038","49552308329.3078","64238766685.4672","85157868835.6009","106031485148.515","142060594059.406","178339963331.708","114783526113.943","135958427544.398","161004939653.442","180602773435.061","187716627048.668","131977538852.591","94833354986.1847","94324077169.513","113717855579.016","132164741725.995","155795133939.49","160040031866.428","193966075658.275","170470520722.365","186291517869.837","190824262414.979","",
"Upper middle income","UMC","GNI (current US$)","NY.GNP.MKTP.CD","169652422507.759","166493870626.403","169866950130.768","184523331702.159","212682358046.633","237369303716.059","258943024167.206","260643270000.652","275881292772.337","310514529236.979","339859419621.579","372305631504.139","427719828690.295","559157450870.036","722207071761.433","799193686266.905","868541833876.495","972589177438.847","1070081919060.78","1247411160754.96","1443397554272.94","1558591902393.72","1522675483600.22","1496679786988.61","1589221797363.25","1634109464616.72","1677549846515.09","1691946948288.35","1831640762920.48","2043846611454.88","2354985172680.64","2288330315858.64","2449401741808.29","2704940253370.2","3039806910840.92","3524014399748.76","3895711176421.13","4148243888347.44","4017301760910.5","3898416192456.44","4264933887884.01","4272141555020.06","4320171195022.2","4822708855514.48","5684985445958.61","6740498780627.56","7994769379496.51","9860942463596.4","11952071276555.1","11857610223423.5","14450328393540.1","17250251873377.9","18488733447575","19631391516569.3","20503744974567.7","19737462622658.2","19824555962717","21779143464273.4","23251413105244.1","23685407034319.6","22933427277070","27339449166853.1","28504622129370.4","29506152430850","30528998847432","",
"Uruguay","URY","GNI (current US$)","NY.GNP.MKTP.CD","1233721727.21042","1538596799.71866","1710004407.22785","1526465340.64627","1958008964.37839","1870103033.6079","1786918200.09278","1569131832.79743","1569089765.47758","1981854838.70968","2377419354.83871","2787096774.19355","2151741547.3688","3664349234.52796","4026567607.18545","3453298546.40329","3593277819.83346","4046449067.43185","4833054786.93968","7123248990.00638","9781548635.98787","10974366893.1439","8991049085.65931","4815068725.60666","4485329198.47328","4380363003.67749","5587338378.43549","7065306267.23779","7884749809.62715","8072108155.79431","8960709167.46189","10942993453.317","12646819703.1749","14759030999.5301","17153951581.6775","18993823751.7719","20231331238.3739","23778025262.6794","25175982219.8744","23938913416.1721","22757059519.0317","20830671710.4445","13684053933.9408","11555067214.5878","13095418888.7882","16862995829.0098","19304765558.6728","23279701048.4203","30212809768.4521","31670158152.8132","40447852178.1071","48712391359.77","50380210747.357","58272697036.2874","57758605834.761","55232403158.3431","54820587465.9346","61449197964.1796","61677777416.8731","59174813619.1999","50670259262.2354","54639684239.8301","64029410919.3095","72618766839.008","75957611072.8162","",
"United States","USA","GNI (current US$)","NY.GNP.MKTP.CD","542390475099.326","562640778342.419","604729643906.495","638380883119.283","685631590686.501","743503780837.106","814082043610.829","860737154023.838","941639100803.844","1018471133696.76","1074358000000","1162927000000","1280507000000","1431849000000","1553299000000","1684554000000","1869603000000","2082670000000","2349856000000","2614260000000","2847221000000","3202274000000","3371652000000","3614271000000","4032481000000","4310272000000","4516740000000","4829096000000","5256272000000","5598542000000","5902482000000","6097007000000","6435893000000","6734288000000","7170956000000","7575542000000","8046960000000","8590598000000","9136625000000","9691392000000","10385197000000","10749023000000","11056572000000","11539140000000","12322009000000","13170993000000","14071835000000","14557597000000","14723881000000","14436590000000","15185160000000","15861958000000","16640301000000","17140708000000","17984237000000","18608138000000","18983369000000","19837150000000","20883383000000","21764838000000","21458070000000","23832230000000","26231750000000","27576136000000","29194127000000","",
"Uzbekistan","UZB","GNI (current US$)","NY.GNP.MKTP.CD","","","","","","","","","","","","","","","","","","","","","","","","","","","","","","","13362340337.8657","13800167711.5003","12882537633.2664","13051236185.9519","12855990259.3271","13316333268.1214","13875892215.5689","14569603773.5849","14887971210.8383","16910465982.0282","13541513969.314","11196421329.1974","9542788512.80184","10018453435.4603","11980923547.8807","14283209838.8053","17241833852.919","23242393927.8817","31271456763.7246","34586223673.2577","50620430026.2665","61313053176.5864","68310411486.0245","74402142414.1827","81960281654.2022","87622912878.4217","86990975030.9007","70916116486.5204","60203452154.7622","68029857950.0186","66603341567.8173","77697421134.9422","91109572459.489","103634205824.219","116100088267.032","",
"St. Vincent and the Grenadines","VCT","GNI (current US$)","NY.GNP.MKTP.CD","13066634.0000817","13999965.0000875","14524963.6875908","13708299.0625857","14758296.4375922","15108295.5625944","16099959.7501006","15835106.0327781","15350000","16650000","18450000","20051922.3261445","27585804.8653032","30165081.0858817","32923702.7281866","33237225.9880652","32792844.6829448","49353148.1481481","60844777.7777778","70496359.6296296","81440339.6296296","101386539.259259","111059203.333333","119955349.62963","132024987.777778","142741705.185185","152402212.222222","171321388.148148","189467453.333333","207893150.37037","229322222.222222","243470370.37037","269685185.185185","278092592.592593","278522222.222222","304570370.37037","322492592.592593","335140740.740741","359903703.703704","371259259.259259","408771962.962963","445589000","470161000","485257888.888889","520315222.222222","550346703.703704","617803333.333333","691590370.37037","709820777.777778","701288925.925926","708168962.962963","700854000","726213444.444444","761060481.481481","738996296.296296","766874074.074074","806337037.037037","839422222.222222","882574074.074074","908677777.777778","856674074.074074","871974074.074074","978781481.481481","1074492592.59259","1150748148.14815","",
"Venezuela, RB","VEN","GNI (current US$)","NY.GNP.MKTP.CD","7138469961.08128","7482939451.9577","8179351181.66364","8996925069.85677","7492344827.58621","7731600000","8115800000","8605244444.44444","9331333333.33333","9676933333.33333","11020400000","12248590909.0909","13508636363.6364","16347581395.3488","25463930232.5581","27564651162.7907","31627534883.7209","36298697674.4186","39354279069.7674","48307930232.5581","59445511627.907","66901441860.4651","66206744186.0465","65443279069.7674","57805742992.8741","59732466666.6667","58914123711.3402","46410034482.7586","58455413793.1035","41168709007.9269","47832952194.7752","52855445666.52","58670519620.0764","58322460324.5268","56535715151.5151","75446487534.5093","68818004553.0793","83374181049.7536","88840557618.014","96507809649.5934","115753015343.322","120881073251.055","90144246705.1425","81432951034.1391","108962334862.689","143313252302.907","182474350721.938","232795087564.043","316632843886.972","327123127389.723","388341431499.169","308493145268.459","361493062768.965","250223655485.656","207264614732.87","117788241571.384","105997034262.314","108316275162.587","94048092621.2752","68975295302.0032","41683618585.4472","55586110073.541","88026548556.8744","103376526555.948","120802963257.782","",
"British Virgin Islands","VGB","GNI (current US$)","NY.GNP.MKTP.CD","","","","","","","","","","","","","","","","","","","","","","","","","","","","","","","","","","","","","","","","","","","","","","","","","","","","","","","","","","","","","","","","","","",
"Virgin Islands (U.S.)","VIR","GNI (current US$)","NY.GNP.MKTP.CD","","","","","","","","","","","","","","","","","","","","","","","","","","","","","","","","","","","","","","","","","","","","","","","","","","","","","","","","","","","","","","","","","","",
"Viet Nam","VNM","GNI (current US$)","NY.GNP.MKTP.CD","","","","","","","","","","","","","","","","","","","","","","","","","","","","","","6330715743.64786","6059727465.28437","9101162795.73985","9530002864.9729","12678649294.8005","15874378573.091","20716686821.6426","24441564978.0311","26413770534.2458","26593005728.0675","28163764011.6506","30725942358.3893","32247852315.5992","34494322458.1956","38923547269.9981","44576781404.8012","56575238954.8135","64945527298.873","75243501680.3657","96180833933.9662","101448142163.608","142634239839.849","167761189190.507","189361661225.274","206372010776.926","224605804804.237","227116870128.414","242953110901.302","264356106349.992","294286042195.288","317567408001.614","331798335389.682","347725576769.191","393530727717.776","411394681378.292","460695230307.174","",
"Vanuatu","VUT","GNI (current US$)","NY.GNP.MKTP.CD","","","","","","","","","","","","","","","","","","","","100061111.434306","103613951.853804","97221779.4275044","93391292.2522036","100180736.298682","125359978.010682","118370274.520899","118353819.025739","118747103.951788","140742350.583188","148255875.993175","167478577.233897","177036610.852436","179138407.471427","171964981.370444","196281450.109531","212620207.651346","229641760.130327","242495280.91827","254008427.862842","262915203.563819","259048248.272221","253925387.698925","251067100.063619","300079298.355475","346279173.450219","368951570.903395","419245480.554182","491651927.272727","588513993.508231","570475109.55812","649212987.003579","751132267.723025","704726363.513696","757991099.241082","785885159.466768","772719949.313862","821782764.692325","882354697.630652","941304759.224799","1070449523.89253","1013095042.46837","1087394696.32946","1212347284.2279","1270559413.99937","1284203972.77876","",
"World","WLD","GNI (current US$)","NY.GNP.MKTP.CD","1374336637939.35","1450355420645.09","1556026671462.12","1680230590447.39","1842617908974.25","2007993392162.14","2172175346222.48","2304572132362.92","2487039996775.71","2745396731221.09","3003811095368.26","3324522070162.4","3846227880058.24","4698852731759.77","5420543627159.84","6037657246792.17","6548910813941.67","7406623346949.73","8775416408851.38","10138449823825.9","11397658128787.1","11671370131248.6","11586139699820.5","11838187471656.4","12348968676719.4","12917070497231.8","15238170876565.4","17398201510168.7","19539223160352.9","20378663119210","22840142210497.2","23818208342578.3","25446272787198.3","25881890839085.7","27843591851248.3","31041734727176","31754537021238.3","31701664930088","31613474049489.2","32814750609189.3","34013179554548.3","33819692868345","35040391219290.1","39272158237133.9","44287818133197.4","47952742798431","52072245700203.7","58410046252574.7","63864482100753.6","60686031377933.3","66666089693638","74194191909523.9","76013475246143.8","77944161229825.8","80219982480119.4","75701292402206","76843960666017.1","81932802349758.1","87059226783959.9","88596082726422.5","85954985448182.8","98353331036456.9","102335068243989","106484994358139","110914756239146","",
"Samoa","WSM","GNI (current US$)","NY.GNP.MKTP.CD","","","","","","","","","","","47083799.0763726","55948114.5717464","65161661.237785","85873533.3333333","97430500.511062","97367667.5094817","88529416.6457129","102373448.670653","112713073.475486","127843677.075769","131310402.480148","123419696.354318","126584774.289737","117439022.012782","107317727.541212","96646961.2078564","103211998.389838","116252353.661985","161340585.858586","158744455.61139","170242112.57848","168180145.985401","170826358.475264","174362422.11838","196495305.719921","196175224.387483","226788682.589583","258826092.262631","245390728.842591","235291437.811414","244045214.105793","248970761.599066","261937803.955427","309058929.500882","379431936.438131","442031361.841862","464870866.765013","536696820.301154","600697867.029725","597777867.291636","660391187.349794","716182120.904322","746301096.848522","770254910.765476","766889272.264399","807830609.604773","825243379.633969","858933636.034395","849320877.353233","877132799.605651","842358089.34973","845666502.101674","868104093.114","1033177159.45662","1160392594.22553","",
"Kosovo","XKX","GNI (current US$)","NY.GNP.MKTP.CD","","","","","","","","","","","","","","","","","","","","","","","","","","","","","","","","","","","","","","","","","","","","","","","","","5421984766.36883","5101747846.62406","5433365636.62902","6496425181.02376","6360842590.23715","6896736547.82222","7225543489.81305","6398632302.81728","6765147256.92673","7324666802.46029","8012303967.29229","8079557891.14277","7904026168.59258","9592467832.07845","9476381526.8581","10683309824.2777","11463364629.4567","",
"Yemen, Rep.","YEM","GNI (current US$)","NY.GNP.MKTP.CD","","","","","","","","","","","","","","","","","","","","","","","","","","","","","","","12563493419.9282","14179850124.8959","17542131557.0358","21328726061.6153","27487593671.9401","12239925925.9259","5926250328.45756","6224795127.61021","5964817930.13922","6943725444.96392","8902206292.54658","9162077702.29415","9875077046.506","10750980620.9611","12521179984.0033","15119106634.9478","17828826202.4298","20300345952.8501","24995533337.568","23958162513.4615","29087765768.4776","30388993336.2956","33831688609.8425","38599633436.1767","40801643750.2909","41437133814.2546","30921701986.2532","26106000284.6789","20996364313.7125","","","","","","","",
"South Africa","ZAF","GNI (current US$)","NY.GNP.MKTP.CD","8418196632.72135","8853596458.56142","9490596203.76152","10530795787.6817","11580795367.6819","12653194938.722","13777394489.0422","15371993851.2025","16608193356.7227","18657792536.883","20554791778.0833","22755331598.6617","23813457348.2064","32337645307.5758","40139695677.7051","41368044699.9897","39648559912.14","43590760897.6902","49654712413.6781","60699054538.8903","86086380409.6893","89562307211.0887","82776455679.4153","92847141190.1984","81876827199.2311","61888790424.804","70409079610.2637","93418918062.7229","100804585769.406","104686166081.45","121780791791.973","131995444199.593","144010513272.375","144532358674.583","151091003233.639","168861173587.054","160122826316.263","165756676595.857","149819615960.396","148308666492.948","148579191530.395","131692500471.299","126298380475.312","192409559233.228","251495558194.484","283925657333.605","298723218173.567","323309276978.553","307188878051.107","323126593033.907","409232529965.626","447479678691.973","423516734077.151","391194711860.894","371745234720.224","338766618711.13","315294078694.387","370872982190.206","393942767301.253","379611880898.869","332348833104.838","411963103952.87","399131611405.409","376303556657.57","393257786991.279","",
"Zambia","ZMB","GNI (current US$)","NY.GNP.MKTP.CD","626219749.762588","617959753.063282","610679755.972369","636299745.734621","725899709.930476","997499601.399159","1157799537.3433","1269799492.58812","1500799400.28056","1859899256.78426","1742019303.88909","1602999361.31624","1783380642.05816","2245872913.07314","2722779975.01442","2271971147.39049","2492924825.53519","2403739518.95676","2634554537.88509","3065294117.64706","3594674556.21302","3895543842.83661","3635100942.12651","3070452740.27006","2442713710.42992","1985863567.49654","1357613020.74961","1921345452.349","3318172882.37091","3587772642.3082","3008135304.85271","2992917279.30394","2867357362.39173","3018507033.48109","3420406172.36181","3564983295.12486","3391220962.00017","4052488554.56608","3315041923.79552","3240377400.68232","3444515379.10612","3929495407.69911","4043342044.44828","4758802549.01948","5822422913.34258","7700141839.36373","11588306430.5737","12512434228.6071","16512263315.2682","14909632547.9083","18902559483.8548","22302537247.7215","25071084452.0428","26888392774.4326","26589065800.1625","20839208733.1386","20311304651.4334","24726787496.7166","25904703273.4567","22904080806.827","17628788924.0422","20174571689.6587","27550148024.3043","25909655971.6671","23125875794.1063","",
"Zimbabwe","ZWE","GNI (current US$)","NY.GNP.MKTP.CD","862431556.071695","861912456.16463","849469283.164585","847163880.671585","770592510.770095","1059013579.81005","1096406335.08092","1270749839.05787","1351839367.66611","1595868207.46363","1749834083.32941","1983916264.14792","2452895055.40468","3062930489.6875","3644570078.0022","3967529834.8253","3850129226.9471","3883412398.01495","3971332291.2949","4673916705.17297","5722049534.31835","7177680765.04802","7086528373.1594","6490707811.01012","5565294877.28177","4828132041.34335","5034912388.4901","5365536524.59922","6272096970.526","6917877514.25307","7035400067.36238","6686750000","4948000000","4969000000","4986500000","5014000000","6501750000","5924000000","3924000000","4571750000","4366500000","4653750000","4606750000","4313500000","3981250000","3988500000","3430500000","2958000000","1560750000","9275750000","11439750000","13232000000","16267250000","18183250000","18541500000","19431750000","18782500000","49046015936.255","33428799019.6078","32970740760.7003","31549473846.3714","40643260186.87","40119015110.5357","35520403630.6039","41104992207.0731","",
         