"Data Source","World Development Indicators",

"Last Updated Date","2026-04-08",

"Country Name","Country Code","Indicator Name","Indicator Code","1960","1961","1962","1963","1964","1965","1966","1967","1968","1969","1970","1971","1972","1973","1974","1975","1976","1977","1978","1979","1980","1981","1982","1983","1984","1985","1986","1987","1988","1989","1990","1991","1992","1993","1994","1995","1996","1997","1998","1999","2000","2001","2002","2003","2004","2005","2006","2007","2008","2009","2010","2011","2012","2013","2014","2015","2016","2017","2018","2019","2020","2021","2022","2023","2024","2025",
"Aruba","ABW","Adjusted savings: natural resources depletion (% of GNI)","NY.ADJ.DRES.GN.ZS","","","","","","","","","","","","","","","","","","","","","","","","","","","0.000894164238622928","0.000756602792391744","0.000591960702237522","0.000499369413082019","0.00156818469907334","0.00164854719696274","0.00139324586614436","0.000940765966031934","0.000952553682742989","0.00118016661742848","0.000830123138843101","0.00101791094987176","0.000851208427531912","0.000736138221737037","0.00130541045450105","0.00118823740229048","0.00116366514842477","0.0012016088747575","0.00128080282583172","0.00184439217160606","0.00215822302646318","0.00243031400399234","0.00251454970896737","0.00184676731829103","0.00373232146674204","0.00388012951476976","0.00333324812005796","0.00260883523849379","0.00335880746579488","0.00249259859735073","0.00350250599236074","0.00299223668371317","0.00202016843979342","0.00176021957592569","0.00311858578657175","0.00212936341352684","","","","",
"Africa Eastern and Southern","AFE","Adjusted savings: natural resources depletion (% of GNI)","NY.ADJ.DRES.GN.ZS","","","","","","","","","","","","","","","","","","","","","7.23009565071201","6.18251636221638","6.76860926441392","5.35481831016213","3.77053596725565","5.74076265287908","5.25868232933477","4.83805919091407","4.83197878764249","5.11393780841528","5.35484015770316","4.50738035605481","4.6129621749091","4.22564642665659","5.16436819929269","5.70328421980947","5.99566800620109","5.23158540196786","4.9027998954584","3.83466974605045","4.86101635169935","5.15676157346754","5.76406406864235","5.41048927034694","5.71014737522623","6.75209967956331","7.64566596477922","9.66979090801657","13.5711271076248","7.36419618503452","8.48209286879148","9.98393024601668","8.6756818088017","8.20678873243431","7.02408338072392","4.91295975303422","5.35462488043747","5.6703664441743","5.37487469326383","4.64729753372498","4.3903888668411","7.39379146945376","","","","",
"Afghanistan","AFG","Adjusted savings: natural resources depletion (% of GNI)","NY.ADJ.DRES.GN.ZS","","","","","","","","","","","0.503854339896009","0.644590857213565","0.78674435917663","1.24275504257515","1.49305687931238","1.84970079310724","1.96296414414561","1.84074983455878","1.61826599641607","1.69293949702269","1.61107465711173","1.22691425040073","","","","","","","","","","","","","","","","","","","","","","","","","","","","0.270365440241896","0.359454023848009","0.386644007799435","0.380988095588488","0.335090541512718","0.315570916067545","0.290260984624591","0.363282086046627","0.3508791651862","0.40105296171908","0.370130823138395","0.243668382509913","0.335934934646957","","","","",
"Africa Western and Central","AFW","Adjusted savings: natural resources depletion (% of GNI)","NY.ADJ.DRES.GN.ZS","","","","","","","","","","","","","","","","","","","","","7.80696479033954","6.02342080368252","5.14476452684117","6.23941025562283","6.84829407161411","","4.05717028642397","4.86484717880787","4.56384666115625","6.91495606187091","8.55349457521437","6.01080143231425","6.38831920081234","6.25604028360847","8.0194825162364","8.7619492504396","8.64528444391346","8.62604765204212","6.46559227335479","5.95589666985459","10.4507069913582","6.97841873767406","7.09401329825102","6.962330427617","7.15929082931444","12.2351444064129","12.3695814421235","12.1355847656959","9.9873469178885","6.24865203942686","8.27583462166271","10.3827632269359","9.19069440374898","6.83673961391515","5.3233107666039","3.19531570906761","3.22712596222747","4.52212543212198","5.22859477691575","4.34715135181176","2.95938035001542","4.89016397672746","","","","",
"Angola","AGO","Adjusted savings: natural resources depletion (% of GNI)","NY.ADJ.DRES.GN.ZS","","","","","","","","","","","","","","","","","","","","","","","","","","11.3791955611834","6.38033898926293","15.1858446153804","16.4879076523779","18.7559598975257","27.9085700228084","15.8086831025736","60.9252867245352","55.1887616275109","78.3740572266791","40.9716371439687","41.7870373926984","34.99524186941","22.566821748115","38.7456332565134","50.0798215564175","35.8583445956771","23.4297579582347","20.0451296313159","24.7529760770612","34.12711865253","33.8049427763479","39.8714637534371","49.1584585844471","26.2264883639634","33.1201403646739","32.7769325409916","29.4253958885424","24.7241257283763","18.585126985335","10.9509823897879","17.0851746969861","21.6657819099463","26.6126712023893","24.0727401150351","16.463535823985","23.2696829218233","","","","",
"Albania","ALB","Adjusted savings: natural resources depletion (% of GNI)","NY.ADJ.DRES.GN.ZS","","","","","","","","","","","","","","","","","","","","","","","","","6.36153934861959","6.01593499407022","3.65928274643055","4.30997039061041","5.41483887198096","5.66008764868236","5.54585541952003","6.8156132763055","9.43113501456448","1.86960641013414","1.0371380389256","0.753269546254241","0.69031390793308","0.640849820364364","0.202680975020352","0.231956038478288","0.467306058409256","0.286159549662925","0.296077331522001","0.31290023717586","0.365360428036818","0.449098144806405","0.533187132642172","0.842153630500428","0.781657640336634","0.492035356049145","0.773707710841348","1.65290936202498","1.96358695064507","2.22454159632208","2.43604042469054","1.23234511900084","0.726663830243968","0.891974837904561","1.063452760622","1.07561733330774","0.498447752914955","0.801166730169078","","","","",
"Andorra","AND","Adjusted savings: natural resources depletion (% of GNI)","NY.ADJ.DRES.GN.ZS","","","","","","","","","","","","","","","","","","","","","","","","","","","","","","","","","","","","","","","","","","","","","","","","","","","","","","","","","","","","","","","","","","",
"Arab World","ARB","Adjusted savings: natural resources depletion (% of GNI)","NY.ADJ.DRES.GN.ZS","","","","","","","","","","","","","","","","","","","","","27.5126169428593","20.2525522248436","11.3101581330703","9.75092130880249","9.65699907644284","8.2892468805515","5.41693825134627","6.87608065015649","5.76661791832959","7.85068584830395","8.09731101989145","8.43690910758817","8.20962893237397","8.14760102515636","8.31050389303981","7.9223665176245","9.17602483720963","7.86171988233398","5.53845069928966","7.05372062816815","9.76588680176782","7.94329245013331","7.69271961773178","9.055583565638","10.7209688037324","12.8230398176011","12.9343154549955","11.8491567085179","13.5548787327769","8.62961656202006","9.86998649957474","12.7323615666134","12.3354189882717","11.2901830658199","10.1874339604489","6.23643164958644","5.39768481041895","6.4552728093123","8.22530942051884","7.26768233808945","4.6262501296413","","","","","",
"United Arab Emirates","ARE","Adjusted savings: natural resources depletion (% of GNI)","NY.ADJ.DRES.GN.ZS","","","","","","","","","","","","","","","","","","","","","","","","","","","","","","","","","","","","","","","","","4.81386974864871","3.4952672045477","3.2863520603029","4.55378873943367","5.51618528640763","5.93871727193899","6.98402671624795","6.21195882054223","7.13298386990678","4.73600597763597","6.03038745311096","7.91555892095429","7.72011724319281","7.78810680888704","6.80431978177722","4.14001623777128","3.6282305081249","4.30081543701219","5.47309455348677","5.15845021865094","3.41351732252659","","","","","",
"Argentina","ARG","Adjusted savings: natural resources depletion (% of GNI)","NY.ADJ.DRES.GN.ZS","","","","","","","","","","","0.156466926470042","0.246262253463452","0.295154433851194","0.344996580639414","1.29592859513148","1.60501389008443","1.80997172019079","1.50714562058538","1.72131177856291","4.01531102433202","4.74763304348082","4.05755408832549","2.35893347621652","2.53008169379258","3.21531288860755","2.63722420210492","0.883082381271805","1.32637365634705","1.01747776226226","2.68430779488914","2.0754461606463","0.852899869380546","0.837517546897991","0.834278511531039","0.818997094703854","1.02773944279406","1.29568283678905","1.179833843448","0.654761052154376","1.14016378346391","1.96286045775224","1.59210894580611","4.71143595898171","3.81013615187852","3.92464743905894","4.87655606235618","4.76929043549582","3.93419180078864","4.08991701600495","2.51931091829393","2.5740086921071","3.11822224026598","2.92724755737546","2.53736885423385","2.36142974967484","0.841522144663773","0.662926224788667","0.748123435238101","1.56382369743731","1.66722275063071","0.979578858056912","2.05199483255121","","","","",
"Armenia","ARM","Adjusted savings: natural resources depletion (% of GNI)","NY.ADJ.DRES.GN.ZS","","","","","","","","","","","","","","","","","","","","","","","","","","","","","","","","","","","","0.380424609455607","0.206324527959027","0.196481116512151","0.07953536603438","0.116788024500419","0.180497872162118","0.186233935291212","0.462253907828895","0.0298417714827824","0.020857758607295","0.00984366798845347","0.015088759110886","0.00881945869718007","0.20152935129886","0.347525102208512","1.58088088258868","1.91609483976115","0.975899939721712","0.695341106218562","0.26569616776989","0.513002231156997","0.216780401516851","0.237460142323514","0.681367168443602","1.19439913303945","1.11623285694115","3.60601921463938","","","","",
"American Samoa","ASM","Adjusted savings: natural resources depletion (% of GNI)","NY.ADJ.DRES.GN.ZS","","","","","","","","","","","","","","","","","","","","","","","","","","","","","","","","","","","","","","","","","","","","","","","","","","","","","","","","","","","","","","","","","","",
"Antigua and Barbuda","ATG","Adjusted savings: natural resources depletion (% of GNI)","NY.ADJ.DRES.GN.ZS","","","","","","","","","","","","","","","","","","","","","","","","","","","","","","","","","","","","","","","","","","","","","","","","","","","","","","","","","","","","","","","","","","",
"Australia","AUS","Adjusted savings: natural resources depletion (% of GNI)","NY.ADJ.DRES.GN.ZS","","","","","","","","","","","0.677521714469096","0.69100163309901","0.739551771042907","1.16235715544394","1.96020042782629","2.06524582164713","2.15657151677754","2.40227720238545","2.13606369016622","3.61988338685695","3.61467268030351","2.31693627137774","1.75224523882955","1.93745113915161","2.01095162667744","2.46529955667392","1.63896496108539","1.97304063956335","1.51794704937728","1.41212930297155","1.84869074344325","1.3190393579813","1.25699724928425","1.24970661903116","1.19245576593835","1.22244836281692","1.10936076986253","0.973663561023167","0.866717800629704","0.838298227509251","1.4233453179063","1.21954582957992","1.2182718084888","1.15449154491772","1.27451430832021","1.85091148449415","2.29756892548088","2.92311466345161","3.02772526479076","1.74840682063014","2.6558085111214","3.04337330470446","1.93082144866115","1.7353128680778","1.80382133835781","1.2520373757635","1.67601428731361","1.78107791367354","2.38090217114557","2.38984306056167","3.06892268137174","6.22359525194266","","","","",
"Austria","AUT","Adjusted savings: natural resources depletion (% of GNI)","NY.ADJ.DRES.GN.ZS","","","","","","","","","","","0.0861737681834657","0.115596231411163","0.124240369165213","0.140963206436387","0.364476618774278","0.29195656613455","0.317340002042315","0.261202468454155","0.231257837471833","0.400498812187188","0.37999171595108","0.298398109611524","0.17789864349459","0.213957221476064","0.222614130604015","0.211399389171033","0.091607961794896","0.0843960601402527","0.0883743332082554","0.130610846788179","0.13667110839872","0.0759422294267467","0.0478943232929916","0.050370251656681","0.0534325767107581","0.0511694266249912","0.0661195651728515","0.0619098281459097","0.0254705875009164","0.0387314458607116","0.0788331665655613","0.0867168150849717","0.0884090072044131","0.0941913192357768","0.090537484002835","0.0957927949239247","0.131473184775975","0.137547740359666","0.175748515092689","0.118771524132107","0.134346763625082","0.156884420705329","0.168682443235827","0.149227841292337","0.135585373616233","0.0923158273899009","0.0677950635081036","0.0776420103252036","0.100695375466333","0.0769953294396026","0.0420824027177127","0.0828769699169557","","","","",
"Azerbaijan","AZE","Adjusted savings: natural resources depletion (% of GNI)","NY.ADJ.DRES.GN.ZS","","","","","","","","","","","","","","","","","","","","","","","","","","","","","","","","","","","","","","","3.90764829734175","13.4187336892543","27.8653089858114","20.8121432560706","9.47262741852573","9.70316750770309","11.2426104989905","21.0525762422497","27.4968442663806","30.1217559838407","32.0142087514172","22.1227808535488","20.6975073690463","23.6027243398786","20.1641602595004","19.4480192326288","15.0016675400359","9.30862159892158","9.91049747025653","12.6483075000294","17.6246224867223","14.668836446592","7.56521132032423","16.1691776599721","","","","",
"Burundi","BDI","Adjusted savings: natural resources depletion (% of GNI)","NY.ADJ.DRES.GN.ZS","","","","","","","","","","","","","","","","","","","","","8.9133517163668","7.59918287152285","10.8961346345641","6.59637723760514","6.85793734774007","6.02766876210248","8.71923397080786","9.55661945744825","10.6054091967097","10.8224103733741","13.5477990620734","12.8110209313015","14.1997386715424","14.3890962236875","17.2741448204035","24.2609429341882","29.1705646198222","23.9290094920198","27.2725044077005","15.635981634536","14.8175188627236","19.0502813942268","24.7069255943833","41.4116193460783","31.3578457575793","27.0746354603901","24.0233985282252","32.395084694196","33.0087216466442","30.5464488990663","23.9278800230321","25.0861203888214","17.4816827550409","17.665409269922","17.4367973273596","15.4982851501196","19.0651829866021","18.4347977586208","13.4033433708258","13.089765712209","13.7719540219161","13.9163419337296","","","","",
"Belgium","BEL","Adjusted savings: natural resources depletion (% of GNI)","NY.ADJ.DRES.GN.ZS","","","","","","","","","","","0.0571356552432059","0.0504417511979124","0.047567055318959","0.0544528908323432","0.0516508193097721","0.054814051159257","0.0560852534275598","0.0438360487906927","0.0403370207215733","0.040212703950574","0.0420583779911639","0.044244814769079","0.0528310460959599","0.0482640604535753","0.0433310149306466","0.0468827925017098","0.0385222533931377","0.0341063584985847","0.034219986311414","0.0445989942747243","0.0431792134074556","0.0279985163957941","0.0231186256486527","0.0249459498992857","0.0227486900567329","0.0206822384579015","0.0220976683423935","0.019898209562218","0.0228517229511064","0.0223038101424168","0.023991469956864","0.0206114869670566","0.0232380454760227","0.0212863443147595","0.0156463974107887","0.0155229234001017","0.0187021004483539","0.0188114238452013","0.0179266058840974","0.0170006778971711","0.0398098652431534","0.0528989513216863","0.0490222452712663","0.0446456773684696","0.0500772787085524","0.0232551807362152","0.0196059927277674","0.0253236544948642","0.0333638162585183","0.0292646260442942","0.0188316271658004","0.0313099758855987","","","","",
"Benin","BEN","Adjusted savings: natural resources depletion (% of GNI)","NY.ADJ.DRES.GN.ZS","","","","","","","","","","","","5.84716557566054","5.36831690560138","7.26543586001948","7.27038388993283","8.26398805940371","7.17067351693105","11.9786422470203","9.87187337928564","7.16010771709341","7.32688046645654","7.43503551930756","10.1665982598227","8.36720528959215","8.81081165773197","7.03928894524885","7.32527011286271","6.54223657759137","6.59554287901682","7.5348474518257","7.15520392848327","6.76758916072199","9.10892104526921","5.70598581356743","9.19598110901891","9.21191442237948","8.28233831272049","7.95655508654982","7.53606431765689","3.15839269820883","3.27238422542651","1.71467043131284","0.473489710909596","0.000347505015402044","0.000282870033479082","0.000426455157784285","0.00133191406668968","0.00102713034916243","0.00113241338764731","0.00139053517593506","0.00191783887731589","0.0029390344237074","0.00266812586603441","0.00159958315019326","0.00123000903383622","0.0364671303689086","0.0363644198885848","0.0618964640118426","0.0813960890703062","0.0679965430244873","0.030002195419226","0","","","","",
"Burkina Faso","BFA","Adjusted savings: natural resources depletion (% of GNI)","NY.ADJ.DRES.GN.ZS","","","","","","","","","","","","","","","","","","","","","0","0","0","0","0.0624686239047551","0.104353567958154","0.184729563177896","0.179816013005825","0.178065301285868","0.0961727869789372","0.0526174471009238","0.158993046683771","0.0109720464048329","0","0.0978629023751976","0.0605286149056768","0.0940118953641927","0.0762292974255576","0.0545075482911181","0.0234411702461576","0.0280941708878747","0.00920239540162923","0.027444600619899","0.00787698596214473","0.0181097388395803","0.0320778539737116","0.093597087609347","0.000147516762035972","0.318683808648159","1.03444190500171","3.19018051324321","5.60932278207038","4.01486126304454","2.85308173463244","2.23094359948117","1.95831385703214","2.92311693112079","3.27308918352483","3.00137527822614","2.89447602704474","3.46065856195253","12.6227866379498","","","","",
"Bangladesh","BGD","Adjusted savings: natural resources depletion (% of GNI)","NY.ADJ.DRES.GN.ZS","","","","","","","","","","","","","","0.494222798831921","0.378011114710399","0.556095947141321","0.67523845656895","2.44803745563275","1.76257384373299","0.642436095624808","0.680348746491373","0.525791149832294","0.855190541666031","0.605602778802819","0.497304698819713","0.306326214504872","0.550563251969282","0.464841902771984","0.461315382414833","0.427691754795026","0.473938237685074","0.465891079980835","0.516139088065096","0.441659834512489","0.43234272964909","0.496535705381161","0.428134125746622","0.365634969494589","0.378209194539396","0.437725475898164","0.588788273067458","0.612299974414246","0.737150470156379","0.70093505989345","0.762644904954118","0.871723232385277","1.07738753712935","0.920730669578566","0.881301428658052","0.84364862567031","1.04926765524371","1.1690919478382","1.19113948420651","0.906559975487132","0.847423437968158","0.761525249064301","0.625475019121917","0.624478320059055","0.575874618489167","0.573818678148492","0.504155308681692","0.536223481512206","","","","",
"Bulgaria","BGR","Adjusted savings: natural resources depletion (% of GNI)","NY.ADJ.DRES.GN.ZS","","","","","","","","","","","","","","","","","","","","","0.559205996602857","0.591044805956546","0.629920375936486","0.444138623665742","0.38823864530676","0.536410881832956","0.162908899578052","0.152845585913062","1.15657928328831","1.0795115522999","0.409383861579193","0.387399272686956","0.346577167840362","0.18217241375929","0.364440445906995","0.332823963145533","0.301314845847523","0.286917432247394","0.101845964606681","0.0273346757424544","0.0960208568312782","0.130622972444393","0.0468480290912707","0.0397887207858979","0.318273711044512","0.330612946013669","0.846984818961201","0.744255168803635","0.763722394230078","0.231037691829831","0.665859849273768","0.922677342020341","0.74672526083125","0.504882420626597","0.315845662235023","0.232343512640503","0.187185141200966","0.309360816353475","0.283908933781935","0.24633990650286","0.295402996632523","0.530094933899043","","","","",
"Bahrain","BHR","Adjusted savings: natural resources depletion (% of GNI)","NY.ADJ.DRES.GN.ZS","","","","","","","","","","","","","","","","","","","","","69.9620905284112","56.5470292120535","32.1780119443343","27.8163071679653","31.9176206018825","33.2409223189059","27.5284005941045","34.3740906106109","26.7672382997614","34.9676647252367","35.9174849684447","20.4198135548971","21.7380187764023","20.0816060678679","16.8607854093184","16.3770987970674","19.5926402757198","18.6142380283201","12.7859023566099","17.416335984296","21.0871363485399","18.0315687093543","17.5174876111292","17.6912053377841","19.1383904633198","22.7477598844128","23.0237812648365","21.3682124045621","24.4988575495364","18.8395656076012","21.3824390098151","29.6478127430962","23.1989819417085","24.4220047578715","22.637451852454","12.7377015869623","9.72150409052264","11.2413811873226","14.7605782038879","13.8349303740749","11.2387456838887","","","","","",
"Bahamas, The","BHS","Adjusted savings: natural resources depletion (% of GNI)","NY.ADJ.DRES.GN.ZS","","","","","","","","","","","","","","","","","","","","","0.251557578360607","0.209542051851357","0.202209710652886","0.153125446616025","0.125016140912813","0.0442880843918237","0.043666204650519","0.0461520295926321","0.0703080389934238","0.0609911953243008","0.124302332996494","0.104554102319008","0.0870506088150336","0.111359199108874","0.0860271434642033","0.0830058878531104","0.0653815017745015","0.0416961582915307","0.0101128921509583","0.00909722906042812","0.00666187843052723","0.00689029080264733","0.00819777935717137","0.00724360377738982","0.00642106126492305","0.0063711502311295","0.00756404286145264","0.00803952200317888","0.00888072117453257","0.00875895149666175","0.0156591214514199","0.0136880442324579","0.0126664408342967","0.0162261466544898","0.0184749020233503","0.0147640229233005","0.0181025309330034","0.0177135425925596","0.0139642417566823","0.0127738942227243","0.020114024035589","0.0157881838453418","","","","",
"Bosnia and Herzegovina","BIH","Adjusted savings: natural resources depletion (% of GNI)","NY.ADJ.DRES.GN.ZS","","","","","","","","","","","","","","","","","","","","","","","","","","","","","","","","","","","0.118141780448197","1.09080440792339","0.0524431910804428","1.99096575533578","1.19299928401539","1.13709336674178","0.99055820768056","0.727573566029577","0.540835732709986","0.458693571246245","0.4630776793862","0.418478813358542","0.383473052846589","0.303204930293433","0.412809297059078","0.132754045808704","0.281106487086097","0.40510384574724","0.266192569004766","0.204034697111762","0.16743192171033","0.219351623932564","0.198177554074829","0.165419635468318","0.125957856531156","0.0556671571953048","0.0468515525737873","0.0727072534827254","","","","",
"Belarus","BLR","Adjusted savings: natural resources depletion (% of GNI)","NY.ADJ.DRES.GN.ZS","","","","","","","","","","","","","","","","","","","","","","","","","","","","","","","","","0.543791336942024","0.55787261188787","0.543591437075989","0.632738412441201","0.770923623078891","0.635890646330114","0.178546540266743","0.663313997908547","1.42545019345214","1.11909396659621","0.954022462008177","0.911920175709395","0.933545901061436","0.99360504439877","0.953656787884643","0.861550654669772","0.953222849348561","0.582971057081757","0.616456716938427","0.923988873565311","0.833241769452533","0.674665253485934","0.582752214875627","0.360540198229026","0.31270290026627","0.402399785871238","0.658180369708939","0.515174521131171","0.292100099087634","0.672071495838844","","","","",
"Belize","BLZ","Adjusted savings: natural resources depletion (% of GNI)","NY.ADJ.DRES.GN.ZS","","","","","","","","","","","","","","","","","","","","","1.33212263187833","1.108795141584","1.77258712563591","1.0120736661957","0.68516571710165","0.590570760803239","0.471443310640384","0.785062506495487","0.679292641368634","0.667767330211723","0.581327849276406","0.544489490444745","0.488043551622604","0.447298909841101","0.411053868133368","0.501142880749274","0.423007970051885","0.40765564349912","0.343330556553571","0.29468808781236","0.215542937208425","0.217366689681639","0.226942398057578","0.224999563744002","0.202340089784052","0.203813238416491","2.23080347279751","3.05592555297235","4.89233212885798","3.20563479267211","4.31505311458597","5.67340961978124","3.82591503645032","2.58365937206121","1.90928060107888","0.765902255281898","0.666669399579468","0.671248614765687","0.68182571082705","0.498543292775872","0.430928874942561","0.403716641569607","","","","",
"Bermuda","BMU","Adjusted savings: natural resources depletion (% of GNI)","NY.ADJ.DRES.GN.ZS","","","","","","","","","","","","","","","","","","","","","","","","","","","","","","","","","","","","","","","","","","","","","","","","","","","","","","","","","","","","","","","","","","",
"Bolivia","BOL","Adjusted savings: natural resources depletion (% of GNI)","NY.ADJ.DRES.GN.ZS","","","","","","","","","","","","","","","","","2.72454345108042","2.93417737503608","3.27741739365781","5.6881750366762","7.72747625620169","3.39765336922361","2.32176908572422","2.74350561015987","2.51649836854494","2.190197099774","1.28205944466095","1.99975454678929","2.79492751895948","4.12441954226366","4.0059848955025","2.24919741205703","2.1180118838698","1.72869094716162","2.69198000797079","3.19439282692255","3.07159582781706","2.58004246940989","1.37452525164111","1.89449919791549","3.40894925225532","2.08798970931377","2.50485435400967","2.79471977327522","4.47427810885597","7.10835241763372","9.16632741390661","8.33765847778111","7.22106813617078","3.67483057417577","5.17973155626643","8.19110829600501","9.57864996948549","9.56004042008151","8.35761995899478","2.96634795544276","1.92858525633152","3.53621432013501","3.82445357749423","2.75842816817884","1.55213741337425","6.94639204858252","","","","",
"Brazil","BRA","Adjusted savings: natural resources depletion (% of GNI)","NY.ADJ.DRES.GN.ZS","","","","","","","","","","","0.226707499342334","0.21339914087859","0.231565284969172","0.238529137582509","0.606051584354966","0.546907854212478","0.566343132662391","0.394862678399159","0.342322381506887","0.59708017298846","0.798810602728753","0.706293044155329","0.573715065206628","1.19999492698372","1.51524911253631","1.89623093178996","0.857751498714932","1.07852308089584","0.805161783018473","0.863326900316792","1.04346047899718","0.715995311428631","0.765984445738577","0.611548438228326","0.447034119900617","0.329309851655354","0.395522083227302","0.36297851270835","0.34820918284795","0.741260021467746","1.22320716641829","1.21001540094839","1.52060488297841","1.36652469093414","1.41225267388477","2.01760086927934","2.22067398046623","2.26378058489154","2.72865780257471","1.19807347999816","1.67814111648887","2.1752439770507","1.96147705453274","1.78797181123262","1.74979758692364","1.11264455896167","1.02883412080618","1.24905409177789","1.89875463067738","1.75977305025389","1.31416348966725","3.74676225993476","","","","",
"Barbados","BRB","Adjusted savings: natural resources depletion (% of GNI)","NY.ADJ.DRES.GN.ZS","","","","","","","","","","","","","","","","","","","","","","","","","","","0.260134138449659","0.335637305847765","0.178376749447751","0.23430909925074","0.383880138007186","0.210359997379243","0.250286301726293","0.207710936342429","0.202314489148526","0.243180126451604","0.21282136500363","0.161457325021096","0.139406083686919","0.267724082931326","0.357864252317867","0.234810979110235","0.231678331433274","0.211397885539546","0.219659432437808","0.334898106538311","0.379903031848357","0.322857916862868","0.373437551565828","0.200538261048722","0.276174345813218","0.464835483367605","0.416862853915635","0.349216927372204","0.283864851586627","0.115057691106354","0.0879219737606576","0.121081736445656","0.191362463970915","0.218362841569451","0.128894119702643","0.308775206527959","","","","",
"Brunei Darussalam","BRN","Adjusted savings: natural resources depletion (% of GNI)","NY.ADJ.DRES.GN.ZS","","","","","","","","","","","","","","","","","","","","","","","","","","","","","","21.6614435894583","25.8596155991875","15.9369506128574","17.6405564013527","17.9872872667489","16.8672873550287","15.587866447768","17.7136197047529","17.3471443930682","11.8061787686897","15.9240184572782","23.6679743793937","18.7665154288628","17.4444540542008","19.5471561613095","21.0577571952165","24.7225480319634","27.6867864751765","25.0544927512217","22.4986284614272","15.9165137811415","18.7121351643695","21.5151902502854","17.9578770091624","14.2915383158897","14.5109100032211","12.2532891530683","9.83634013240686","10.7123309324916","14.8153196190869","13.9264690048572","9.24904825134825","16.0874942940093","","","","",
"Bhutan","BTN","Adjusted savings: natural resources depletion (% of GNI)","NY.ADJ.DRES.GN.ZS","","","","","","","","","","","","","","","","","","","","","17.7329832459054","14.8914267363215","22.4781444774902","14.7978447842352","10.8118681414484","7.40283959448743","10.2938641879519","6.9698311356247","6.27951238852262","5.97997537141395","6.60248781332794","8.2064313029747","8.66866052934944","7.07312382919541","5.57485030744198","6.67201085060021","6.30707327490182","4.51444365334076","4.79675895178749","5.08616628783472","3.87503997010371","3.61722504976301","3.4432654511964","3.26616915837783","2.89874125785558","2.49567719698585","3.11388131348104","4.00156948336007","3.59075417356428","3.34419607874288","4.93450051874755","4.5526087694302","4.00089893394464","3.27677595428374","3.25751907981504","3.83803073264343","4.31823947661401","3.26480072598941","1.90777672302422","2.08257192929193","2.63235804876521","2.55662680076681","","","","",
"Botswana","BWA","Adjusted savings: natural resources depletion (% of GNI)","NY.ADJ.DRES.GN.ZS","","","","","","","","","","","","2.05075536344866","1.88270278438642","2.2838598109473","3.58359567792882","3.66780559773958","6.13010659802684","5.6334930110046","3.02972460353344","3.56828171187316","3.3875138051207","2.35347626860052","2.79790872648159","1.88707460170841","1.50322207873317","1.61988084150297","1.41142135226038","1.08794307625861","5.34910293319717","4.1888647406552","1.51895578393417","2.16955617523366","1.41569593209816","0.824803660516505","1.27058673542433","1.69217034622617","1.00945685760026","1.0088327045821","0.699447823484978","1.05264076283098","1.78612820858368","0.919126965539523","0.860116544496611","1.68146003863452","2.7673228337493","2.00689994874362","5.24533163394138","5.50127634716028","3.02014485320188","1.5533357890984","1.54640004636984","1.28601745458735","1.54468314277897","1.0121634849205","0.754636618522821","0.713586167335901","0.717345769621631","0.791619654383918","0.760635689290875","0.566565651356993","0.574855671139916","0.855999246934603","","","","",
"Central African Republic","CAF","Adjusted savings: natural resources depletion (% of GNI)","NY.ADJ.DRES.GN.ZS","","","","","","","","","","","","","","","","","","","","","0.018849973285878","0.00933226795531744","0.00608546998616903","0.0182481875365003","0.0420635860236817","0.0229888887640848","0.01700661056621","0.0305858773669955","0.0428208087498722","0.012298577281911","0.00894794003700445","0.0146037163536997","0.00452603212683484","0.00524142449111727","0.0569694510130892","0.00934015731969104","0.024792486476262","0.0167096593786538","0.00737903711165709","0.00378589806625375","0.0019999832179831","0.00302636873824359","0.00511668025642327","0.00161965053035492","0.000484056184543283","0.00157789776276839","0.00267992169870717","0.0025989620040049","0.0120798052508687","0.0199668720612456","0.0253474908534628","0.0339759923873617","0.0322281324722337","0.0350023369983997","0.0254864857721601","0.0214356930284437","0.0256037494292706","0.034623439381209","0.0413603817006897","0.051784219040348","0.131363480380656","0.55724019830389","","","","",
"Canada","CAN","Adjusted savings: natural resources depletion (% of GNI)","NY.ADJ.DRES.GN.ZS","","","","","","","","","","","1.16072356575687","0.909187221311352","0.950957755360262","1.75059230064066","3.09146492954679","2.16081574102468","1.85454486378571","1.87090954828689","1.56390376278098","3.8714890361078","3.97150707623852","2.33965761060627","1.14739522511992","1.64527515943112","1.7818938916476","1.74614187933692","0.69896534098439","1.1510988741892","1.41600657290676","1.30061965718434","1.24211204504298","0.9489929805942","1.13960174643448","1.30853557079862","1.22129338921243","1.19151333637442","1.72446517754099","1.58953494431456","1.06284442698492","1.23430345398981","2.64176870239857","2.20622242709719","1.59403359773112","2.60354452441757","2.52845609106588","3.31552316023806","1.98663329044251","1.82044689138962","2.17781891455316","0.512977214258532","0.559054627602334","0.732313480330011","0.450995464605676","0.447518570432087","0.544167648469431","0.150822515217802","0.245201369936091","0.356668958676595","0.507451321381241","0.525706548992231","0.359354442831679","2.17131172016891","","","","",
"Central Europe and the Baltics","CEB","Adjusted savings: natural resources depletion (% of GNI)","NY.ADJ.DRES.GN.ZS","","","","","","","","","","","","","","","","","","","","","","","","","","","","","","1.8086977367274","","","","0.442122847577101","0.378383192021002","0.409487339616119","0.378201296199709","0.335878749448283","0.101959005564872","0.15372252408702","0.384705360715376","0.407552033686207","0.317641312124817","0.305805743830552","0.423654616210589","0.387045321729262","0.531371900018942","0.46640079411611","0.599562372288772","0.361541482113506","0.73142978756656","0.99046591501857","0.525028526884698","0.419733279583955","0.336627055821455","0.238018803533321","0.179872396056107","0.241859762076162","0.304784030024687","0.239201932793156","0.159295672466742","0.351928011864716","","","","",
"Switzerland","CHE","Adjusted savings: natural resources depletion (% of GNI)","NY.ADJ.DRES.GN.ZS","","","","","","","","","","","","","","","","","","","","","","","","","","","","","","","","","","","","0","0","0","0","0","0.0154861556784356","0.00345454300867328","3.60653545195319E-05","0.0022164812821523","0.00212647235380907","0.00282792820956604","0.00403760087326581","0.0037998542363701","0.00162593435976409","0.000151218100117417","0.000268823061227591","0.000595015970073299","0.000722811992003585","0.00143224528624296","0.00262984910223441","0.00191465723362187","0.00168847592223966","0.00163533428789164","0.00326582027141759","0.00151943020124027","0.00145849357014749","0.0021097797226387","","","","",
"Channel Islands","CHI","Adjusted savings: natural resources depletion (% of GNI)","NY.ADJ.DRES.GN.ZS","","","","","","","","","","","","","","","","","","","","","","","","","","","","","","","","","","","","","","","","","","","","","","","","","","","","","","","","","","","","","","","","","","",
"Chile","CHL","Adjusted savings: natural resources depletion (% of GNI)","NY.ADJ.DRES.GN.ZS","","","","","","","","","","","5.57147885871506","3.44107743307913","3.00662884126585","3.99346559259404","6.07621910433271","6.54287169611168","6.73853097344071","4.50439969057255","3.84231652423428","5.01774806380582","4.48614485138277","2.92281829558931","3.31733187283292","4.8730951397933","4.31067343679596","5.17152506143513","3.93151774549053","4.96232619998893","6.96368170653747","7.53676092615886","6.00307338468591","2.86338559709049","2.16214758612791","1.33069115971019","2.16462551490468","3.19244897716598","2.65129284233989","2.60552897337877","1.25364046351664","2.0882236100504","3.14455181916751","1.89183143669449","1.65882020820766","2.75510736597601","6.18786256423769","6.12053471889504","11.5767360293827","11.1098370893199","8.30772806632579","5.30793399404924","6.45492645538327","6.51404892909779","4.69624250006356","3.81902757537109","3.40430130263872","1.78673980944161","1.42983954358892","2.63688370281909","3.14130543887098","1.02219696094682","2.67627431717482","9.41539108909967","","","","",
"China","CHN","Adjusted savings: natural resources depletion (% of GNI)","NY.ADJ.DRES.GN.ZS","","","","","","","","","","","0.118424822382196","0.134919663904604","0.165288001705672","0.366147744995516","2.40083615382178","3.77908476692387","4.83635200751616","5.08740576909254","6.25010483271585","10.5123016433879","11.9278101954473","11.5587595969235","9.41163274510245","7.30931310103237","6.21985583614355","5.8482099785285","3.11198116319123","3.88334269121984","3.56737439029725","4.26010077455562","5.40545938802956","3.43185488259691","3.0226457656586","2.48364302201466","1.80072946390985","1.75024822129821","1.65101657758682","1.31942953436438","0.742710130821217","1.06584233630948","1.85561068083343","1.61431170449506","1.26668323813628","1.29589605664393","2.84839806898416","3.24671233801847","3.56281320155235","3.92526343850843","5.690314442087","2.29463084104623","3.89428267632036","4.90180082870578","2.46960876307476","1.84082793001625","1.41385938821833","0.705545701869656","0.602688601577589","0.722467199027478","0.834345313350498","0.722276040174109","0.475068779435521","1.01156651783812","","","","",
"Cote d'Ivoire","CIV","Adjusted savings: natural resources depletion (% of GNI)","NY.ADJ.DRES.GN.ZS","","","","","","","","","","","","0","0","0","0","0","0","0","0","0","0.0833943027070671","0.34449196560703","0.3023057358675","0.980836689064711","1.06347041508644","1.21149934865928","0.289501080714721","0.478373984074096","0.253564024651106","0.0983565611522298","0.105187064971956","0.0380364944069367","0.199671336841552","0.224373935409017","0.296492550447217","0.315018478370549","0.522141843159794","0.489440208067925","0.150761565880804","0.242240077612382","0.474939785384091","0.327805299528533","0.668094518720068","0.795981541944583","1.24916034854166","2.74302987517689","4.95607384449878","3.77932787642667","4.24209809038294","2.27193492307024","1.68804489064548","3.08423413150914","2.05219987732939","1.52798412507447","0.754629349245394","0.585771214708632","0.713183440792754","0.877075822578343","1.03735718304306","1.08407997292523","0.847720891980467","2.41957187704402","","","","",
"Cameroon","CMR","Adjusted savings: natural resources depletion (% of GNI)","NY.ADJ.DRES.GN.ZS","","","","","","","","","","","","3.81265470792223","3.70302494994593","4.84706389582213","5.13480524603942","4.66532774542799","4.85636596987135","7.01643959005147","5.36330934626515","8.28909562417263","11.9818040533177","9.61311166391474","6.76533371088049","8.33342672579395","9.47141187111774","11.0991713237275","4.16215423317067","5.93602195033209","5.33837899609371","9.59325107780781","11.4886816738839","7.73413817341354","7.65824605731018","5.09663838562279","8.43030047566876","8.84626453908966","8.98804568817805","8.72612506223769","5.45270424793082","4.8678576264755","7.63253659017878","5.22125250577304","4.81305512173014","4.66095754626095","4.12718951749772","6.46059732914789","7.40052722519928","7.8960461115702","9.46139126970035","5.47165490186086","6.36600590477163","7.43290172466067","7.69342040477931","6.87205348090661","6.5497012999893","5.44050056008302","5.23335420965005","5.85111384918714","5.61274120385811","5.07370762177955","4.05270603992123","4.9676316564512","","","","",
"Congo, Dem. Rep.","COD","Adjusted savings: natural resources depletion (% of GNI)","NY.ADJ.DRES.GN.ZS","","","","","","","","","","","","","","","","","","","","","","","","","","","","","","","","","","","26.025336151566","41.0552380707983","37.9622956351274","33.8146012314614","33.8917753252399","30.4456725256017","7.31634418680207","18.7450541163479","18.9335711165761","29.7325039358449","23.9254344935462","22.7069315346739","20.1993803432155","24.1994964376488","26.6015381244158","26.7661959455865","22.9031224248147","25.2811630484718","24.9058327411947","25.1241281190856","24.3521633463549","20.6293381040061","20.1511386551104","19.1728064709246","16.8101078869276","10.4009056940368","15.0999397900573","33.0940322255891","","","","",
"Congo, Rep.","COG","Adjusted savings: natural resources depletion (% of GNI)","NY.ADJ.DRES.GN.ZS","","","","","","","","","","","6.7758502460738","5.97215915114027","5.53282380770709","6.69946640700165","19.7695583299414","10.4988910770956","12.765361236811","13.4587166217514","15.4516368756196","28.3612267613199","24.3051381106581","15.1810212554022","8.01485253570669","16.3618323148304","19.2332626881035","20.8510487420663","10.6620142692615","17.0488021203","20.7699590289515","35.573879626623","41.9827348436324","24.7924493060942","26.5118646596579","34.4516287211797","34.2521050416114","51.1972853017589","49.7464267513973","47.7632873859846","31.3587558075191","42.7974662303514","65.2080956777967","52.1691235199006","49.4551206485762","38.4644777684809","41.548933712345","44.6784514707239","45.6698959636499","38.5837220404291","41.7526377174628","27.9138254361009","35.0691976606232","41.8275263936616","31.0658887767315","20.703510416788","16.6656823674639","9.99745155241627","11.303858778736","22.348040972962","30.490437164448","30.0485524895823","20.9948351277027","24.9833120433541","","","","",
"Colombia","COL","Adjusted savings: natural resources depletion (% of GNI)","NY.ADJ.DRES.GN.ZS","","","","","","","","","","","0.427081298621848","0.658929013429564","0.621854226859265","0.858987838979863","3.60002924031437","3.13907107752558","2.6783176539453","1.66679696868087","1.43900793145016","2.8097695192298","3.06668951773284","2.60061724525236","1.62081638599104","2.32764176437589","2.35818673098308","2.59229024707947","2.02544397271983","3.83107603956975","2.83116429247137","4.45710370235989","5.34035127822014","2.92988757351273","2.31777995517278","1.92807994114446","1.61916597473369","2.27862969796038","2.9031902640552","2.44241040766477","1.61250385324872","3.65244157428302","4.97114274830109","3.24272527857058","3.39797227848355","3.92807692586809","4.7113624401692","5.2264527115022","6.10457398999852","5.28926366140542","6.70878012580192","3.9663951339094","5.34449561936638","8.18722539440023","7.02085517523747","6.29680705318058","5.49901541071731","2.90241422516831","2.26984911807748","2.86215964120698","4.05840433409309","3.53508263703346","1.92785529565366","4.21452528694986","","","","",
"Comoros","COM","Adjusted savings: natural resources depletion (% of GNI)","NY.ADJ.DRES.GN.ZS","","","","","","","","","","","","","","","","","","","","","0.812127139117259","0.810625349031489","1.28450545940093","0.795135450957406","0.772501016840868","0.519626367198491","0.62242830808235","0.507004365675988","0.549575690409303","0.597164198347086","0.734247932397336","0.753443303750767","0.726131073594324","0.630657243184481","1.09006445958669","1.68563390854781","1.72379670691992","1.75953601884459","1.83432324287114","1.27037857789492","1.3981581257989","1.27103426402758","1.37759449372785","1.65947199332043","1.23681947513989","1.30063514734744","1.26792229246872","1.58030268736854","1.72004981977251","1.75152926119733","1.59493788752637","1.63479630435724","1.91973565978562","1.84070492633865","1.9692349697479","2.45303824419413","2.4931705334543","2.35286090362699","1.54378748318248","1.47953516817524","1.59303806195291","1.62054641457388","","","","",
"Cabo Verde","CPV","Adjusted savings: natural resources depletion (% of GNI)","NY.ADJ.DRES.GN.ZS","","","","","","","","","","","","","","","","","","","","","","","","","","","","2.11621951151603","2.07818799101613","2.36477174102355","2.0717119323163","1.98555865982651","1.65233496218626","0.982712972143046","1.12644950500253","1.261348000461","1.25691514706192","1.22741890246138","1.05446735445332","0.629584642337914","0.760809958448791","1.03826746212659","0.924440804274316","0.881500420337001","1.14237321804368","1.34240830308319","1.25069295174506","0.989214349843504","1.81735883844568","1.00504196418269","1.34152269412001","1.55209938536946","1.15661747917519","0.871596349055293","0.784301843407449","0.793011334367117","0.815353557543601","0.821745542371803","0.686479083323327","0.644294929513043","0.666475921263896","0.827766044177785","","","","",
"Costa Rica","CRI","Adjusted savings: natural resources depletion (% of GNI)","NY.ADJ.DRES.GN.ZS","","","","","","","","","","","","0","0","0","0","0","0","0","0","0.00421337695215719","0.0260890926250644","0.0323419901578924","0.0273598950063859","0.0397540441254191","0.0256368366699613","0.00652630110989085","0.0100821267788672","0.00398585545107621","0.00318124118316565","0.000635462398542995","0.000413422054123743","0.00259361110555123","0","0","0","0.0151789961750929","0.0155574993352018","0.00836143907224217","0.00443219855743193","0.00130288553732772","0.000498156991077168","0.000361261763740758","0.0188449652991667","0.0261636157272386","0.0432148709864782","0.456865198951657","0.196959924450509","0.204189894068726","0.143358097778531","0.040693534904343","0.013125611762689","0.0262228046636563","0.0762679736800369","0.0536513386089186","0.0477731343010405","0.018892425144203","0.0155307144106604","0.00665795647547234","0.0076969668000433","0.00560359290045729","0.00293690165047445","0.00807538237350335","","","","",
"Caribbean small states","CSS","Adjusted savings: natural resources depletion (% of GNI)","NY.ADJ.DRES.GN.ZS","","","","","","","","","","","","","","","","","","","","","20.2639451483193","17.7119841470988","7.40267824046453","8.44664825839609","8.80543814277326","8.99194288794532","4.35639910461861","5.86280862702719","4.3840713551397","6.38936926873934","7.98451853505555","4.91941303705955","4.65792780294209","4.72913328811268","4.80275466861163","5.12220780042689","5.30493859951254","4.18983254586225","2.18251748261897","3.14505758755309","4.03922342652491","2.91175310214879","3.35136438404395","3.7659066503396","4.09530079129563","6.4272178632471","7.45445699428999","6.91287948606341","7.42138038374801","6.85139360419099","7.14148984732121","11.5994281516372","10.5206420537869","9.94662335360937","7.79949765140438","3.72604203885383","3.47740686745434","4.17562801135278","5.27915503102493","4.97856060517832","3.81687439890903","6.6522839172905","","","","",
"Cuba","CUB","Adjusted savings: natural resources depletion (% of GNI)","NY.ADJ.DRES.GN.ZS","","","","","","","","","","","0.276805260822552","0.23373076971907","0.222463097269063","0.249122695297956","0.30931704422118","0.355141039389584","0.356043539162269","0.351012561857144","0.265308735340911","0.481433337794897","0.406306324291381","0.431621437103759","0.494029349447467","0.393428269393021","0.385034276252969","0.425291792939817","0.245718597772717","0.332603776360065","0.485641959511687","0.569538699355842","0.482501161538041","0.474758611030181","0.548363113551303","0.510475693731747","0.516772730386237","0.57297319086089","0.94910859572696","0.873635639695476","0.433438055097061","0.520582655783176","1.10577835765537","0.777544880917099","0.666447631037525","0.918961670636328","1.18506909800237","1.13793991703037","1.54016343361531","3.71070646262804","2.28670460755122","1.23111683351654","1.75006547596855","2.10165071217733","1.74231341596829","1.46611429721694","1.33768005514193","0.542046975303331","0.410015425029844","0.537020032717278","0.84884368440445","0.6500226386049","","","","","","",
"Curacao","CUW","Adjusted savings: natural resources depletion (% of GNI)","NY.ADJ.DRES.GN.ZS","","","","","","","","","","","","","","","","","","","","","","","","","","","","","","","","","","","","","","","","","","","","","","","","","","","","","","","","","","","","","","","","","","",
"Cayman Islands","CYM","Adjusted savings: natural resources depletion (% of GNI)","NY.ADJ.DRES.GN.ZS","","","","","","","","","","","","","","","","","","","","","","","","","","","","","","","","","","","","","","","","","","","","","","","","","","","","","","","","","","","","","","","","","","",
"Cyprus","CYP","Adjusted savings: natural resources depletion (% of GNI)","NY.ADJ.DRES.GN.ZS","","","","","","","","","","","","","","","","","0.99047740410337","0.45899182776773","0.238756545655357","0.117582002774047","0.0760651984106406","0.0388649981842208","0.0391063928494375","0.0403161147797758","0.0354418063912172","0.0340496155050368","0.0222143119067768","0.0161732622637972","0.0178568637499009","0.0225381072410585","0.0128421469536814","0.00484680124842091","0.00170415928862962","0.00297813297414318","0.000731668539664415","0.000806086821183602","0.00442101169058051","0.0106826722715992","0.00399533172973175","0.00582511506665688","0.0103858763882493","0.00437353937817471","0.00515048128202696","0.00353254757987822","0.00453568884431281","0.00101183918924161","0.00107575306579168","0.0038068059327182","0.0138143659601653","0.016307457734791","0.0237027728580779","0.0377653432829421","0.0378552986097279","0.0223798368778124","0.0175027220000039","0.00909074447189497","0.000224083596923935","0.00324342805264648","0.00309378512697589","0.00236636747795819","0.00565437040409902","0.0100884757071389","","","","",
"Czechia","CZE","Adjusted savings: natural resources depletion (% of GNI)","NY.ADJ.DRES.GN.ZS","","","","","","","","","","","","","","","","","","","","","","","","","","","","","","","","","","0.124762441969567","0.0807410323234764","0.106206187104856","0.0943653529666318","0.0766960661960145","0.0590537406264105","0.0381098588232367","0.0989793470915844","0.169455960023566","0.0959385214078609","0.0951696204661402","0.269712146401223","0.220348136935396","0.238759922529509","0.241827723128084","0.477737794386401","0.198173141230698","0.298843413655612","0.330178481675605","0.183764875390195","0.109373594926078","0.0966059523605795","0.0817971148616068","0.0897843648038061","0.123869670670436","0.176675040184413","0.223781034098388","0.246201643571998","0.222302201728212","","","","",
"Germany","DEU","Adjusted savings: natural resources depletion (% of GNI)","NY.ADJ.DRES.GN.ZS","","","","","","","","","","","0.142782812758776","0.157465199434423","0.130740488362864","0.117125808537485","0.237169710828052","0.455101800738709","0.493346151984116","0.413931464768127","0.313635273515906","0.309869305748413","0.332854086898755","0.488731930818016","0.488145064487254","0.366282702821093","0.315060960182457","0.299471537564615","0.145764669579952","0.0808126867997338","0.0649900810064428","0.0873711223335986","0.0972435455066431","0.0737369474047227","0.0528861651037117","0.0443410307086324","0.0287328590285494","0.0372520921623969","0.0405691318806608","0.0421240382192685","0.0185917587169769","0.0161990515755775","0.0439247242248533","0.0689650312592816","0.0561760368109765","0.0497755672128087","0.0565786835486283","0.0682776991330837","0.0857359500794165","0.0712636127658131","0.138617515905533","0.0796055350440294","0.0761801376502495","0.0986197026549725","0.0788985227753028","0.059798712921437","0.0398221083435397","0.0272784832279589","0.0185491740941153","0.0235604624283058","0.0278580557415591","0.047726874604311","0.0396520572133387","0.0295485628853888","","","","",
"Djibouti","DJI","Adjusted savings: natural resources depletion (% of GNI)","NY.ADJ.DRES.GN.ZS","","","","","","","","","","","","","","","","","","","","","","","","","","","","","","","","0.558512275207547","0.476443409257305","0.362963953152995","0.404932776779956","0.611223940464673","0.643506177183857","0.660885581767574","0.928234575543697","0.382256487880863","0.371440183166311","0.407141830454219","0.442820966565649","0.602791699656778","0.554402212563284","0.524130213364941","0.598451206923043","0.508972436689151","0.765381341490468","0.728164433620771","0.825460149335157","0.88223796460164","0.926983660869083","0.534002614339122","0.797515515020805","0.670082084238456","0.499769805496342","0.598855898525456","0.293270662587661","0.369765614000104","0.332449614680865","0.281995991179442","","","","",
"Dominica","DMA","Adjusted savings: natural resources depletion (% of GNI)","NY.ADJ.DRES.GN.ZS","","","","","","","","","","","","","","","","","","","","","0.1524776668582","0.120229241795582","0.234953062058129","0.0723788412173476","0.0385094981623214","0.0220887200993335","0.0192789084104079","0.0165014161051327","0.0143895039928729","0.0136113061964531","0.0435480841555505","0.0477018685327179","0.0418849023132506","0.0304285032305897","0.034624184407818","0.0423364655265874","0.0295139223582681","0.0401365210335723","0.0322733069924076","0.0275857479716295","0.0282477902366336","0.0262069485501638","0.0241645702156349","0.0247591373970545","0.0242280187070794","0.0235043042410496","0.0298275376124218","0.0283867698815276","0.0272130259215534","0.0226180760327047","0.0501129160323388","0.0421149501747138","0.0422811488293705","0.0561350229830355","0.0672983769826064","0.0491862604837496","0.0625271273428417","0.055751321625374","0.0347734542303835","0.0288728879136785","0.0456634599735039","0.0329700805046429","","","","",
"Denmark","DNK","Adjusted savings: natural resources depletion (% of GNI)","NY.ADJ.DRES.GN.ZS","","","","","","","","","","","0.0109554252177682","0.0042494929758624","0.00454549034135244","0.00449634849727482","0.000682102664976784","0.0012294559204718","0.00176190692752654","0.0105442458374118","0.00625145837488755","0.0130065635942034","0.0105998612586532","0.0561455514688783","0.17606149672912","0.27645026583999","0.268671072355132","0.374960311107912","0.168680408737149","0.253334658660111","0.179140145239903","0.348114679024716","0.422750742992091","0.25461832401324","0.256624354636353","0.304747255851212","0.278908260063695","0.278850473478367","0.431253000237427","0.442121111008681","0.121276324179826","0.477149208785883","1.3268139388426","1.01743989457631","0.993663713452861","0.924501128257662","1.10381722943691","1.45107255630013","1.52770334541223","1.35721055083118","1.8417404976907","0.995777560180507","1.01593477645678","1.35863638755882","1.26521746957683","0.954891065682306","0.797731914194824","0.439260844554109","0.287534744912893","0.395815903926038","0.476981359246903","0.351826481931893","0.113631700049912","0.234051833495631","","","","",
"Dominican Republic","DOM","Adjusted savings: natural resources depletion (% of GNI)","NY.ADJ.DRES.GN.ZS","","","","","","","","","","","","0.0806450995056677","0.358425984935621","0.538813548861087","0.482254550568686","0.433949263149573","0.404676114940868","0.372028689232251","0.17590894636176","0.444888489249784","0.751643877897898","0.472645502494171","0.273755569817258","0.307592078143839","0.207166899293725","0.38436429812621","0.179517878755955","0.339500999591846","1.34900475485167","0.987810461944218","0.463441972789252","0.331515904486334","0.189094176197267","0.0706296341223782","0.690513813306342","0.982804498878894","0.499024964409862","0.35999963010294","0.0271128739651265","0.139669134644603","0.249164841126013","0.00953634021534374","0.0142210022361696","0.429618995953382","0.99300570394671","0.577428539200721","1.27200256321814","2.01494311847738","0.14270699249789","0.0719189749466201","0.104515293691831","0.195028798245037","0.302615837441138","0.797479902725912","0.801066589554608","0.395470185079365","1.01866944221945","0.819658746748071","0.680582818121921","0.731701660605675","0.839001339569638","1.44257616608043","","","","",
"Algeria","DZA","Adjusted savings: natural resources depletion (% of GNI)","NY.ADJ.DRES.GN.ZS","","","","","","","","","","","5.27784227481953","4.57064882911591","6.51599787021461","7.95438569165876","19.4899957352469","15.7841579447373","17.1336456242143","17.7303317060223","15.586766000519","28.6846267535224","22.5464072378049","18.1036403575022","12.3676444550782","11.7373197183286","11.1714869459168","10.4155032490898","4.45906168751169","6.58341515333096","6.3421180532122","9.69794854178016","12.2495152711888","11.4739621192332","10.7703100789514","9.4946665921656","10.1845926086913","11.9053470213718","13.416707742257","12.6214000775907","8.59799023065781","11.3909156961626","16.5541419504572","14.0269004846898","14.7219909226366","16.1093571631166","18.014927254929","22.8839288736185","23.7532022543332","21.7561469721106","22.0522365387843","15.3758183171119","16.2089595800625","18.2164318704491","16.3241453374098","14.8886705107305","14.1382620790828","8.97834070023833","7.7417236186159","9.29107790109349","12.5839563818869","11.0501299961643","7.60086734225937","12.790533310572","","","","",
"East Asia & Pacific (excluding high income)","EAP","Adjusted savings: natural resources depletion (% of GNI)","NY.ADJ.DRES.GN.ZS","","","","","","","","","","","0.773006913885709","0.849369735889327","1.19627854200206","1.9790496602025","4.20742965174368","5.00186068410899","6.09458395079246","6.52252312588683","6.95859525812042","12.5007483733634","12.7941951221969","10.6562675679463","8.50966138794097","7.94878326165481","6.91069095427781","6.52177495377867","4.16967910079205","5.50193715806344","4.77946008484576","5.67573839885506","6.48696148313471","4.36574929415277","4.15481301531633","3.55622423910269","2.82680543622104","2.69959509037416","2.5830098467956","2.16695490654248","1.49939256557979","1.83055332193555","2.93027303016284","2.38828582629878","1.99580193810194","2.15891471309346","3.42142371026444","3.96225145052472","4.12008307168029","4.31874627878324","5.73718937551483","2.5820242405759","3.92684325746217","4.85815097088446","2.70030569453125","2.08756505149417","1.71834100405598","0.94055791250248","0.796167485571058","0.938756969235846","1.09717464378717","0.938402090266079","0.624746396742338","1.28057461956772","","","","",
"Early-demographic dividend","EAR","Adjusted savings: natural resources depletion (% of GNI)","NY.ADJ.DRES.GN.ZS","","","","","","","","","","","1.24660788622826","1.55138940598216","2.00418421853338","2.89906197325758","8.41948591050353","6.49622343268887","7.30094061504588","7.42865025252418","6.52870689084276","11.8212843560539","11.2777480202284","8.79298525223655","5.78041958353572","5.57291581461422","5.46514317298197","4.80321810961351","2.64352006223278","3.45667625021029","2.9418303782661","4.08610196118291","4.94644077061752","3.17292562321481","2.98539034852314","2.83358058293292","2.81688950984273","2.99027549229022","3.3339346605167","2.77814675881523","1.88934936263921","2.41318690242568","3.79563265587227","3.13432115598478","3.2495645842136","3.69348678650794","4.42422510432553","5.46769083178683","5.77287285088963","5.36205281504924","6.28946640239953","3.57892770908621","4.08668338840534","5.30761108742502","4.73412676415521","4.22412510653085","3.70586640805721","2.10265653611133","1.86926570903389","2.16318033136205","2.85344258160135","2.30892577663725","1.68549017148185","2.89974666322113","","","","",
"East Asia & Pacific","EAS","Adjusted savings: natural resources depletion (% of GNI)","NY.ADJ.DRES.GN.ZS","","","","","","","","","","","0.320742565155622","0.336584198874913","0.406499069745285","0.642383158596227","1.35541030542673","1.5892719227578","1.76602049687076","1.80764497909928","1.45310609028521","2.76934692360315","2.93361894194885","2.3745079770902","2.03461849070965","1.87409803480923","1.68354900638765","1.66359671605491","0.799148180910479","0.869081560064977","0.716212799596317","0.93012275234894","1.10290712172307","0.716708330088146","0.693414590655423","0.581271113036042","0.502934247354378","0.517991130640173","0.588477942973671","0.548522527738391","0.395604942317627","0.456830104238305","0.743043823102406","0.682073102988043","0.631818638212495","0.692273964900629","1.09769127831615","1.40148750557777","1.66666693844333","1.98293116861548","2.7994654169526","1.32964537374956","2.09352766708404","2.69846956862662","1.59186482480683","1.35001887185901","1.17753211120005","0.684145087082485","0.593813930090322","0.704739701421061","0.85725918922416","0.762484481454041","0.582111154209622","1.21444689304774","","","","",
"Europe & Central Asia (excluding high income)","ECA","Adjusted savings: natural resources depletion (% of GNI)","NY.ADJ.DRES.GN.ZS","","","","","","","","","","","0.134572215421329","0.113497305328525","0.103714123436495","0.198917611851878","0.414449100137699","0.284893970480091","0.243326592021427","0.223186779107349","0.199280324531785","0.336613389920356","0.451470972262201","0.392182336209251","0.30258803679973","0.342541663961477","0.516078072150805","0.480658231618287","0.234083415340239","0.288135591897511","0.313688096575746","","","","","0.502097093805359","0.534736989670202","0.483539872359281","0.613693461636748","0.540338377261091","0.216043384103268","0.873471823943766","2.18955549392935","2.73925997359817","2.27648336961306","2.07254754026092","2.20807843425637","2.5624333207913","3.23143736582165","2.54843554636776","3.42620948002311","2.50351235751736","2.76339183206857","3.70823599458653","3.01719294297763","2.73619515368314","2.36978385423851","1.31544686182089","1.16709917583536","1.63100736730058","2.79828596020114","2.29394090528398","1.5340344473402","","","","","",
"Europe & Central Asia","ECS","Adjusted savings: natural resources depletion (% of GNI)","NY.ADJ.DRES.GN.ZS","","","","","","","","","","","0.0913794781097397","0.0956014979597464","0.0940848493004988","0.109027290987573","0.213785626031879","0.305695539960654","0.346011825161562","0.346248917077202","0.308250679822432","0.52804278533833","0.624700493194061","0.650616769504958","0.52642601180921","0.630705327465828","0.685567761629195","0.693422835088199","0.260956150016524","0.265282575029565","0.211503154972189","0.302288772532396","0.328071654091675","0.186682860094741","0.326030446828208","0.355390104923014","0.318286664987541","0.351514165065789","0.436349808398417","0.385507771329605","0.113235684440528","0.284565762439711","0.736667958864316","0.697107046119505","0.638808686629974","0.627272790845729","0.718104925719254","0.904640328747729","1.08263866551029","1.00869721652652","1.39597161964728","0.875635594940328","1.00917880383219","1.41956950631269","1.33961300220935","1.19330052601951","1.02682795699836","0.598888074861066","0.467565341496646","0.644399192842395","0.970857872767606","0.885452252161966","0.506116490376836","1.31902810270437","","","","",
"Ecuador","ECU","Adjusted savings: natural resources depletion (% of GNI)","NY.ADJ.DRES.GN.ZS","","","","","","","","","","","0.587402012514263","0.698257178567613","1.29669476471718","3.62248964390621","7.69632440610638","5.79862873558026","6.17846195195483","4.47536823449878","5.03716884539424","11.0689582588084","10.41806792632","7.45685696208689","5.31073176854249","8.99729899024995","9.41068340221732","9.57665050182527","5.17957291697564","5.19604516780913","7.63261613225178","9.81673575644696","12.5377961209321","6.68753480187352","6.24301980235086","5.49875558951773","5.59797465610611","6.64772494188156","7.62068947896883","5.93587971778263","3.35959554311197","6.45560618122578","13.1494480145448","6.72465310329776","5.71190323065277","6.11522205110219","9.58143274016993","13.9621733790731","15.46760671056","14.0048652603934","15.4229786037291","7.34247339167073","9.85463781154314","13.6272821046914","12.0214343390994","10.5653480606039","9.82743939571769","3.72889549838102","2.95546850351073","4.08692674248751","6.22088305258164","5.1141433200136","2.33936013727819","5.74761865404566","","","","",
"Egypt, Arab Rep.","EGY","Adjusted savings: natural resources depletion (% of GNI)","NY.ADJ.DRES.GN.ZS","","","","","","","","","","","1.23277533783183","1.24104613533368","1.10274738057937","1.02098108766757","3.04084857242634","4.65561185620037","6.89823327841749","9.50490884865508","11.7449871990351","24.3901894413521","27.6085695766223","23.279672628121","17.6292266582683","16.7406976834055","17.3517323027903","16.4895104715665","7.22506816460029","10.1081496867869","9.45927857385314","11.7953352197182","15.1174858754419","10.463489630541","9.88495734767364","8.77868985902515","6.93032425479094","6.73584357978783","7.39861122748772","5.40528958024311","3.25440763134958","4.55525063110956","5.46174051318521","4.51495025124358","5.22403633558327","6.68781201169602","8.18106021579595","10.2520913035975","10.4806071604143","9.34097756192762","11.040813780723","6.28873312266981","6.65867902253268","8.83004471964362","7.78972065419646","7.13367692632269","6.27605465696162","3.03002740673991","2.32719886805426","4.18178099711221","5.58395447536351","4.28817944459896","2.29861440741765","3.68132395636636","","","","",
"Euro area","EMU","Adjusted savings: natural resources depletion (% of GNI)","NY.ADJ.DRES.GN.ZS","","","","","","","","","","","0.102697969303901","0.107008626771288","0.104570628992506","0.115378780711816","0.223353641750534","0.290781461610615","0.316554387962746","0.272256119467767","0.219374772816335","0.266611523890878","0.296290165251188","0.298169962953341","0.244113367102535","0.251200022719843","0.233868729797969","0.229005943580438","0.124739303145141","0.0829554327526653","0.0845285454705789","0.104170828621007","0.0952636419877093","0.0663406325621194","0.0509897086527295","0.0585987334779498","0.0521394339733924","0.0648596431937461","0.0682657197535691","0.0669331480190339","0.0259281816920885","0.0291594108315339","0.0697855293931514","0.0858239656664349","0.0673321600058558","0.0593650241718328","0.0611306337057391","0.0641649481173102","0.0968740562041224","0.091646237022353","0.136494331369084","0.0835890989307529","0.0961559422800401","0.124789858621814","0.1304216271257","0.118265171175756","0.0837037318002809","0.0509817303481316","0.0328011153932505","0.0431931310899438","0.0605515616383348","0.0515937234457561","0.0396208334916648","0.0709442229015348","","","","",
"Eritrea","ERI","Adjusted savings: natural resources depletion (% of GNI)","NY.ADJ.DRES.GN.ZS","","","","","","","","","","","","","","","","","","","","","","","","","","","","","","","","","","5.38915220289485","6.06374935339631","8.74794023150811","7.78288866000248","7.7115202174412","7.57968615518057","4.85962824794991","4.89870345486908","4.2528810152811","2.6156293584394","3.81205639924122","2.90204226049266","3.22220842379358","2.33241114059834","2.46605643525986","1.58602834834667","0.0109988516873216","0.0289584181109975","18.9998186295452","","","","","","","","","","","","","","",
"Spain","ESP","Adjusted savings: natural resources depletion (% of GNI)","NY.ADJ.DRES.GN.ZS","","","","","","","","","","","0.035170913515204","0.0266543388649075","0.0216135993203245","0.0752584788722907","0.162277147996106","0.085280894223804","0.0836117250079435","0.0456764586240701","0.033774487721044","0.0719750786008491","0.117938891787787","0.0678484268886455","0.0800820874121083","0.180783392139534","0.131164144174855","0.121147374783928","0.0319879323718435","0.0393672864613942","0.141798404250914","0.128792059176337","0.0435629289641724","0.0186512482748232","0.0189403988389749","0.014466083665915","0.0181319506118506","0.0139388673222377","0.0107485692357317","0.00941911660581529","0.00387418537902435","0.00514632843918592","0.00942028650571361","0.0119728695193759","0.00858910997356028","0.00351829974262813","0.00487702461640103","0.00388639023204182","0.00802911471145592","0.0133141206497538","0.00596440004056827","0.00144113616318011","0.00923298136853811","0.0136710136275687","0.0199804857134865","0.0168037236322344","0.0138340410482743","0.00840847277330245","0.00711029746105552","0.0137045789674059","0.0171947774440805","0.009815813424701","0.00852689844298268","0.0386458889686458","","","","",
"Estonia","EST","Adjusted savings: natural resources depletion (% of GNI)","NY.ADJ.DRES.GN.ZS","","","","","","","","","","","","","","","","","","","","","","","","","","","","","","","","","","","","","","","","","1.25934973493881","0.791433474809117","0.655079136354107","0.53208627250485","0.611889194971339","0.844274535757526","0.893003415874687","0.971029520646978","1.32201783425096","0.751767919059132","0.581538339036547","0.718355969502699","0.82417267100568","0.731733642840825","0.785908942645014","0.465476776252943","0.314829889466987","0.519486628619975","0.798768778762908","0.733624881780431","0.374756824367254","0.751175020158322","","","","",
"Ethiopia","ETH","Adjusted savings: natural resources depletion (% of GNI)","NY.ADJ.DRES.GN.ZS","","","","","","","","","","","","","","","","","","","","","","13.1245463512656","18.1768559531423","10.6644902773437","10.6968588660984","6.8670022170387","10.6441650537239","9.59640761025409","10.4311080767491","10.2877386930415","11.9522897102372","11.2454080725759","15.1170017736138","14.725132888984","23.1371227036965","31.8804016546839","28.7899907859261","27.3716973961113","31.4705442624303","19.7170788974699","18.5868170647634","18.2230030599096","23.3438987747775","36.3960995487017","27.9730858522943","23.5415263688839","18.834827011506","21.8550738925476","18.7300746776813","16.4149392889461","15.7937209767578","17.2921319044518","14.832388595325","13.9608507962904","13.3673520451565","12.2166196525932","11.2428136058017","9.91051910763354","6.39005491993835","5.53201664333472","5.50678557298729","5.83661302700807","","","","",
"European Union","EUU","Adjusted savings: natural resources depletion (% of GNI)","NY.ADJ.DRES.GN.ZS","","","","","","","","","","","0.0980622413017605","0.101016336070845","0.0985949577557867","0.113432126421276","0.215209782295581","0.26998811986678","0.293956384634156","0.254186775242906","0.205327762320207","0.251455815735216","0.280713024645797","0.282429966570149","0.236187797767246","0.24427057198798","0.226668303392967","0.225619357115433","0.121308441643396","0.0850289973969597","0.0945581780999942","0.133495021698398","0.122831690505137","0.0799064752849916","0.062805968661472","0.07518024695654","0.0679888943083154","0.0830672905689772","0.087382608548782","0.0866185641279211","0.0307955636820135","0.0435424425136233","0.110794472459539","0.121847067721882","0.10019690104641","0.0904002936329951","0.105118738714817","0.116842899878916","0.160472508796165","0.149352885301015","0.21206608443683","0.124251759997149","0.178580714415584","0.236819575380767","0.187784275101656","0.160260198017909","0.119253674210432","0.0749151396154684","0.0514919132485047","0.0705711098343374","0.0942560372779064","0.0768908880626957","0.0549995940285701","0.12094830449497","","","","",
"Fragile and conflict affected situations","FCS","Adjusted savings: natural resources depletion (% of GNI)","NY.ADJ.DRES.GN.ZS","","","","","","","","","","","","","","","","","","","","","","","7.6789473223222","7.706190264472","8.02896088562025","6.46661383412952","4.48675434680113","6.76306664032719","5.1413314677541","","","","","","","8.07206202643477","8.84036065779951","7.19160652319163","5.88862936828131","6.04620012118911","7.9198583671322","6.72660830720979","7.69691704136194","8.60157601230517","9.12865068210745","10.4399842194039","10.1839286397316","8.7308287984867","8.34915387192837","5.19922333827713","6.06177842632572","7.87169760765056","6.57068272271304","5.59574566985064","5.19931883322366","4.33654801859881","4.44114770201951","5.40659508032971","6.0358089794941","5.12659685945685","3.52909992302866","6.60561407107227","","","","",
"Finland","FIN","Adjusted savings: natural resources depletion (% of GNI)","NY.ADJ.DRES.GN.ZS","","","","","","","","","","","0.188674276143106","0.105982132076263","0.104753074438845","0.220481262384509","0.221198718279011","0.0624591726114752","0.0768331112221564","0.0609645261310062","0.037148494069545","0.0635696875991676","0.0666654443579482","0.0347578805620414","0.0221027560135952","0.0281058526463288","0.0146588194170308","0.0139808670283406","0.00608059302882284","0.0082599470055628","0.0256926632190707","0.0656384457520402","0.0220661986122103","0.0319874085617126","0.0244715433801715","0.0127493224827202","0.0131501812941294","0.0117926115955561","0.0101655906003996","0.019829596566643","0.0103794311009426","0.0143963276701709","0.0134842193056429","0.000153722932458371","0.007488731347294","0.00919395489769107","0.0199735480423606","0.0285274316461393","0.0684552980291307","0.0646091935299974","0.0231279047668591","0.0202676429644484","0.102267660487651","0.127635909153775","0.169529809435898","0.109653814140913","0.089001222911771","0.0502783941440305","0.0275560104332892","0.0795437714076099","0.0884182985547281","0.0423693160918881","0.024237901265579","0.0834290547581801","","","","",
"Fiji","FJI","Adjusted savings: natural resources depletion (% of GNI)","NY.ADJ.DRES.GN.ZS","","","","","","","","","","","","","","","","","","","","","1.02586921153989","0.688218420381985","0.974270854671299","0.870549144963211","0.649663015249184","0.73116597917122","0.878664519538726","1.38139431951129","1.48317916004483","1.15057263371683","0.986579964284782","0.698896404490552","0.562758816688922","1.0542106345867","1.42539997985242","1.38294781970908","1.31277524606221","1.11270809730791","1.23416451520407","0.766205336859521","0.933970119095108","0.944769675587297","0.967568747851639","0.894789716524329","0.715818858083386","0.795856721851609","0.864529984235481","0.665257331747226","0.817249980923096","1.03155098688535","1.97547838459402","1.74940642816569","1.69227885249143","1.18436780497338","1.07357937179194","0.99793148867786","0.980254145267915","1.25831002101968","1.20385004795762","1.18906679523913","1.4146584064982","2.12326512550804","","","","",
"France","FRA","Adjusted savings: natural resources depletion (% of GNI)","NY.ADJ.DRES.GN.ZS","","","","","","","","","","","0.118453924011155","0.108293282381976","0.108079484979809","0.129200090162424","0.167036943694942","0.145778980610596","0.148462074310663","0.140443953078803","0.123034804138229","0.153110037554165","0.169642738668598","0.141406096559683","0.123857331368568","0.13647932637537","0.135446188075405","0.140891616960348","0.0918471869968492","0.0836488832186663","0.096082141741204","0.111506511076791","0.0956127530436818","0.0710339408856953","0.0668140904525434","0.0663828418040689","0.0667221733770544","0.0674314598205798","0.0689646132717193","0.060797699690078","0.0439718817087637","0.0437366909272986","0.0657428639323533","0.0206739942374367","0.01066230594185","0.00854990445804689","0.00782441804807507","0.00936008843959154","0.0116642791993981","0.0105353219521441","0.0146065165135699","0.00907365368952028","0.00955820803591046","0.00999143135217602","0.0118267853623421","0.00927965662746415","0.00704481413735656","0.00394774718741517","0.00301199251575138","0.00404433625040819","0.00677052839221588","0.00543453180331309","0.0256010714736678","0.0300782559451585","","","","",
"Faroe Islands","FRO","Adjusted savings: natural resources depletion (% of GNI)","NY.ADJ.DRES.GN.ZS","","","","","","","","","","","","","","","","","","","","","","","","","","","","","","","","","","","","","","","","","","","","","","","","","","","","","","","","","","","","","","","","","","",
"Micronesia, Fed. Sts.","FSM","Adjusted savings: natural resources depletion (% of GNI)","NY.ADJ.DRES.GN.ZS","","","","","","","","","","","","","","","","","","","","","","","","","","","","","","","","","","0.00695618582929135","0.00929779197842005","0.0151477881381098","0.0163751816816309","0.0166450840973556","0.0129497385790451","0.00688825384902536","0.0072746337430232","0.00839529711573829","0.0095657144939631","0.0140588118625185","0.0160631182440428","0.0103395408970529","0.012080247543881","0.0181753148368077","0.0311382818340949","0.0273067622690012","0.0263364242527979","0.0343705626771639","0.0269389629743961","0.0246897745030873","0.0376101948919172","0.0271077061513839","0.0309509795420863","0.0339172924119211","0.0160934982073293","0.0132538747330774","0.0180233570744568","0.0161998222617596","","","","",
"Gabon","GAB","Adjusted savings: natural resources depletion (% of GNI)","NY.ADJ.DRES.GN.ZS","","","","","","","","","","","12.2397662392835","10.1461066821005","14.7359261906234","13.7757257578509","44.4318969836629","32.4116618711411","22.7264783906752","28.6090820965471","30.8547880045501","58.3265240531777","34.656351526016","18.9566422538107","9.0640485361468","17.6673984713068","20.0008159976966","23.2096924262135","9.20018055675907","15.2927101895323","11.738812223981","23.1333311158774","32.2262450583938","21.6786589246409","26.3013936005976","34.701783747227","29.3793373806763","31.4921370969005","28.1146967008557","29.5460894632211","17.7773029963155","21.7663398185","40.6156740646066","26.159407422532","24.547838589507","20.8335604821815","22.2509394160436","29.6378747472537","29.5261681455749","31.0036689230262","33.4801177689426","22.6131760446027","29.6292091972611","31.9687420113701","31.9912623660941","25.0740101194569","17.9357084853774","9.84375870477066","9.12334194420447","13.1219306188477","14.8958823796539","13.971503493819","10.1128880632176","14.4319937504826","","","","",
"United Kingdom","GBR","Adjusted savings: natural resources depletion (% of GNI)","NY.ADJ.DRES.GN.ZS","","","","","","","","","","","0.0530282188134346","0.0700371073672044","0.0729631247261683","0.0705867513586047","0.182574377894852","0.489500833439294","0.606922183476158","0.883389213454462","0.832067258410309","1.85512693459321","1.95037683011333","2.08671361448484","1.72670403367684","2.17112044478977","2.49528613122189","2.52219378235471","0.862424648629662","0.999831941345961","0.599854758438021","0.710859944008754","0.87429431601184","0.438965266148088","0.42630567791312","0.514534901543799","0.526507278693131","0.617535471669817","0.799175167352608","0.577951423462589","0.150674517884663","0.427042284832697","0.956263110172757","0.841944310710852","0.72771922992812","0.68120169635038","0.659957159030309","0.742481586132604","0.820885060913315","0.776104472424609","1.22700625050897","0.775767447514281","0.777727313817722","0.93922336278572","0.750405079443067","0.616771334164628","0.49151553983355","0.302954009537778","0.247595302853298","0.354471445879867","0.561548668352516","","","","","","","",
"Georgia","GEO","Adjusted savings: natural resources depletion (% of GNI)","NY.ADJ.DRES.GN.ZS","","","","","","","","","","","","","","","","","","","","","","","","","","","","","","","","","","","","","","","0.136114105560939","0.34224373359974","0.447241068062171","0.276752084153009","0.363800670536898","0.482263187451173","0.463610525969463","0.451997524371546","0.537096528882212","0.526996164338809","0.44898801631487","0.491221442906073","0.895224150789114","1.35831736461303","0.713219822181682","0.53766868756409","0.333416479516369","0.384302849818922","0.451743243642999","0.36773410112611","0.353338873995124","0.489501772483629","0.71454807091559","1.11772150256357","","","","",
"Ghana","GHA","Adjusted savings: natural resources depletion (% of GNI)","NY.ADJ.DRES.GN.ZS","","","","","","","","","","","","2.27626940022874","3.39948368604841","4.89675425843358","4.54854753839242","5.38675658180819","5.63362381681981","7.25145865834079","6.16502934881676","6.24375344715222","7.90529791159804","6.48230396147835","8.23646428765035","6.71455562618698","5.49339568651755","4.12948563735494","4.77378439972684","5.5587579630179","5.71699762747232","5.4778787805954","6.69587321008387","6.0055781129126","7.23634637540431","9.07989288929693","12.8926910607964","12.7157374851116","13.3166485326194","12.2175454186018","11.8420505127968","7.61805671461742","13.2010514937643","12.1918112899748","12.8784989787107","15.5781051535564","12.331144026561","11.3442678644361","7.02075690816233","8.08356549059702","8.4374426423832","9.90671511079512","8.97062514877643","12.8672479109564","12.2519368431028","8.69817778983593","10.6559337810429","9.8891438595974","8.20810576989278","9.22657805505346","8.10604872786059","7.97140422146429","7.16631562799819","10.8217990213884","","","","",
"Gibraltar","GIB","Adjusted savings: natural resources depletion (% of GNI)","NY.ADJ.DRES.GN.ZS","","","","","","","","","","","","","","","","","","","","","","","","","","","","","","","","","","","","","","","","","","","","","","","","","","","","","","","","","","","","","","","","","","",
"Guinea","GIN","Adjusted savings: natural resources depletion (% of GNI)","NY.ADJ.DRES.GN.ZS","","","","","","","","","","","","","","","","","","","","","","","","","","","10.1909249653808","9.3445367401517","8.67233282214261","9.14692855033175","9.96491277805355","9.11905627644743","6.71421296762173","5.637177112173","6.28096594575906","11.1315528653863","10.623973239562","7.54789988406574","8.3656504949303","7.7499949131197","8.48097111918305","8.29077570834776","9.6084553225413","13.2622248983877","10.5999828347176","15.2615569940843","9.38092269001634","8.70239977951271","9.28454853206208","8.94223590303894","9.1365532070746","9.50981131621633","9.7377099979301","9.20340343999887","10.3651633895089","10.3305808218437","12.4001297392257","10.5436603411255","7.0639560349674","4.76298195245106","5.32180797218101","5.11555230156016","","","","",
"Gambia, The","GMB","Adjusted savings: natural resources depletion (% of GNI)","NY.ADJ.DRES.GN.ZS","","","","","","","","","","","","","","","","","","","","","2.78725682533966","2.71345462295742","4.1173557329912","2.99363862025038","3.08901891944907","1.66787395074214","3.30170278361236","3.04638693603839","3.28766745808932","3.73299642435105","4.73526117949388","2.17328820774984","2.3739188226017","2.20926657464915","2.43093181378062","3.09752739541202","2.74979173480571","2.68860514210644","2.62595513129495","2.0748921520049","2.34646018092958","2.60802908708541","3.76193144030438","6.4224332132272","2.60567508649159","2.69058917203747","2.79614306727645","3.10363301067707","3.23794615899483","3.36240591727964","3.09020686113351","4.57076517872375","5.90330110419162","6.03687105649304","5.36738818940647","5.69546446285425","6.68637735348362","6.61767957499008","2.7709539453086","2.86123934376933","3.08013331923737","2.93040738548537","","","","",
"Guinea-Bissau","GNB","Adjusted savings: natural resources depletion (% of GNI)","NY.ADJ.DRES.GN.ZS","","","","","","","","","","","","","","","","","","","","","34.2604501620949","20.3537593693569","26.2912910738093","18.1469162813238","19.4248839068141","12.9839888897184","24.1855166577344","18.6110195818169","22.2171534218654","17.5815821518568","18.9124452960738","18.5257027445098","21.0405293355068","17.0752040055404","20.2184057603131","28.0522103736093","25.9561800720525","24.1986624112772","33.9161459035676","20.5800017458414","12.2677777841972","11.4925440541487","12.8479117975575","18.2483799640978","14.4101307333377","13.662537419765","13.4910789498243","16.8082584395785","16.2351520195075","17.4123357389349","14.9949448606002","13.171606743512","17.0271670295121","17.2706880552263","18.0587999349341","19.398012455808","18.2414177785715","15.9531753228436","10.236730499765","9.74182343048503","10.9639967213306","10.4138191581412","","","","",
"Equatorial Guinea","GNQ","Adjusted savings: natural resources depletion (% of GNI)","NY.ADJ.DRES.GN.ZS","","","","","","","","","","","","","","","","","","","","","18.7549178124318","32.8716844611056","42.7816221054911","28.3561318008525","20.8754321596183","18.3061840502648","21.0519546032532","21.1416332004939","17.6375753342094","22.3176072210448","19.6545194402205","15.3044880520407","14.1796696947459","15.8120463750078","33.1247944866791","41.035395357717","49.7806200346058","59.2938270263297","63.6751639735646","66.1383937368749","102.890682668321","","","","","87.7134696536802","54.152468003873","50.3219188780553","50.433953620399","33.2577751021939","48.3996057184116","44.52857559089","46.3589094599715","37.8352135763298","33.8547563911821","19.888129895451","17.9102119029934","24.1816192668979","27.1728982971461","25.2533950230371","16.3658133160319","21.342732322337","","","","",
"Greece","GRC","Adjusted savings: natural resources depletion (% of GNI)","NY.ADJ.DRES.GN.ZS","","","","","","","","","","","","","","","","","","","","","","","","","","","","","","","","","","","","","","","","","","","","","","","0.102466326197066","0.172562808010674","0.14242333631622","0.0520061381977231","0.103697021394489","0.143072908075267","0.101402839285262","0.0708037385708853","0.0615391246821082","0.0369866498983856","0.0518478541723886","0.0591888670250129","0.0759207988184946","0.0500690744474725","0.0274660927573485","0.0594589530287608","","","","",
"Grenada","GRD","Adjusted savings: natural resources depletion (% of GNI)","NY.ADJ.DRES.GN.ZS","","","","","","","","","","","","","","","","","","","","","","","","","","","","","","","","","","","","","","","","","","","","","","","","","","","","","","","","","","","","","","","","","","",
"Greenland","GRL","Adjusted savings: natural resources depletion (% of GNI)","NY.ADJ.DRES.GN.ZS","","","","","","","","","","","","","","","","","","","","","","","","","","","","","","","","","","","","","","","","","","","","","","","","","","","","","","","","","","","","","","","","","","",
"Guatemala","GTM","Adjusted savings: natural resources depletion (% of GNI)","NY.ADJ.DRES.GN.ZS","","","","","","","","","","","","0.00161737477353456","0.000360645433569051","0.000478107285816623","0.0464701831061706","0.0375445500536089","0.0428417615859616","0.0297018718016624","0.0518033271953553","0.27319126271183","0.538022896265408","0.271095716783605","0.194827899736755","0.307198240369875","0.168449472472741","0.00824731655301663","0.103983163568732","0.166474382061294","0.114509563579572","0.120597289403469","0.427989987727976","0.389395126742082","0.451792200593711","0.38934993436069","0.432099160623543","0.505629933116347","0.452570984351192","0.711735432615222","0.564552770737914","0.595774257024271","0.675506521147941","0.555805164615161","0.594206072812275","0.649525345079784","0.622191341734146","0.727498541910562","0.7847534428957","1.02340668471956","0.891200360912713","0.643725848767762","0.829301363569433","1.28945278009119","0.834226239781285","0.603217325703437","1.01278415321713","0.477804137957828","0.420721592276229","0.220258930300088","0.231728741012677","0.262617190509691","0.231234079613057","0.605943550736594","","","","",
"Guam","GUM","Adjusted savings: natural resources depletion (% of GNI)","NY.ADJ.DRES.GN.ZS","","","","","","","","","","","","","","","","","","","","","","","","","","","","","","","","","","","","","","","","","","","","","","","","","","","","","","","","","","","","","","","","","","",
"Guyana","GUY","Adjusted savings: natural resources depletion (% of GNI)","NY.ADJ.DRES.GN.ZS","","","","","","","","","","","","","","","","","","","","","13.2650574390324","13.3092675062526","26.0673762246377","13.6131821272062","10.0371216340962","9.03645447707273","9.28693515008034","17.4341805434985","13.0731198485429","18.1568265757636","19.9016001715048","30.2723674072679","25.2419733499476","21.8078841771744","27.9221787489027","31.8423234215419","24.5607268883972","23.0179622923732","15.1691453463201","15.4878467598556","11.7766115558822","10.5532013130274","12.1519788154939","14.6093010388161","16.9708566632513","16.3908076259389","7.99264311359922","8.10327057088882","8.09329229942453","8.52993510570976","12.3529154009029","13.4797768436172","13.2788691880578","11.7819825629148","9.34368877464127","7.39373958854901","13.211786306033","10.8264837079112","6.18472261634108","5.50260173942595","12.0494855881162","29.527957806673","","","","",
"High income","HIC","Adjusted savings: natural resources depletion (% of GNI)","NY.ADJ.DRES.GN.ZS","","","","","","","","","","","0.323851242973314","0.329023533966999","0.376251758628534","0.491997886914535","1.72637854969315","1.41253048844476","1.47540404639099","1.45396350610724","1.20062178125523","2.45146930096957","2.69831408259822","2.08791617313413","1.11716139664225","1.30836579424305","1.24736295389969","1.10503095796875","0.43124744101219","0.545694980410117","0.422617308944101","0.514327945644738","0.607540662167923","0.402707592267449","0.475598020440899","0.476822052803012","0.415406089411844","0.411754657987969","0.544896240426882","0.487300714661972","0.25632317323735","0.374520601311446","0.799238815825264","0.658628954521121","0.55935781685563","0.732001808297299","0.82867146124801","1.09120568302335","1.07059254301771","1.04939627078417","1.43856137854017","0.734927741171889","0.898100535075478","1.27726137721621","1.17174277014184","1.11423904126282","1.00820385278044","0.515818235064389","0.451896361569718","0.573626222126612","0.828330809760588","0.752987051802075","0.470424999929438","1.11135415307061","","","","",
"Hong Kong SAR, China","HKG","Adjusted savings: natural resources depletion (% of GNI)","NY.ADJ.DRES.GN.ZS","","","","","","","","","","","","","","","","","","","","","4.78510690592134E-05","","","","","","","","","","","","","","","","","","","","","","","","","","","","","","","","","","","","","","","","","","","","","",
"Honduras","HND","Adjusted savings: natural resources depletion (% of GNI)","NY.ADJ.DRES.GN.ZS","","","","","","","","","","","","4.08674422831026","4.86900617929047","7.32417137810439","6.99690709501869","6.67950257752063","4.70460227262647","5.78214405069123","3.17498326354042","3.23339486586082","3.56067117551732","2.92667032850902","5.44769625015046","2.32072453943386","1.71484642490989","1.10372371475144","0.638226966826217","0.637105454424855","1.63931965849686","1.58749055973447","2.81909255896602","2.76147298710833","2.34157243487767","1.9208413613138","2.37876278030331","2.57731783182573","2.06771270228031","2.42957045898348","1.9194988264565","1.73154670682116","1.41498739298736","1.44971028033479","1.42346452974542","1.27355569187305","1.22347394733047","1.19536910930866","1.81007926269197","1.53602745632395","1.19201729211718","1.10273631580731","2.30432402757561","0.232459965893275","0.277273543895031","0.0637458324509267","0.220947631095019","0.0964560992908653","0.133255300150608","0.111789675686681","0.00118316280051168","0.00122461640537568","0.000991001119119487","0.323678420237921","","","","",
"Heavily indebted poor countries (HIPC)","HPC","Adjusted savings: natural resources depletion (% of GNI)","NY.ADJ.DRES.GN.ZS","","","","","","","","","","","","","","","","","","","","","","","","","","","4.7204550647047","4.83917964056645","4.85658499140209","6.10792567423877","7.02638525178535","5.82808579280537","6.28082078976364","5.65105236091937","8.54135880953543","10.434731452419","9.67905356293851","8.82552587769339","8.21951607340857","5.86442876598195","6.36600524712005","6.02354334776336","6.60616270597602","8.46046442994052","7.55753391725206","8.36641204684485","8.63427675995237","9.12591182069281","9.29800742054603","7.28022208371047","7.70830820231924","9.10910521780263","8.22932838798086","7.38787658558561","6.75816575375591","5.95411714769315","6.10334552381304","6.05670259602581","5.40230903398203","4.63439330387107","4.81482258227855","8.27650231717878","","","","",
"Croatia","HRV","Adjusted savings: natural resources depletion (% of GNI)","NY.ADJ.DRES.GN.ZS","","","","","","","","","","","","","","","","","","","","","","","","","","","","","","","","","","","","0.460141112538796","0.482082848035922","0.477522911318036","0.133502147875519","0.305366384176916","0.721841539835209","0.68522554896855","0.525955385315194","0.486817892597563","0.488991949320865","0.549663853341167","0.732766309109982","0.729941507028245","0.883794415537774","0.618835360981126","0.759551195955811","1.0977535955936","1.08740497241583","0.90294148153851","0.693055598963159","0.568665137596705","0.419380996034238","0.52172248249914","0.598080236982875","0.462903313158106","0.305707601664697","0.464334270981961","","","","",
"Haiti","HTI","Adjusted savings: natural resources depletion (% of GNI)","NY.ADJ.DRES.GN.ZS","","","","","","","","","","","","","","","","","","","","","1.75261154812254","1.52720923815989","2.72974643286004","1.11957949448179","0.658047140360485","0.43195216383186","0.411409007712176","0.519992292432557","0.416757111451122","0.430132776548686","0.763468318967115","0.758509546028233","1.17373843315081","1.25801906735685","1.18947478169928","1.22185288984273","0.93868191115426","0.990498037993702","0.776734739911687","0.618733757125085","0.349921501060495","0.383869146432738","0.397782596977689","0.519854644479903","0.415906450286683","0.355266993875858","0.474066777227274","0.403482243942308","0.399501417958114","0.337091780590516","0.664492832553412","0.528711084802978","0.491491919047745","0.585269105956645","0.697028185984422","0.573197356147968","0.787520219340219","0.65479473830737","0.439003487483242","0.441834840665818","0.576707114846909","0.327281322722916","","","","",
"Hungary","HUN","Adjusted savings: natural resources depletion (% of GNI)","NY.ADJ.DRES.GN.ZS","","","","","","","","","","","","","","","","","","","","","","","","","","","","","","","","","","0.448062135990587","0.37253726348362","0.469262348518139","0.499576620724793","0.361487629040614","0.073941705868398","0.170938575185351","0.429569184556127","0.392068752794506","0.296013264727414","0.271466071463076","0.258845100740846","0.251170348333069","0.351219956427215","0.331826286160724","0.456891654149121","0.340510598343756","0.320734055102333","0.451945187962808","0.439399255223308","0.351947724607561","0.270954028862865","0.168194095569833","0.118517451532393","0.15464572242304","0.228381949460763","0.201281427552599","0.11301391702029","0.319632177340444","","","","",
"IBRD only","IBD","Adjusted savings: natural resources depletion (% of GNI)","NY.ADJ.DRES.GN.ZS","","","","","","","","","","","1.04468031242201","1.10941238169505","1.30585044846736","1.9031887534065","5.1058279198937","4.54971712323769","4.9193863600307","4.8559418336022","4.65672471842716","7.37062126187781","8.15152321417121","5.9819903424326","4.87105186710312","5.21996603402327","5.07303785957701","4.9148597772238","2.55804424768092","3.50064785945282","3.03818587343685","3.87980112672122","4.15786326411299","2.70665677201606","2.63702065644903","2.40759315502614","2.08257548320935","2.16230198824219","2.33820207714675","1.96451287734483","1.19161677003836","1.87257913612436","3.12738926805581","2.6374195685333","2.6245787703959","2.80926068685601","3.72866143897925","4.57107874981431","4.98330673467294","4.7510087794505","5.8220129889495","3.1027759907945","3.92707549741826","4.91698544794207","3.71811816941066","3.14901158957083","2.68799832569604","1.44451735253074","1.25065976258908","1.56114385082668","2.08057025732163","1.71252569012499","1.09302776641695","2.43407742008023","","","","",
"IDA & IBRD total","IBT","Adjusted savings: natural resources depletion (% of GNI)","NY.ADJ.DRES.GN.ZS","","","","","","","","","","","1.04351189972632","1.16850049329141","1.35553854811785","1.99200024168199","5.02074948705992","4.42979775502001","4.82091195961799","4.82351976869691","4.591515926445","7.2281621017906","7.88341853079217","5.83061501267282","4.8646529077989","5.12728770117314","4.96548958664024","4.80151036626169","2.62778459412822","3.50836719919705","3.0824408819409","3.898440810139","4.2319204633554","2.85305527575167","2.76247875703065","2.53416181941897","2.36105956905056","2.4184291631123","2.53158705494303","2.13485138382701","1.39723517922798","1.98999437404991","3.22067893489442","2.74867706460746","2.75657954421975","2.98942144105743","3.81551533462593","4.63823037208739","5.04092736387901","4.81859266471298","5.89269710668816","3.225089534549","4.0383488886934","5.07724409257484","3.85964245434903","3.2665954520348","2.80023067904109","1.57297331407902","1.3844512622194","1.69206210157765","2.16963878361104","1.81153282368503","1.21113928358997","2.57747685966668","","","","",
"IDA total","IDA","Adjusted savings: natural resources depletion (% of GNI)","NY.ADJ.DRES.GN.ZS","","","","","","","","","","","","","","","","","","","","","4.49471413485106","3.96649528988966","4.78590348400851","3.96028833540015","3.61480009671211","3.3823450099818","3.44046457699698","3.59342263821785","3.55741807396094","4.12146587405198","5.14785581773094","4.42831366458749","4.46022471290721","4.38047141700614","6.8733971986014","6.87979672678633","5.9225624231401","5.22411655618846","4.76305052560016","3.82131600734558","4.54079225706439","4.39918124720291","4.68440926988392","5.58965134190082","5.1200222795232","5.70541659308054","5.99275008537007","6.00864431130198","6.82665500579226","4.79920723306237","5.54367185002831","7.25275171531098","5.78660392668785","4.81308701271069","4.20231291611115","3.11232622208675","3.00354990022362","3.36160997106548","3.30656862419864","2.97329440345283","2.57802546434756","4.34800349772957","","","","",
"IDA blend","IDB","Adjusted savings: natural resources depletion (% of GNI)","NY.ADJ.DRES.GN.ZS","","","","","","","","","","","","1.25293855434829","1.26221219898531","2.15683556058467","3.70710256641049","3.61410360444898","3.5119318809377","4.32836894967315","3.8543646479109","6.43109988727701","3.91337760744461","2.98261417675036","2.70552226762717","3.13822896488749","3.17004195603451","3.85370724621311","2.60966233607602","3.37264713796134","3.18828803444834","4.20597659023893","5.03576647999083","3.53084574520581","3.77103737483219","3.60937984052803","3.84216237918611","4.03945009727218","3.88448117215154","3.49029234758674","2.58317276707917","2.75699575587253","4.02222647445367","3.85909648163566","3.79234803139045","3.81566431128755","3.84390191142352","4.63029972562577","5.48599001579586","5.00095427715715","6.931482289277","4.36839377519962","5.7928258636997","7.23689491495629","6.15345433793077","4.77016542428774","3.67498088673802","2.17588945871183","1.94995200477672","2.86015205682324","3.50846476484227","3.19695439856888","2.14416485758027","3.64876058583585","","","","",
"Indonesia","IDN","Adjusted savings: natural resources depletion (% of GNI)","NY.ADJ.DRES.GN.ZS","","","","","","","","","","","0.266208705443287","0.339954535149516","0.894607782042148","2.53818248128726","11.0774844489761","9.31431667001213","10.1534438541587","11.0264185247601","9.60666670737988","22.977326070265","18.9349113050007","13.5945481469363","6.84273186003741","9.17275330331541","9.73728486740297","8.92458670281726","5.09762535156064","7.48745129957621","5.66932999664493","8.34310585227581","9.73793417006047","5.79098041864725","5.6207236761261","4.52980255575043","3.7685166695397","3.86988512301909","4.1812812441693","3.84895342193748","5.25631217312426","5.37728674525367","8.20280300888113","6.21258254636024","4.83960026442476","4.59170290894025","5.88376236247186","7.22334148599728","6.23119171951184","6.20685688108018","6.69195724032428","3.81790440345567","4.21032276374956","5.31029851784806","3.67275698337514","3.25956417051306","2.80551418955807","1.63998590763883","1.41324868342093","1.67604112443217","2.4423928990746","1.9960531526794","1.32542131697496","3.23302873666391","","","","",
"IDA only","IDX","Adjusted savings: natural resources depletion (% of GNI)","NY.ADJ.DRES.GN.ZS","","","","","","","","","","","","","","","","","","","","","","","","","","","4.04255294226133","3.75191065761305","3.81096138347556","4.06362164180709","5.21486199213351","4.96088533254151","4.88521706392452","4.86519560319938","8.56350356670379","8.62609548847861","7.18534343730752","6.24493405559675","6.15878712304124","4.49526915032237","4.88290741928508","4.7562563464264","5.25145600859402","6.75987805147796","5.9813233856231","6.41730125509846","6.32625650692916","6.6575612188047","6.70779552650357","5.22259843259969","5.29318118865093","7.26769229332921","5.40566419329985","4.85759981245563","4.77308647396153","4.07861610593719","3.97830346836656","3.80463474707574","3.13047191048659","2.74440732668961","2.98514242164093","5.00189696578904","","","","",
"Isle of Man","IMN","Adjusted savings: natural resources depletion (% of GNI)","NY.ADJ.DRES.GN.ZS","","","","","","","","","","","","","","","","","","","","","","","","","","","","","","","","","","","","","","","","","","","","","","","","","","","","","","","","","","","","","","","","","","",
"India","IND","Adjusted savings: natural resources depletion (% of GNI)","NY.ADJ.DRES.GN.ZS","","","","","","","","","","","0.53982710025948","0.519456293109276","0.503650572489791","0.641097375871228","0.884193729855615","1.68732179485163","1.4101007848929","2.54590076523609","2.26742695612773","1.8582219584701","1.44565314732037","1.92202081747757","2.16007069248434","2.03015663672342","1.96628018750978","2.10205830132586","1.40741759279532","1.3851426750645","1.24920010021018","1.72606498706167","2.017096841295","1.73254793143029","1.54573868055216","1.44288644006897","1.18010211667042","1.36547272266944","1.33001621430764","1.22272983226104","1.0178184822639","1.16910943227039","1.50612545459044","1.24684587913777","1.33359955157583","1.2518675180737","1.4864141901327","1.82951155967331","2.07739510099009","2.38551134908546","3.28513388918208","1.58783515684242","2.24148627291382","2.55208860307719","1.94318890406669","1.81237991331203","1.40857675242839","0.892185189951202","0.849895006070074","0.867985809136638","1.02272540703528","0.853397080978412","0.901817540229968","1.62081061089854","","","","",
"Not classified","INX","Adjusted savings: natural resources depletion (% of GNI)","NY.ADJ.DRES.GN.ZS","","","","","","","","","","","","","","","","","","","","","","","","","","","","","","","","","","","","","","","","","","","","","","","","","","","","","","","","","","","","","","","","","","",
"Ireland","IRL","Adjusted savings: natural resources depletion (% of GNI)","NY.ADJ.DRES.GN.ZS","","","","","","","","","","","0.250204391135486","0.145739925168357","0.151813916363306","0.520592066636605","0.707845322166868","0.106114239414093","0.0705058432288685","0.0981581994967052","0.0836305150691901","0.289547376217424","0.221184108345","0.169405750301142","0.119182442751762","0.172809616894775","0.239283219036941","0.216844191450956","0.098631324010595","0.0377854330370491","0.281926452516998","0.422560580728596","0.162344000532406","0.07595208129972","0.0607551744545911","0.0661734111609446","0.068066654782386","0.0987046652559189","0.0844285838548764","0.109043494521634","0.0058614850742895","0.00397348156972244","0.047974214099855","0.0268633458986208","0.0182961194716421","0.0110599039560759","0.0393712977581545","0.0529072680638003","0.309729573621018","0.285017630749828","0.0222280037607303","0.0277640456648846","0.0915149820061444","0.0815042859547437","0.0400245145039409","0.014218286298964","0.015339236734546","0.00325446801044422","0.058951007616789","0.117165840306819","0.13224934794849","0.0639856919474082","0.0307646714146591","0.0995614547088342","","","","",
"Iran, Islamic Rep.","IRN","Adjusted savings: natural resources depletion (% of GNI)","NY.ADJ.DRES.GN.ZS","","","","","","","","","","","7.18140110797169","9.71369444941248","11.1380575763483","12.9417709588538","32.2397895932936","23.8551938997818","21.8886946557018","19.1897619532682","20.519013492481","16.6198690219838","13.72149662401","10.600532275926","8.61947309504732","7.04480306986442","6.22767116443841","5.45368124781897","1.49768049981535","3.37261370900577","3.36407319579725","5.84522330742258","7.90365523211668","","","10.5636093562547","8.90747137717247","7.12295862494959","7.32431797953782","6.51870455148369","4.20425666571792","5.85487864012033","10.4023003553582","7.36287291138848","5.29549937959115","6.08439063761422","7.42400927894988","9.24184387530281","9.22047209759303","7.90163399556863","9.06634162181015","5.25993584974334","5.62728397540834","6.06430538351449","4.195685314998","4.62852406613261","4.66096882331488","2.92930345945011","3.08061030149403","4.44896456130974","8.16419249000078","5.09110089264553","4.30263851494391","6.69689109182885","","","","",
"Iraq","IRQ","Adjusted savings: natural resources depletion (% of GNI)","NY.ADJ.DRES.GN.ZS","","","","","","","","","","","","","","","","","","","","","30.3313340475311","8.54008426680909","6.57898598147362","4.96485271709032","5.70157505606575","7.31155336554468","5.08093214696856","7.94772481469571","5.11748769693221","7.82664815260019","1.84804508978979","","","","3.6258070426668","1.27288479617083","2.06706276050153","3.21475827772912","6.78400797999122","7.911034146551","10.6043329293221","10.0256453614742","8.17895011627298","5.91994307674275","10.8100673515007","11.1826580273168","11.1527330594576","9.48652526002906","10.6216272431889","7.52994978850973","8.60316669127498","11.1547071787089","9.89158182981307","9.41039026338509","10.7301127504636","9.94269181590652","9.67531281549265","11.4581490503965","13.3788040408516","12.0688315791584","7.32208018034735","11.5433069699364","","","","",
"Iceland","ISL","Adjusted savings: natural resources depletion (% of GNI)","NY.ADJ.DRES.GN.ZS","","","","","","","","","","","","","","","","","","","","","","","","","","","","","","","","","","","","","","","","","","","","","","","","","","","","0.000451917664794644","0.000411251554332357","0.000386151350477792","0.000367072461922278","0.000317219455489857","0.000264637144842649","0.000224301542330179","0.00020709133378544","0.000109691589142925","0.000111997857339863","0.000112343756705461","","","","",
"Israel","ISR","Adjusted savings: natural resources depletion (% of GNI)","NY.ADJ.DRES.GN.ZS","","","","","","","","","","","0.107461305457488","0.858228290382198","0.856791748431292","0.991712225801281","2.01528960719393","3.20685635760804","0.0677878144967331","0.146192238673192","0.0330988883317193","0.0497228385344669","0.0826824545381306","0.0913347680924915","0.0519626757644035","0.0378483358153641","0.0154012754821653","0.0278033411386018","0.0121976964163769","0.0113263462098198","0.00947638579605722","0.0091070674211693","0.00845873908672353","0.00519464804268969","0.00440572180215933","0.00344460396769139","0.0022766195144945","0.00298816231408189","0.00267927171177013","0.00324427719525845","0.00217793954159731","0.00296286225829562","0.00137314807612407","0.0003901762610749","0.00036108310279507","0.000202669992855801","0.0189009005125672","0.0374920314243268","0.0701870058209605","0.085163452253438","0.20044002541275","0.133051053558854","0.0706744923094515","0.126104492063989","0.13005147833958","0.15049855968115","0.144510925973394","0.142637291798213","0.132239295179646","0.0790923283309165","0.124775928068988","0.0742350993525232","0.134324234023164","0.248413406721533","","","","",
"Italy","ITA","Adjusted savings: natural resources depletion (% of GNI)","NY.ADJ.DRES.GN.ZS","","","","","","","","","","","0.0271862796295189","0.0305729816805552","0.0384632864605868","0.0396931815798529","0.102649241570161","0.104619932595344","0.120782049544664","0.0941793232482717","0.0854789135277733","0.126563254014303","0.146576128712256","0.124902988710956","0.0590918205945699","0.094638023112798","0.0912850615198043","0.0892436252613261","0.0532443544056675","0.0403076613663503","0.0376920248020175","0.0476351554896189","0.0490236412553631","0.0244402574397167","0.0208404629535078","0.0360830753662452","0.0351573626920108","0.0485822366568273","0.050201201983202","0.0535651259051204","0.0105669945824805","0.0216560177808872","0.0615144819594855","0.0709488450172498","0.0635681448031596","0.0585619732284133","0.0564727607188187","0.0765807038393392","0.090411978796725","0.0866416754118892","0.116904614025709","0.062662625275337","0.0756451395213109","0.117937374425124","0.128314250616459","0.116142862091432","0.0998509306110661","0.0566668828128587","0.0271467726535307","0.0404721933714182","0.0687880150631172","0.0581061900833431","0.0451701902908457","0.0856169250540912","","","","",
"Jamaica","JAM","Adjusted savings: natural resources depletion (% of GNI)","NY.ADJ.DRES.GN.ZS","","","","","","","","","","","","1.06072940663376","0.838432405783793","0.852595678214466","1.59695940325746","0.933973985102405","0.98062512964929","1.21976175360624","1.58455103125081","1.62635674560052","1.60680862490537","1.55889773141566","1.20081893734771","0.902074833253115","1.67501174995817","1.40777494805718","1.04719758362081","0.825022788153892","0.680233989284787","0.90123253745929","1.0522151750473","1.29552305546563","1.27828620381655","0.578624952509525","0.629318188322137","0.334855919328868","0.452908040295319","0.357374318432912","0.328585920588834","0.248410790358579","0.244391154843979","0.290931413868701","0.308293676614176","0.367777049013354","0.483290901546126","0.622399023954639","1.1484343538779","1.12509429645631","1.25659059552916","0.661570485051495","0.333985081239795","0.675994246787999","0.568909525818061","0.544063546605858","0.520627994747941","0.135790425831047","0.177013066697423","0.333708020575444","0.43603617506118","0.209525160322377","0.17746107516208","0.317437630596526","","","","",
"Jordan","JOR","Adjusted savings: natural resources depletion (% of GNI)","NY.ADJ.DRES.GN.ZS","","","","","","","","","","","","0.0363402374805809","0.030606444541812","0.0341298580263145","0.771652962164937","0.752464402403252","0.221170804959527","0.543756721696867","0.0364162252987092","0.0395007602804966","0.152211893390943","0.204142536852825","0.142481633883012","0.0976994142699714","0.0286363801403575","0.0681538640878892","0.0331460522505598","0.0356834173300495","0.038023205242868","0.0598170680628953","0.159039383249603","0.0735318590611397","0.0844310286546805","0.0692351355182428","0.113836357971702","0.127426099736542","0.131569911643724","0.131670375982901","0.13671133519954","0.0955126136305158","0.10377172380731","0.10720768140914","0.0841299620902931","0.0962880649709416","0.0911775929746329","0.0814886820811334","0.137978060138662","0.16863982409845","0.655388994524325","0.401116013503889","0.234639734074167","0.487816442218564","0.422599326911389","0.177811518978039","0.217633744720524","0.291321959160977","0.208272978315518","0.183310488628515","0.166987642911467","0.0310191785351874","0.0374820627477987","0.0553695484156392","","","","",
"Japan","JPN","Adjusted savings: natural resources depletion (% of GNI)","NY.ADJ.DRES.GN.ZS","","","","","","","","","","","0.039248783625524","0.0254758001528474","0.0210196234216248","0.0441592854062534","0.120989224506475","0.0996047931774195","0.0971340514078621","0.0841578560205995","0.0582240334533681","0.119810303926338","0.0258114354134579","0.0129854119157354","0.0103660955931253","0.00978522916357301","0.00875797326990441","0.0103917765497925","0.00561173008801729","0.00478798354660219","0.00540743089900896","0.00609641848664222","0.00570869003351479","0.00397820482294526","0.00421663231169378","0.00343698341329639","0.00357807698294395","0.00343326236688256","0.00410521323718789","0.00420164968980727","0.00287025452566027","0.00309684216729436","0.00487795858924807","0.00408614890568833","0.00440108231666984","0.00494946423123383","0.00543413038639778","0.00660573274258966","0.00738602297161409","0.00805559056929032","0.008331035071968","0.00718387428655291","0.00773285340306041","0.00896895306209793","0.00804475775690861","0.00761566489055252","0.0094827830900647","0.00928160664746769","0.00637406732409482","0.00744888795312771","0.00940488621454028","0.0344978800972204","0.0283125164934551","0.0144323671117114","","","","",
"Kazakhstan","KAZ","Adjusted savings: natural resources depletion (% of GNI)","NY.ADJ.DRES.GN.ZS","","","","","","","","","","","","","","","","","","","","","","","","","","","","","","","","","","3.35664861484412","2.90882204385842","3.55734178884847","5.32658437943681","4.69402175857957","","7.50486622466645","18.9589897428184","13.5633653982713","16.4063756261752","14.7330671452848","18.0675817907114","20.9794055908505","20.4609814429281","11.0740985776255","13.4552377973148","9.43031815391733","10.1978176789254","12.5670736764906","11.1327785939395","9.2407235007627","8.76261530478753","4.3891069070117","5.52877721194639","7.49528638432548","11.4268541132471","9.73024673225527","6.85603147204135","15.2460671057618","","","","",
"Kenya","KEN","Adjusted savings: natural resources depletion (% of GNI)","NY.ADJ.DRES.GN.ZS","","","","","","","","","","","","2.57182515226865","2.39623214466924","3.51911390481966","3.42261230720209","4.30422077786313","3.85096968280799","5.21402539254661","4.81524104929962","4.20555880923361","4.27224532739826","3.9932900306966","5.9964322122919","4.32192428798956","4.04109737370548","3.36297871996289","4.25904658515469","4.03456548589706","4.0713055826909","4.31506500898238","5.18283461960003","5.4473073200394","5.61986015482023","7.21430240917405","6.67318227412748","7.55290111708457","5.59348554657641","4.79433864208194","4.57562748316418","3.31055468277876","3.34281155775717","3.17023353277295","3.77364427198863","5.13871730744992","4.15888541118357","4.07646131901676","2.95582032736948","3.63294821804325","3.6394240265342","3.70834923635944","3.01412120746383","3.25306068492332","3.21473476173011","2.99501624498553","2.96587531071929","3.00211147612387","2.69103224206902","2.35803802233102","1.38061876101333","1.24520970698003","1.29058747300495","1.24534198237127","","","","",
"Kyrgyz Republic","KGZ","Adjusted savings: natural resources depletion (% of GNI)","NY.ADJ.DRES.GN.ZS","","","","","","","","","","","","","","","","","","","","","","","","","","","","","","","","","","","","","","1.47921542649454","1.11175645079754","2.471617569432","2.87496380177431","2.24514281385846","2.96601493459313","2.23637546612924","2.05970003145341","1.91028526279429","0.937948429963104","0.453549685704982","2.51686276150789","2.98431318324107","7.2684214434384","8.11472274482071","2.41024551537618","4.35112272171659","2.97487577775832","3.23325348451187","4.34784033706205","6.80542363667538","3.49979565981386","6.06465058244658","4.75869913369626","9.23514888002418","","","","",
"Cambodia","KHM","Adjusted savings: natural resources depletion (% of GNI)","NY.ADJ.DRES.GN.ZS","","","","","","","","","","","","","","","","","","","","","","","","","","","","","","","","","","","","0","0","0","0","0","0","0","0","0","0","0","0","0","0","0","0","0","0","0","0","0","0","8.64415377523076E-05","0.000142218379093476","0.000112340752847691","0.000220485558410438","0.0316430241693597","","","","",
"Kiribati","KIR","Adjusted savings: natural resources depletion (% of GNI)","NY.ADJ.DRES.GN.ZS","","","","","","","","","","","","","","","","","","","","","0.0479832475464974","0.0309701195178645","0.0243315611984976","0.0250551981310969","0.0223254797889779","0.0292258163485776","0.0479201031040433","0.0384397803629595","0.0315003316801503","0.031518559145736","0.030828091641995","0.0237208763306349","0.0322372127740225","0.0282119204882748","0.0313618583225919","0.0486444449563333","0.0506065391624399","0.0366744562714953","0.0299731491535411","0.0168166693816012","0.0182018608866767","0.02174053964037","0.0235594994250958","0.0298128811216354","0.0309502811873297","0.0196876274766996","0.0241056656962679","0.0303496533013627","0.0487579566709663","0.0530058625644504","0.0427259602960497","0.0528143194603977","0.0388772834926782","0.0338222091282325","0.0470235280262137","0.0355111232316182","0.0463488616171605","0.0486922387720678","0.0225314671369511","0.0203961159354034","0.0305463280639304","0.0239485407546956","","","","",
"St. Kitts and Nevis","KNA","Adjusted savings: natural resources depletion (% of GNI)","NY.ADJ.DRES.GN.ZS","","","","","","","","","","","","","","","","","","","","","","","","","","","","","","","","","","","","","","","","","","","","","","","","","","","","","","","","","","","","","","","","","","",
"Korea, Rep.","KOR","Adjusted savings: natural resources depletion (% of GNI)","NY.ADJ.DRES.GN.ZS","","","","","","","","","","","","0.0146712304081954","0.0150426501523081","0.0982664578366354","0.139989628194749","0.157857347415839","0.108444260002289","0.0877969226615416","0.0536252121690603","0.0442789971369875","0.0844930255570411","0.127222841303903","0.127104940563135","0.0592891990438506","0.040133464464622","0.0498521467426741","0.0239745055552964","0.00888850220357657","0.0330292483586963","0.0301546556613103","0.0156790912421544","0.00507994458024968","0.00292842924555771","0.000374974670129249","0.0022411924498674","0.00786589175620365","0.0058614568013263","0.0090036384354148","0.0154175193525314","0.0118431816886646","0.0189703635774718","0.0173939833596269","0.0179229063431403","0.0153507460856633","0.0106070631555766","0.0178790151047834","0.0194445600323","0.0206655172693869","0.034604365690111","0.0255817905595108","0.0430351984507115","0.0560592200656182","0.0547474421702151","0.0408034303772021","0.0357427273540809","0.0165635274118663","0.0142325648618824","0.015495545898819","0.0234888471466341","0.055688575990804","0.0393290681021382","0.0250258340350454","","","","",
"Kuwait","KWT","Adjusted savings: natural resources depletion (% of GNI)","NY.ADJ.DRES.GN.ZS","","","","","","","","","","","16.8480864031437","19.2026480792838","23.9330350302713","24.2908029480894","26.5440060870225","16.5591297598458","17.0616680882223","14.3790878769903","14.9122807249276","","13.3193939600338","5.67427296633434","3.01798659501561","5.13929526526163","4.33090136332667","2.83126544746964","2.23021855900943","1.89524718644451","2.41126335071084","3.22073648109832","2.33259502731551","0.255996828721451","2.36981823937311","6.4035626260454","6.53732942322557","6.18495687270387","7.07741536278349","6.65074864981358","4.80637515607537","5.5254774925706","8.88246391627755","7.60780508819442","6.44948145207393","7.80561170171335","9.23620491535685","11.2636329764212","10.6312967049142","9.99360905727985","11.745024600826","7.78580880625267","9.4925611659108","13.0625496869793","14.1773025943579","13.4911206345343","12.5355047834266","8.50097764333526","7.56440026237314","7.90131978446421","10.0562856519602","8.71641775407094","","","","","","",
"Latin America & Caribbean (excluding high income)","LAC","Adjusted savings: natural resources depletion (% of GNI)","NY.ADJ.DRES.GN.ZS","","","","","","","","","","","0.318859357168378","0.31911636413175","0.353799013525515","0.567989608599856","1.25572086724633","1.01351747314124","1.08331100366051","0.936963211474693","1.04715206920729","2.39054138869163","3.21001365105661","2.50736452702073","2.04692355479779","3.09558748919662","3.66084641046407","3.49646134514699","1.59974312700977","2.3329762431715","1.87205662059626","2.35371210631431","2.75093101340661","1.49792486894543","1.43411983215584","1.15082540584668","1.04633063107869","1.20405726475038","1.39711547730439","1.1185143745233","0.694463872301509","1.32271230384785","2.09255027760331","1.64910785336494","2.00851060172802","2.34141128735319","2.84455371784947","3.68217377668156","4.09817601712617","3.81392689864933","4.23778418171897","2.3152679145809","2.82541309718707","3.82301802690867","3.57847060933028","3.1432121621876","2.80448179063993","1.42095521427098","1.28426843549323","1.55596461061484","2.22886430415451","1.83232019237622","1.28808949645014","3.37131725858717","","","","",
"Lao PDR","LAO","Adjusted savings: natural resources depletion (% of GNI)","NY.ADJ.DRES.GN.ZS","","","","","","","","","","","","","","","","","","","","","","","","","1.86823498038405","1.48909133115165","2.88313896499248","5.01007170526011","9.13310137014743","7.80226643830242","6.87502106883366","6.99190664694825","7.10064783485409","6.09961436434719","6.44540426831237","9.08564984172546","8.55637467582004","7.82958105671786","8.80990902669215","5.19715199565319","4.15203947733071","4.64569584362334","4.92756908109603","6.6540042753541","5.88231298268499","5.37092296567763","9.49606063322426","9.20843259316959","9.82614003199189","7.92771245497506","10.2874870087947","10.967995263836","8.4871668892221","7.46312084118298","6.31548759144412","4.4683876936534","3.80613228733716","4.08367843405412","2.87720647949937","2.45273645205022","2.28377751553187","3.44411961128635","","","","",
"Lebanon","LBN","Adjusted savings: natural resources depletion (% of GNI)","NY.ADJ.DRES.GN.ZS","","","","","","","","","","","","","","","","","","","","","","","","","","","","","","0.0329892475941855","0.0295589620350622","0.0202873547754948","0.0150484679883692","0.00790116824058472","0.00776890193532835","0.00949966794769695","0.00862488619847092","0.00739503580710615","0.00906184528554794","0.00145419711862803","0.001577781154708","0.00102069189332804","0.000524283957574588","0.000206910624780167","0","0","0","0","0","0","0","0","0","0","0","0","0","0","0","0","0","0","","","","",
"Liberia","LBR","Adjusted savings: natural resources depletion (% of GNI)","NY.ADJ.DRES.GN.ZS","","","","","","","","","","","","","","","","","","","","","","","","","","","","","","","","","","","","","","","","","20.1807399177868","20.8499399576726","29.0287966199938","42.9576615593882","24.2857240115475","23.9855440102449","20.4212638800456","24.2601313316653","23.88068219092","23.9517168701067","20.0548968033628","18.9333601654268","20.4300812401854","19.0772055082786","21.0687662894465","21.134966752582","21.3778410076686","22.0429378793797","16.0777562286299","15.9614665018595","18.3854428842103","22.0234295164486","","","","",
"Libya","LBY","Adjusted savings: natural resources depletion (% of GNI)","NY.ADJ.DRES.GN.ZS","","","","","","","","","","","","","","","","","","","","","","","","","","","","","","","","","","","","","","","","","","","15.8935155583409","15.5254747744802","19.6387975744021","22.2331714552287","22.7434470829805","21.2379092648353","23.354199668412","16.5637443731944","17.8275285463992","3.80769715418126","17.4239649577451","10.0255706273127","3.75985125648391","1.91547998024928","1.39696972443221","3.91236339095021","6.48606500284698","7.75455119874378","1.27923838277669","13.5799491294286","","","","",
"St. Lucia","LCA","Adjusted savings: natural resources depletion (% of GNI)","NY.ADJ.DRES.GN.ZS","","","","","","","","","","","","","","","","","","","","","0.0581901152083603","0.0474453498830247","0.112360759814521","0.0353461147108152","0.0167792427990017","0.00945219122138562","0.00778040648912878","0.0071333136174435","0.0062261344692073","0.00548425294702536","0.017125692434871","0.0194694294886724","0.0165467466708155","0.0123545178160277","0.0144767459051967","0.0178667351965085","0.0127220473636822","0.0173508341845706","0.0138973347649116","0.0113276976501086","0.0109032529172946","0.0115051660959198","0.010174296196902","0.0100711348664795","0.00987515709669811","0.00912937133253156","0.011497527001111","0.0113542590519569","0.0112019127526295","0.0102607370562817","0.0219789275961318","0.0173922853962629","0.016859927196974","0.0216838195947881","0.027099734333483","0.020387727520047","0.0258154249411758","0.0200601105755115","0.0126580400362114","0.0111926331431455","0.0197120184840958","0.0139368028769399","","","","",
"Latin America & Caribbean","LCN","Adjusted savings: natural resources depletion (% of GNI)","NY.ADJ.DRES.GN.ZS","","","","","","","","","","","0.953714049485737","0.913874742483964","0.884486954632211","1.31165236630265","3.48811548064078","2.52163465707741","2.49826800504683","1.96359333308208","1.90767571004335","4.43132097743963","4.90939716271237","3.68186979864389","2.56286298413674","3.74886560234747","4.17255016081675","3.66028706428711","1.7232958322205","2.54310925133952","2.09143294790042","2.68560327894526","3.16552876048377","1.74195889871736","1.65042619391276","1.33618269117576","1.24903326918702","1.46981480881647","1.71674508314492","1.40722753788942","0.823041327082934","1.50221434480225","2.38122923717301","1.85974385739222","2.19074325412341","2.52794384813354","3.20961395319528","4.09677176135729","4.6669768822467","4.23159228658404","4.33180181267658","2.35317677990264","2.81714003651541","3.82303836689055","3.48261766422887","3.08566980278767","2.73821695308937","1.41705628107178","1.26424788832885","1.5749462369226","2.22889955005018","1.75652496646665","1.34478561994947","3.66710713289597","","","","",
"Least developed countries: UN classification","LDC","Adjusted savings: natural resources depletion (% of GNI)","NY.ADJ.DRES.GN.ZS","","","","","","","","","","","","","","","","","","","","","","","","","","","4.75040402905506","5.01305168476387","4.89650425304345","5.64473771642393","7.23454498518324","6.08302649768591","6.66550063388042","6.32827281780167","10.439430892136","10.6058474251886","9.07629517962914","8.02426862318776","7.37781371469875","5.91024262092971","6.96920170166005","6.47022855177517","7.15343068862027","8.5997446210628","8.53862152530526","10.6750909232172","11.4321185208898","12.9256380743049","14.6296347741385","8.73628717653523","9.81358383295111","11.0208347719945","9.48702845744392","8.28729294079778","7.18095651996551","5.19195242949381","5.10865872359483","5.43236320980362","5.09365598762479","4.21172178753187","3.68882029502619","6.19126078291582","","","","",
"Low income","LIC","Adjusted savings: natural resources depletion (% of GNI)","NY.ADJ.DRES.GN.ZS","","","","","","","","","","","","","","","","","","","","","","","","","","","","","","","","","","","16.7915472356327","","15.1546146552891","","","","9.0406809959723","9.09205280608994","9.39545330010777","11.5476661202819","10.4012702773218","11.3192664461552","10.8905454476764","11.0422974242421","11.4376763022462","7.92926214654355","8.11029869143706","12.341557298737","8.45094253007475","7.85428028181999","7.56211418322833","6.45841774237917","7.30965373387647","6.96599522677999","6.23846216135495","5.55932925322957","6.7790443258076","12.3378049289911","","","","",
"Liechtenstein","LIE","Adjusted savings: natural resources depletion (% of GNI)","NY.ADJ.DRES.GN.ZS","","","","","","","","","","","","","","","","","","","","","","","","","","","","","","","","","","","","","","","","","","","","","","","","","","","","","","","","","","","","","","","","","","",
"Sri Lanka","LKA","Adjusted savings: natural resources depletion (% of GNI)","NY.ADJ.DRES.GN.ZS","","","","","","","","","","","","0.213603862665556","0.202284570419199","0.287241746886971","0.272557398986097","0.562197115109867","0.404635611543707","1.12289362891509","1.60450731190495","0.549680879535844","0.556424633119374","0.45082553465263","0.625480843683666","0.426606368327997","0.294295113091622","0.20683093645805","0.357038961580214","0.321962768313027","0.325391008574792","0.319368394996708","0.331612897654707","0.432070242880357","0.402081728073849","0.351919850072198","0.278789178720021","0.317325130197172","0.290259566597087","0.152156183602719","0.135270179354737","0.15447977826007","0.138427521077499","0.146444927836579","0.156161254288019","0.154092077410699","0.118886459503187","0.103075939815685","0.132781295314058","0.15346801984115","0.119248841893984","0.10810164342533","0.129407954914108","0.113286284326599","0.093921252280869","0.0768941083396204","0.0729844910801235","0.0794620958912732","0.0825046295769811","0.0604939127931534","0.0431648922725333","0.0492433506109834","0.0575737146408968","0.0557572590048974","","","","",
"Lower middle income","LMC","Adjusted savings: natural resources depletion (% of GNI)","NY.ADJ.DRES.GN.ZS","","","","","","","","","","","0.685152577279245","0.957479837879383","0.947834481707111","1.40628552615347","1.83483159186518","2.10731095979167","2.16975312455975","3.15265419948436","2.88663455590202","4.03839956491894","3.6132118552825","3.1822258902637","3.15300910709205","3.14394835222723","3.22816266126265","3.45902499649793","2.08903950554859","2.49090074888429","2.31147183991161","2.98491090506335","3.60908313705942","2.68958166410046","2.71784350999553","2.51843363849177","2.19968195514729","2.40140880314918","2.40991582852015","2.07762563216302","1.57901939577966","1.79003004357441","2.56578210376499","2.16528001656006","2.28840084610919","2.37396371990966","2.68929634708903","3.48825840790868","3.98429158135251","4.22151992685752","5.66911119678943","3.11090365897386","3.90399410545025","4.6965712976793","4.07071161297759","3.45408664073727","2.8171920615689","1.60695396959688","1.41559821515666","1.78408910544626","2.07568841301334","1.80591795705087","1.37037077017368","2.40911132235551","","","","",
"Low & middle income","LMY","Adjusted savings: natural resources depletion (% of GNI)","NY.ADJ.DRES.GN.ZS","","","","","","","","","","","0.803227217210191","0.96839823262948","1.18469499168969","1.74698322099991","4.22449900574722","3.92382900682871","4.35622164420614","4.56270542641622","4.34768588354326","6.54798386401886","7.4515409101467","5.48112667699013","4.75179133355315","4.95608185988817","4.79402169617368","4.7806588292317","2.58930741684413","3.45571098839272","3.00655256211784","3.81362786702892","4.18987467291052","2.84234955027945","2.70223008323186","2.4850385179096","2.30860650087382","2.26686565936418","2.33887714975995","1.96912138293829","1.37536531600536","1.8958800218889","2.96334712256101","2.49463496356707","2.49669304313351","2.6704900659389","3.48431209815454","4.29787486265401","4.6328793943316","4.55615915974101","5.76034874919132","3.01275960885026","3.94125493400208","4.89502225312569","3.60189587940289","2.99719378056845","2.53172534934821","1.39118758757969","1.24703934314552","1.51152502286163","1.88730000971645","1.58227928960036","1.08797766523578","2.21391699828792","","","","",
"Lesotho","LSO","Adjusted savings: natural resources depletion (% of GNI)","NY.ADJ.DRES.GN.ZS","","","","","","","","","","","","","","","","","","","","","4.33315862292858","3.78481189471424","5.68480575167278","3.3242960483134","3.53143378501916","3.28388859831775","4.68543006189878","3.57778059022827","3.59042196559226","3.56011499379027","2.4292121261453","2.28433624543486","2.11177631324169","1.75118230210551","2.12584941388295","3.04312276350584","3.30788524040108","3.04370479842989","3.60421413467448","2.57577039886705","2.71456440394983","2.49771356873381","3.21125270697417","3.82579861304046","2.81052577374956","2.66649059882723","2.46213272259112","3.62476770354429","4.0313138102961","4.48140727074523","3.06128874173257","3.24777100743584","4.03080034975836","4.44153999244669","5.01788939716606","5.55388353843476","6.40345721591144","5.54469972499811","3.21856972462547","3.30060185295863","4.04920648389324","3.79064261802484","","","","",
"Late-demographic dividend","LTE","Adjusted savings: natural resources depletion (% of GNI)","NY.ADJ.DRES.GN.ZS","","","","","","","","","","","1.21239511306653","1.18499324568016","1.41600057296243","1.93113555363767","3.97611332633699","3.99684260820237","4.36894522657123","4.09438941088085","4.16337187071291","6.47410777441053","7.17391310352774","5.8503014018391","4.9694021001302","5.36503507445842","4.90895129838519","4.80180606072","2.80623212768814","3.50867545153848","","3.59013362731076","","","2.88473831479919","2.59485668449202","2.10293829862174","2.05313157356871","2.13766242462126","1.81279843948773","1.02447708539263","1.76480623771659","3.15159965772677","2.71265172860674","2.5206432415541","2.75764010304868","3.75369564778514","4.42045209340255","4.86672021626712","4.61553486656124","5.80959528326549","3.10003121440214","4.09202690079108","5.20973818517208","3.81996497651713","3.23385248897575","2.757995403595","1.50215147119677","1.24578877672837","1.52706288481677","2.00387779709604","1.70696227058616","1.0261337761763","2.19005445018272","","","","",
"Lithuania","LTU","Adjusted savings: natural resources depletion (% of GNI)","NY.ADJ.DRES.GN.ZS","","","","","","","","","","","","","","","","","","","","","","","","","","","","","","","","","","","","1.42719665514177","1.38620008986598","1.02290453133018","0.714532386924357","0.842124353766788","0.999638423946982","0.647268785118994","0.333081546132426","0.228211720914826","0.201926135861945","0.180456756780603","0.144990802095747","0.0965964841260454","0.101241066828756","0.055082350905294","0.0632545993679849","0.0895930615737395","0.0762159130680747","0.0551989515670167","0.0452597318364978","0.0204096842873404","0.0123380922218575","0.0148150768005386","0.015877717103123","0.00831460495012381","0.00407264063249645","0.00734201062409201","","","","",
"Luxembourg","LUX","Adjusted savings: natural resources depletion (% of GNI)","NY.ADJ.DRES.GN.ZS","","","","","","","","","","","0.0695093277770081","0.0760494748038538","0.0730406043353997","0.0777839513761406","0.0667335993633026","0.075799853092775","0.119579105295249","0.0819736723232089","0.0542432497121428","0.055754674985903","0.0586701176486147","0.0497469486434267","0.0521945235747142","0.0475531113692935","0.0421580343112937","0.0457798889857593","0.0385680561933023","0.035119910671386","0.0362486546234315","0.0435189396591242","0.0363077092909636","0.0246675703976496","0.0208538836010168","0.0233465314502672","0.0212007346881634","0.0187857425619096","0.019463940027496","0.0166606329357787","0.0185819301304963","0.0189094754152296","0.0214857737254299","0.0209120640323852","0.0200884510707044","0.0181358170280585","0.0103250532425989","0.0103667384663126","0.0165148638060761","0.021416441367285","0.0590337911718056","0.101799627026941","0.0504142093254458","0.0771102670095134","0.0551070107329011","0.0332132905759603","0.029546593265378","0.0177324029588399","0.0141128362476049","0.0125845852989564","0.0174645863576969","0.0123897474201201","0.00901223264740562","0.00620787985272946","","","","",
"Latvia","LVA","Adjusted savings: natural resources depletion (% of GNI)","NY.ADJ.DRES.GN.ZS","","","","","","","","","","","","","","","","","","","","","","","","","","","","","","","","","","","","0","0","0","0","0","0","0","0","0","0.00850873133115519","0.0157614818270102","0.0145476519815907","0.0187421245143716","0.0421471651620775","0.0364415777065532","0.0482324265307126","0.0725165881556007","0.108105775264166","0.0705971448194518","0.0702132494014572","0.0273720281181398","0.0148905728804009","0.0284610080250479","0.0634751560734816","0.0469010774792983","0.0242158311769009","0.051110585363217","","","","",
"Macao SAR, China","MAC","Adjusted savings: natural resources depletion (% of GNI)","NY.ADJ.DRES.GN.ZS","","","","","","","","","","","","","","","","","","","","","","","","","","","","","","","","","","","","","","","","","","","","","","","","","","","","","","","","","","","","","","","","","","",
"St. Martin (French part)","MAF","Adjusted savings: natural resources depletion (% of GNI)","NY.ADJ.DRES.GN.ZS","","","","","","","","","","","","","","","","","","","","","","","","","","","","","","","","","","","","","","","","","","","","","","","","","","","","","","","","","","","","","","","","","","",
"Morocco","MAR","Adjusted savings: natural resources depletion (% of GNI)","NY.ADJ.DRES.GN.ZS","","","","","","","","","","","","0.0588337448673559","0.0518584253190435","0.25139734083869","0.603831663484769","0.282702453487714","0.14074365140972","0.309337589979563","0.113028515932248","0.434335587396261","0.183544305278363","0.119342722693966","0.159500198041196","0.177706585245037","0.209699016361417","0.325079123909736","0.0524511625707484","0.0398481754847415","0.986783371940566","0.0825001948156771","0.0606734456364041","0.0558652527683496","0.0607363809735987","0.0470802947969166","0.133098220215574","0.126413172540682","0.0777085046509178","0.0939771783507187","0.0373661622153852","0.0349116020101377","0.0339640263213348","0.00823896010122393","0.00929020246933353","0.011051773354841","0.112391863795418","0.17337211147322","0.318605971752866","0.395717420962036","0.774545628653757","0.155738793385504","1.03944055450066","1.21778952676074","0.270582187564911","0.216812148021052","0.156926306221688","0.131965088249465","0.143213667617613","0.171678752820464","0.185469590595033","0.104267061874848","0.0829889044114197","0.131060030927763","","","","",
"Monaco","MCO","Adjusted savings: natural resources depletion (% of GNI)","NY.ADJ.DRES.GN.ZS","","","","","","","","","","","","","","","","","","","","","","","","","","","","","","","","","","","","","","","","","","","","","","","","","","","","","","","","","","","","","","","","","","",
"Moldova","MDA","Adjusted savings: natural resources depletion (% of GNI)","NY.ADJ.DRES.GN.ZS","","","","","","","","","","","","","","","","","","","","","","","","","","","","","","","","","","","","","0.0196265809957358","0.0127397680901105","0.00430560295503327","0.0175317208026921","0.0324554493005386","0.0192339369625808","0.0165298100872709","0.0151719498761189","0.0145120826132749","0.0241737406760458","0.0361894701551173","0.0344935669084673","0.0687133886884892","0.0484970639108176","0.0275451867856521","0.0442682660168065","0.0340268575101924","0.0260040296873393","0.0196559148790225","0.00924223713142553","0.00589830620617057","0.00634309363943338","0.00891013147097284","0.00718430707041893","0.00443306144556176","0.00849473550140378","","","","",
"Madagascar","MDG","Adjusted savings: natural resources depletion (% of GNI)","NY.ADJ.DRES.GN.ZS","","","","","","","","","","","","","","","","","","","","","2.33027209964467","2.25492695412034","2.95369428456083","2.25193072889212","2.53696696511531","2.16099751813031","2.90426280233247","4.0722200432223","4.5074078735926","4.81152982210173","5.35451155326997","6.52337911923997","5.93997834196398","4.43274290576547","5.68457428987621","8.07221803778509","6.30828244290536","6.1715973801005","5.87675622874742","3.59957794176811","3.35404527889439","2.83977080997914","3.5698802820911","5.3074676976422","6.24748189944771","5.58203966386086","5.75617755411118","6.49977454063063","5.86270551022248","6.98520106010946","5.79960296306649","5.71049927540042","6.67030899257986","6.68682724658772","7.34066766557584","8.91520974677821","9.10486522527002","7.84624475200219","5.11794101729378","4.83993006713823","5.81011698160584","5.60978469608013","","","","",
"Maldives","MDV","Adjusted savings: natural resources depletion (% of GNI)","NY.ADJ.DRES.GN.ZS","","","","","","","","","","","","","","","","","","","","","","","","","","0.0189116667396127","0.0297269746752835","0.0294839835194717","0.0247427266905286","0.022335923273901","0.0239707440999274","0.0226247861070038","0.0204143215047926","0.0142293112193533","0.0117667382636677","0.0129326941439955","0.0117675495653449","0.00902000845576216","0.00851775141315081","0.00794134116640058","0.00779811908488348","0.005574298360694","0.00548318229325614","0.00533812510543359","0.00481768026785394","0.005054153163662","0.0051413875550717","0.00862750425001219","0.00634199923827174","0.00594088687313342","0.0101915792293845","0.0101490671923988","0.00832033708697356","0.00596791542069624","0.00572477673223327","0.00638583006095979","0.00721469599990021","0.00570132850259575","0.0028485652383425","0.00305366578125802","0.00547060655728978","0.00406545579061821","","","","",
"Middle East, North Africa, Afghanistan & Pakistan","MEA","Adjusted savings: natural resources depletion (% of GNI)","NY.ADJ.DRES.GN.ZS","","","","","","","","","","","4.13578984448784","5.26660804213679","7.11542818461063","9.84603779322771","22.966831069277","16.672512247402","17.2012234858749","16.4417867839874","15.3061470314919","25.127656612993","22.299579185781","16.2742688031775","9.46946708158426","7.95797479910771","7.66560853429508","6.60650966719217","3.48306389501832","5.15521184766973","4.35721539083998","6.27123670919448","7.07943973690909","","6.22219164532214","6.64762182721853","6.52792151615669","5.98105016657918","6.81430661204093","5.94260167413467","4.11302105493489","5.41939890555416","7.85143030187783","6.28525319249011","5.97450805146786","7.00908380439268","8.41612714567232","10.3145749261313","10.5125986854613","9.52429229708619","11.0731362426117","6.83768444686438","7.82120893415562","9.94040259799235","9.56726468942744","8.98480696445276","8.18966552543362","4.9123397551557","4.21753533560005","5.08536785304767","6.85193070590584","5.85679227054296","3.70779329742597","","","","","",
"Mexico","MEX","Adjusted savings: natural resources depletion (% of GNI)","NY.ADJ.DRES.GN.ZS","","","","","","","","","","","0.176103283488563","0.131084274126993","0.153406521158847","0.346856545963023","0.672435477966144","0.465729364609888","0.60554467704932","0.769364931641122","0.974621718573676","2.99424851283178","4.38750601615003","3.36647702789954","3.82667762905899","5.95232936280028","6.84934015384884","5.86893242225138","3.36238425398324","5.26338380672347","3.64890341517161","4.31439453075997","4.82589058719389","2.3025663367636","2.10588984720394","1.45429125225703","1.37265085131354","2.35874386603191","2.74961057617227","1.77270704462329","0.934903572282151","1.57707387628328","2.46919699148252","1.82254562743522","1.97434720802499","2.73649061592457","3.44875782257891","4.68856478925315","5.13525180493425","4.79808901935154","5.58240708993899","3.40478355712621","3.92101452842859","5.76856167017529","5.45552280723922","4.62945554559137","3.83344873096991","1.66872695689484","1.46421487617434","1.75591712454308","2.32181291691064","1.67641516968497","1.10590360336365","2.75699380152104","","","","",
"Marshall Islands","MHL","Adjusted savings: natural resources depletion (% of GNI)","NY.ADJ.DRES.GN.ZS","","","","","","","","","","","","","","","","","","","","","","","","","","","","","","","","","","","","","","","","","","","","","","","","","","","","","","","","","","","","","","","","","","",
"Middle income","MIC","Adjusted savings: natural resources depletion (% of GNI)","NY.ADJ.DRES.GN.ZS","","","","","","","","","","","0.804750448158986","0.969093795470605","1.18572329137243","1.74833188997758","4.22903219614814","3.92850245227397","4.36511831782036","4.56597169174452","4.35930217475874","6.57118505327223","7.46953903046611","5.47608927344357","4.70233297059029","4.9412609231274","4.78368843593095","4.78531591469218","2.54895898182074","3.4325514808122","2.97601791002099","3.78951230549958","4.12791226938076","2.74473373907376","2.62628450923953","2.39840365672697","2.07827425104946","2.08934022371731","2.21168116127252","1.85591012951763","1.25728180508459","1.81056115111113","2.86910014544915","2.40253692706307","2.39353777244803","2.5399124041376","3.38347664512138","4.19555399279497","4.54529744583238","4.46929957905071","5.68293027260324","2.93884125101607","3.88340071380742","4.77622311035644","3.53470656509275","2.93191304720034","2.46378481445956","1.32349928510356","1.17674678767869","1.45244106164434","1.84097768564109","1.54312129353692","1.03164893212346","2.12054235265777","","","","",
"North Macedonia","MKD","Adjusted savings: natural resources depletion (% of GNI)","NY.ADJ.DRES.GN.ZS","","","","","","","","","","","","","","","","","","","","","","","","","","","","","","","","","","0.195876711141034","0.128335768456181","0.157138342845507","0.103311171599916","0.204596993320787","0.0832185394316092","0.0790601619867884","0.0981762047173812","0.0369706033334285","0.0476799434567256","0.0526917325818861","0.137755373357951","0.114784774031773","0.959253297858332","2.33702113795409","0.488093382642879","0.395939209308769","0.768594443338146","0.729394320951639","0.624404038814223","0.654134855552125","0.714203354731409","0.510154705439398","0.493973961519753","0.411741295807213","0.171342632849988","0.000288328342336486","0.00024729073013233","0.000459553724898377","","","","",
"Mali","MLI","Adjusted savings: natural resources depletion (% of GNI)","NY.ADJ.DRES.GN.ZS","","","","","","","","","","","","","","","","","","","","","4.24942031734524","4.33830643494089","6.75754532588132","4.92116665133828","4.87328019790775","3.37483778168827","3.85347012701165","3.40043856797324","3.64090402630462","3.6564529895153","3.87046650094569","3.79608877414051","3.77776140477702","3.33323141108721","6.27571480663115","6.18551341876265","6.15430124236045","6.59892167434764","6.32266128855684","3.67334804934745","4.98899956653067","4.82587164237159","7.15248011422697","5.09379950592389","3.74893088221352","2.88701553412011","6.25726677805721","6.70889127367679","5.89233033916644","7.27961672609137","6.57303835324544","7.60286028052673","10.1168642416334","7.30190297275622","6.36758347230962","6.67970294368945","7.90931310706685","6.9316902947339","6.76130508286976","6.99167596612056","7.93002661964115","15.4978425835927","","","","",
"Malta","MLT","Adjusted savings: natural resources depletion (% of GNI)","NY.ADJ.DRES.GN.ZS","","","","","","","","","","","","","","","","","","","","","","","","","","","","","","","","","","","","","","","","","","","","","","","","","","","","","","","","","","","","","","","","","","",
"Myanmar","MMR","Adjusted savings: natural resources depletion (% of GNI)","NY.ADJ.DRES.GN.ZS","","","","","","","","","","","7.4227915276273","7.85328915198225","10.0609321655771","21.2685996588997","19.9411397516988","19.5500883002006","20.8706984705743","31.2172967847333","33.9165891985308","65.9209789415765","70.7045712494081","45.4525098801697","35.4666785845524","33.3069982077091","30.4593853163598","30.9460406234972","21.8388687779751","24.7665613067299","23.1506816449547","19.4288478301634","25.3591084906463","26.3547331508447","29.4731683011271","18.9823971388641","15.9109061789497","17.9293478125996","15.7468512321313","13.7107102872884","13.3313102751603","7.99217800643171","8.37984454222612","13.1707842853106","15.5258475811596","18.243482659394","16.7419262702065","17.64277422534","16.5039565484773","14.771838598755","13.2972568734367","8.44125591795562","7.33850622420663","6.75848338054973","5.41557795294382","5.32512157386724","7.25168394001518","5.95768142259137","6.25581088886093","6.49458377276455","4.90826207668593","4.09728107872954","3.39962540507272","5.37335654646892","","","","",
"Middle East, North Africa, Afghanistan & Pakistan (excluding high income)","MNA","Adjusted savings: natural resources depletion (% of GNI)","NY.ADJ.DRES.GN.ZS","","","","","","","","","","","3.25521140588051","3.73467899095127","4.81686437356276","6.93401552703237","19.9845235934947","15.0769732518553","15.009304574049","14.1831712197593","14.1210596809905","16.2741432038403","16.6722981990856","10.3165165916972","8.12702063913839","7.29505865098524","7.07720875196115","6.85184596783645","2.7282773926582","4.9043043161107","4.22537028235847","6.31982813798694","5.82720637804357","","","6.33439053155789","6.73479122464711","5.58179547675753","5.75409981852049","5.02038320623089","3.44137235278264","4.79450867603439","6.91486375281484","5.67805488199094","5.66451711151717","6.15938926118072","7.46259655049063","9.49061656105309","9.80988972440342","8.82248612100775","10.0191559526338","6.05222351102911","6.76678597348406","7.60060622010802","6.73415188279475","6.10569537780924","5.74696041571902","3.41316463254196","3.08062863797003","4.23055755831767","6.0877154075669","5.06082482615682","3.11168515988318","5.32710043912095","","","","",
"Montenegro","MNE","Adjusted savings: natural resources depletion (% of GNI)","NY.ADJ.DRES.GN.ZS","","","","","","","","","","","","","","","","","","","","","","","","","","","","","","","","","","","","","","","","","","","","","","","0.393084591741785","0.36816912232308","0.554977926794043","0.229685769225196","0.603524267048101","0.602089735907273","0.32984226811962","0.105145750931513","0.165378595453709","0.128182747457507","0.19639119553734","0.361097053528274","0.114378506731787","0.125293173042286","0.212690420455871","0.186951053343759","","","","",
"Mongolia","MNG","Adjusted savings: natural resources depletion (% of GNI)","NY.ADJ.DRES.GN.ZS","","","","","","","","","","","","","","","","","","","","","","1.59461152228481","1.42896167223021","1.43358524630963","1.62960038473953","1.99943747438436","0.768433844205816","1.30867858506327","3.13217886243158","3.44346255836951","3.8483745244502","1.85717170616851","2.74644365556433","2.95143422772097","5.74328120098658","6.80187315288599","3.02506746792892","3.85282156071806","1.41984125135506","1.32605857805634","2.35979500616173","1.85215788699119","2.44515794899001","2.02335924612811","6.43380462044458","8.71207748495915","15.9674394006076","14.9174044961546","13.711345782916","11.4349027358825","15.7555929164887","18.4807177791298","10.2118141141532","8.68294023839756","8.42436736623565","5.43662512399532","4.94110947686034","8.46846845424133","10.2495623388706","7.18478370508507","5.4801194374528","14.8944560397927","","","","",
"Northern Mariana Islands","MNP","Adjusted savings: natural resources depletion (% of GNI)","NY.ADJ.DRES.GN.ZS","","","","","","","","","","","","","","","","","","","","","","","","","","","","","","","","","","","","","","","","","","","","","","","","","","","","","","","","","","","","","","","","","","",
"Mozambique","MOZ","Adjusted savings: natural resources depletion (% of GNI)","NY.ADJ.DRES.GN.ZS","","","","","","","","","","","","","","","","","","","","","","","","","","","","","","","","9.89589226453206","14.4085329595036","12.0139386292354","14.0956346197651","20.2333437976138","14.8159241722179","11.4229876121654","10.5179994485412","6.05862528611091","6.42746592946402","5.28137609502809","4.99303258084977","4.7222818325397","2.47773859442012","1.55149774377163","1.27430778202607","1.1259932643539","1.40735394113449","0.910603921586072","1.21063137057529","1.66244425603871","1.775780712297","1.8389126981393","0.32971506359162","0.268846547389354","0.49668504635364","0.756110369914504","0.845019184153782","0.539555725231287","0.349606107502218","0.714577297489826","","","","",
"Mauritania","MRT","Adjusted savings: natural resources depletion (% of GNI)","NY.ADJ.DRES.GN.ZS","","","","","","","","","","","","","","","","","","","","","3.05837835433972","2.86527851608201","3.63425362884922","2.53754215366492","2.92726822915044","3.29944804261291","2.38351202455333","1.66114270752706","1.3174288911346","2.17194433127069","2.66626614688917","0.0911254534819168","0.0906226602716813","0.102479237745326","0.371894378379034","0.125057542835533","0.0921786142149781","0.0724910445021019","0.626873607244615","0.18629187097012","0.0604818006367513","1.13721726350781","1.18806587829254","0.0613518960967737","1.68184792156702","5.52035278733231","13.6774215110404","14.2624803627249","14.5007275968789","6.77405398499153","10.2205121329066","9.43255428492644","9.00311810674319","6.91107287878337","5.51049579885826","2.67848054979449","3.21248054216683","3.45703794004163","0.906704058003944","0.97971580248622","0.978336950729338","7.28682389560168","","","","",
"Mauritius","MUS","Adjusted savings: natural resources depletion (% of GNI)","NY.ADJ.DRES.GN.ZS","","","","","","","","","","","","","","","","","0.0915738838599581","0.0877350714862291","0.103245021458977","0.124338205351173","0.101321937767783","0.0800313829621238","0.0836667322151068","0.0446895766274498","0.0226462537325541","0.0279905624200353","0.0389618774002979","0.0494845907300549","0.0426929940983626","0.045678374891161","0.0338794883746406","0.0236424369316648","0.0194396257267193","0.024785177532093","0.0190072182008822","0.0118782926270122","0.0133850511922545","0.0127991101547613","0.020249655579272","0.019694705977131","0.0113414912411772","0.0112757534065404","0.0108599900707906","0.0103610974650408","0.00663181678238502","0.00640730221970774","0.00793173110850301","0.00793138351470452","0.00816179343472154","0.0110012508452083","0.0513546115077606","0.0698246893969003","0.0457360554449225","0.0391930339065153","0.0419908055594667","0.01443497273856","0.0153183103190103","0.00286918554458083","0.00201355776300745","0.00194203454583848","0.00202198409486531","0.00209585426951875","","","","",
"Malawi","MWI","Adjusted savings: natural resources depletion (% of GNI)","NY.ADJ.DRES.GN.ZS","","","","","","","","","","","","","","","","","","","","","7.91142677860555","6.88313920410704","9.56915407042599","6.15111243326242","5.58989181891415","4.69556755039507","7.2826107158868","7.48310605392906","7.19437556125099","8.38265991865699","9.02662050739768","7.30164953782232","9.28764151555754","7.11773488599556","14.1963853717925","18.9387121792673","10.8153918541514","8.42660410766032","13.2082929213114","10.1363597817475","10.3391840139404","10.1093065591087","5.87076878170073","8.74104820526652","6.45606375936764","6.87917738232685","6.82686679717698","7.98915437857372","8.71953942131862","7.09090082906421","6.05965771910382","5.99857951038382","9.03783390168532","10.3566607941923","9.81087198390879","9.18007779134094","10.9854611701255","7.11483098533731","5.28969267493707","4.31085263208698","4.15601844341776","4.289989986223","","","","",
"Malaysia","MYS","Adjusted savings: natural resources depletion (% of GNI)","NY.ADJ.DRES.GN.ZS","","","","","","","","","","","16.950002384514","19.9585544223593","27.3922309918131","33.332565789181","23.782177478574","28.0868904913494","28.3988893023462","29.3491502328282","24.9678647120154","35.7497183565594","34.8026929387803","24.5381085099998","30.7909821050307","29.299177082502","20.5603890178349","20.9473509081263","23.3184793844717","28.42254360775","24.9714552054898","28.1754808132701","25.8403060273744","20.400338804152","19.3868174794171","16.6679928052255","14.6679677539793","13.3739241563043","12.0559496686965","10.3754501011367","9.5490383401653","9.52033636056222","11.718265260523","9.69198548143946","8.90178988063197","11.0561565096989","10.5017190651777","12.1315084244091","11.9173220341071","11.0002321932198","11.6245658779684","8.31852658120302","8.19264164064331","7.91065913451319","7.57823471038768","6.89452918654555","7.2814446370774","5.75643496164664","4.6245362412855","5.58579442728511","6.51914258995649","5.48265310705204","4.04641218590524","5.98396356228097","","","","",
"North America","NAC","Adjusted savings: natural resources depletion (% of GNI)","NY.ADJ.DRES.GN.ZS","","","","","","","","","","","0.416451695473923","0.40267955522566","0.46107907805324","0.613190327724231","2.46100444275957","2.11492914257232","1.99350618368594","2.01843322862683","1.81096697248311","3.76886682400886","4.186309642115","2.67931344550775","1.30270201282822","1.80838691924629","1.63445047467335","1.45780022365704","0.538112151743152","0.856550300019765","0.659510602036289","0.707556285705263","0.804148078907732","0.57482338599823","0.639228693097918","0.64615200308168","0.54754496114716","0.492385537418089","0.675263265898366","0.560290787927078","0.325706448628613","0.428263221149335","0.877326746510768","0.654855963198427","0.479936595583704","0.836796992182865","0.873117624764334","1.15373605839616","0.754380411470221","0.725078004010163","1.09849070066952","0.32849637904486","0.405295843826106","0.522332829396674","0.31582500001766","0.350095642526186","0.363129113975575","0.0526092120999612","0.118216828867792","0.176336759040548","0.298048829319475","0.319919228396833","0.174896072458876","0.920371007081849","","","","",
"Namibia","NAM","Adjusted savings: natural resources depletion (% of GNI)","NY.ADJ.DRES.GN.ZS","","","","","","","","","","","","","","","","","","","","","","","","","","","","","","","4.72272048869282","0.840226705335297","0.526282817746853","0.407262575398656","0.472697838840149","0.675393372098779","0.583618878840206","0.73772452628224","0.664010830961838","0.45432594144962","0.501224165439158","0.538406146266442","0.553470597218554","0.765314298907599","0.65469704696816","0.906508203262681","1.92946511179434","4.45478398526318","1.66404918829721","1.46510918886845","1.6140582815394","1.54393418555961","1.36368421525955","0.941072521004124","1.30909123730812","1.5931009734967","2.1690629673411","2.49834936222645","1.05550471935936","1.23516980812306","1.57818337813838","3.05586116552858","","","","",
"New Caledonia","NCL","Adjusted savings: natural resources depletion (% of GNI)","NY.ADJ.DRES.GN.ZS","","","","","","","","","","","","","","","","","","","","","1.51375004915856","0.040511772517192","0.0593750101361373","0.0612862021813109","0.0430623608637857","0.0403479255032372","0.0353824235642602","0.0333310667358928","9.37891968730477","11.9006433489285","1.79332480464649","7.09322746640534","3.7322447181718","2.1027537080773","3.14311698830581","6.76491957428234","5.19649872682979","5.62760113606906","0.2722637842133","1.14102903973768","8.55293863290934","","","","","","","","","","","","","","","","","","","","","","","","","",
"Niger","NER","Adjusted savings: natural resources depletion (% of GNI)","NY.ADJ.DRES.GN.ZS","","","","","","","","","","","","0","0","0.00192281635690209","0.013900357961628","0.00425981640898573","0.00720576514944808","0.0164447639198476","0.0148512090248876","0.0165034488312323","0.0209084041984997","0.0281700178471437","0.0381196479911534","0.0682118972754636","0.131601755379083","0.084976935429643","0.0346978682787818","0.0288300996593807","0.0336494239462042","0.0448317479147978","0.0266386405513607","0.0282373156243383","0.020850830774819","0.0194289216909668","0.0322819090208996","0.0472306413696052","0.0374090534592259","0.101195786945737","0.0704041811146068","0.0134166362376838","0.0211907271653957","0.0338458823565411","0.0231619822789335","0.0208841676587223","0.0836055813952464","0.18470934816878","0.236135308039504","0.288661737486598","0.23996703811069","0.198066437704718","0.276245491682798","0.900416466553117","1.47747856067831","2.94610239207038","1.83936229152059","0.608561729353389","0.676006762972444","0.830848670057248","1.06164226039624","0.507030672793392","0.345220994883189","0.869997407034889","","","","",
"Nigeria","NGA","Adjusted savings: natural resources depletion (% of GNI)","NY.ADJ.DRES.GN.ZS","","","","","","","","","","","0.458482559596479","0.410246015766255","1.32358426890744","2.18059479317861","20.7272074386915","12.6903340808982","11.8066656290838","14.5617031707869","11.144335562403","29.4768667097784","17.7034719307481","2.31799631223681","0.873319463333937","2.52160793163317","4.64818712429515","5.67045362091984","2.61222211347796","5.30751034757112","4.65353392282823","13.658951383967","14.785958203354","9.39530373352427","11.4311601202966","19.268502712986","12.1108664752467","10.4157218913147","10.6744018733945","9.26645428482497","4.46177762065917","5.19814990407946","13.1785833586365","8.36684318801851","5.49213498721358","6.63210019405016","8.16077478911844","10.2313671148805","7.59248526557045","6.95438031803945","7.73607499427663","4.37886861465937","6.68153696327748","8.62604808689725","7.10014377554134","5.17026351271342","3.66067010424007","1.48831623509586","1.26938592677135","2.60955901588353","3.80342489865033","3.28781925670478","1.59190439600236","2.74097887116957","","","","",
"Nicaragua","NIC","Adjusted savings: natural resources depletion (% of GNI)","NY.ADJ.DRES.GN.ZS","","","","","","","","","","","","0.228257124247569","0.254394284521447","0.848997538231577","0.740345681267144","0.165434734448925","0.16195836012586","0.0580305043930245","0.00840084748257857","0.135713435104806","0.284122815934521","0.145183471263291","0.0804662313499549","0.0929449436765161","0.031498854358278","0.0250230535963971","0.0320964038977245","0.0397709577032005","0.0612662139228138","0.0622277241701989","0.0513905952512676","0.0766162371220139","0.0473525573308617","0.0302754561201654","0.00212413875621695","0.00251322664948701","0.0292212668323043","0.00191867874657896","0.0025001977861177","0.0768704882808155","0.105438861362662","0.00092770302247236","0.0547413241324689","0.00135676326443675","0.155315841046462","0.100573805605749","0.200015759036746","0.220834593223397","0.247945095894739","0.174108882396748","0.987035629835484","1.94725839167256","1.62687901512491","1.30281019206012","0.628865008338771","0.101534433273177","0.1942590258725","0.0207527278799609","0.0770277781775477","0.0516215728636646","0.046711045653765","2.23501993276452","","","","",
"Netherlands","NLD","Adjusted savings: natural resources depletion (% of GNI)","NY.ADJ.DRES.GN.ZS","","","","","","","","","","","0.0477890519650217","0.102023948177906","0.190859101737329","0.180211757074341","0.668396040487292","0.879924712416293","0.939865427700902","0.830631425560922","0.670217605711294","1.08661557606389","1.33894067142907","0.957166171101132","0.395138716908049","0.81168049257913","0.914088478684949","0.961005186308421","0.559593764833226","0.31031726528035","0.211367874426421","0.269117426185354","0.331551862840828","0.228397093001168","0.129063591108524","0.244190159651287","0.214937427402143","0.305125933366878","0.347813340781475","0.338261143396469","0.0435687751538133","0.0489692364042635","0.264251436126362","0.545365357026595","0.39592687035362","0.337958258975182","0.335820535881234","0.256880470382287","0.4825905233565","0.444381590984199","0.84057276905166","0.554421343039608","0.597732613826022","0.778473608025466","0.921106734291822","0.932413421601151","0.57247142322415","0.341319074512326","0.195597657921628","0.215336076465677","0.320730424537342","0.201138066501046","0.0724657054602596","0.302246219230329","","","","",
"Norway","NOR","Adjusted savings: natural resources depletion (% of GNI)","NY.ADJ.DRES.GN.ZS","","","","","","","","","","","0.102313338062394","0.0714436875788778","0.0651895001043544","0.127629805241895","0.141027517615533","0.560544823038952","1.03270511296492","0.97479101329209","1.43901956098486","3.52183511309715","5.15576608105479","3.71001368378598","2.38833938592715","3.8577647431423","4.66456840015346","4.55224547627409","1.71226195763367","2.56121627917128","2.05673262872975","4.64321221038587","6.02535441554614","3.48755483692052","3.96567434418562","4.53150347122252","4.38465488117988","4.42507831765361","6.59771044637625","5.41732353547932","1.60723517439408","4.51418810917346","10.4227682141975","8.04535316365264","7.31987881177162","7.0402226483598","7.89029457296303","8.59340942435698","8.8777835855193","7.76015299165195","10.3020183718478","6.65850209543548","6.01921108770385","7.89569785262854","7.21278448607968","6.23368372243037","5.74188481603779","3.77785422316998","2.88451446890449","4.01726038453833","5.42299407644147","4.58125148190583","3.18099507439657","7.71310815458361","","","","",
"Nepal","NPL","Adjusted savings: natural resources depletion (% of GNI)","NY.ADJ.DRES.GN.ZS","","","","","","","","","","","","0","0","0","0.0484433169080913","0","0","0.518257272096205","0.533918962799944","0.77068385284197","0.69607265165797","0.180965928705415","0.0910718706878205","0.323174023957663","0.100270716476779","0","0","0","0","0","0","0","0","0","0","0","0","0","0","0","0.00166721936437633","0.00142184806913081","0.00120389278756012","0.00109003767927902","0.00226427938486103","0.00220318239533406","0.00359948917546886","0.00304255109094972","0.00566185221993223","0.00281887732792295","0.00359405530431486","0.00351897877689755","0.00263156396722429","0.00227704598200009","0.00198034328350388","0.92011022613403","1.015870201153","0.693823723045123","0.418700075047304","0.439587596798479","0.514788533708358","0.492993319874486","","","","",
"Nauru","NRU","Adjusted savings: natural resources depletion (% of GNI)","NY.ADJ.DRES.GN.ZS","","","","","","","","","","","","","","","","","","","","","","","","","","","","","","","","","","","","","","","","","","","","","","","","","","","","","","","","","","","","","","","","","","",
"New Zealand","NZL","Adjusted savings: natural resources depletion (% of GNI)","NY.ADJ.DRES.GN.ZS","","","","","","","","","","","0.00224835535024082","0.00307506223132899","0.00701024742422696","0.012139834720008","0.0374135614343198","0.0568597372583373","0.222779466455438","0.364789141462501","0.262174427995755","0.262966368440619","0.247528978095227","0.212738543390196","0.278312088044493","0.328285742204355","0.543606007846548","0.801149544629031","0.5459978518327","0.45436168778759","0.394497763056871","0.567969531974433","0.76983287365996","0.592560648068051","0.691211930544412","0.673972558797304","0.569328710912015","0.486103349433692","0.674189148262654","0.797934371103372","0.474552236592647","0.634712689940176","1.18251936316899","0.96290353044287","0.765252407954732","0.449756297849499","0.517204578944168","0.550012231915086","0.584573264820006","0.74086608921809","1.40203560102399","0.87465833704795","1.05740061499597","1.06824329034625","0.848619392691619","0.703330513147343","0.730705032875611","0.556336564734142","0.371663131787471","0.379745790836226","0.459835625857616","0.43510695768532","0.283854260641831","0.436464953580026","","","","",
"OECD members","OED","Adjusted savings: natural resources depletion (% of GNI)","NY.ADJ.DRES.GN.ZS","","","","","","","","","","","0.281810082973206","0.26628999290727","0.282598418111275","0.361998862050883","1.2307664504441","1.0837691022561","1.06701798480838","1.05699988482505","0.895935867811003","1.77710977512111","1.99274041671782","1.49408850192573","0.886013376231494","1.18796418769755","1.18054843640217","1.09250249715465","0.391169107963839","0.529203695739984","0.405875700246441","0.48220571150036","0.539048093723676","0.34365816032369","0.352796226549303","0.359641279797753","0.319995626444126","0.310404843533267","0.420226015928191","0.369786034457691","0.196527181714457","0.296690100211157","0.614801300696946","0.491655721346958","0.409144476310297","0.546679454138698","0.594835224054412","0.780538807311981","0.705047610544157","0.680584260992872","0.91318153180435","0.416968767304905","0.531277596053238","0.710162660010392","0.564458321532364","0.526725642925537","0.476209723337154","0.198295340928837","0.196470259873169","0.263671479240435","0.385421636895676","0.343136841959678","0.253095133171657","0.844970250487282","","","","",
"Oman","OMN","Adjusted savings: natural resources depletion (% of GNI)","NY.ADJ.DRES.GN.ZS","","","","","","","","","","","38.1826432828812","36.1418584478619","37.7268140203129","56.7624283758322","53.0160819092671","48.9100599687923","45.0570778153098","39.7097549772805","35.7246000105585","55.7769666921273","38.2348655523721","31.746313944194","23.9308613561861","27.8646241055114","25.926037534493","28.3121700566166","22.1884042071383","30.0249328212884","26.0409242567848","33.6809905948902","38.0997421838227","24.4959608110029","24.5489598655735","24.1985639286798","22.3108037950853","24.0790562777561","28.3949945251261","25.1874997205299","18.0231870085883","24.2567107707192","35.330421733158","29.6921404794445","27.3205762854079","25.9907602540277","27.985894991665","33.2558651467305","31.1529812328505","28.5631159403786","29.5059259381785","25.5865154969174","27.072824252902","33.5010402714339","31.6580902327525","30.8800998870108","27.7176915303974","16.5504262707222","14.2255305210636","16.928679890376","21.8647399152371","20.1771951857456","15.3577567132541","23.9746780785919","","","","",
"Other small states","OSS","Adjusted savings: natural resources depletion (% of GNI)","NY.ADJ.DRES.GN.ZS","","","","","","","","","","","","","","","","","","","","","","","","","","","","","","","","","","","","","","","","","5.50268460293095","3.99701744181146","3.59566255613938","3.54699906522226","3.86713794353596","4.9559549984708","5.60855441913256","4.71216411268133","4.43482501995638","2.71643414942217","3.42868614446666","3.85766219627284","3.44788225527801","2.57994466418618","2.47778235446272","2.83385478867764","1.93822620752018","1.92533316727228","2.39630765883209","2.30263857452616","1.69220093519528","3.26249644563664","","","","",
"Pakistan","PAK","Adjusted savings: natural resources depletion (% of GNI)","NY.ADJ.DRES.GN.ZS","","","","","","","","","","","0.581784146115484","0.62329146365164","0.600850375149646","1.34888414226251","4.25840362726229","4.43374266548158","4.0888361048418","5.08365490398653","4.45959570344132","8.90675958750702","0.91310611689684","0.552936570930749","0.538873797948043","0.603650860135993","0.587810096661463","1.01378561437458","0.905312931518183","1.00612348787309","0.796305748465316","1.15850428801192","1.79616438574636","1.05084090243788","1.01194330615586","0.790490387232653","0.846483314076205","0.93185164942475","1.07457041234241","1.02454488631686","0.853931891922982","1.20162077122524","1.40751374801315","1.41019213821057","1.61664881412332","1.61911726415587","1.81377600736654","2.15520026304565","2.02452003349554","1.61554527474177","1.63364031231735","1.26791474155664","1.49645940366489","1.7967107822119","1.87831367491438","1.63190191278251","1.48030251521518","0.844092169306652","0.62856709144158","0.774957469009227","0.962669928759201","1.01691161673924","0.883726365710249","1.06703359393699","","","","",
"Panama","PAN","Adjusted savings: natural resources depletion (% of GNI)","NY.ADJ.DRES.GN.ZS","","","","","","","","","","","","0","0","0","0","0","0","0","0","0","0","0","0","0","0","0","0","0","0","0","0","0","0","0","0","0","0.000332043477332974","0.000513413838502456","0.0113759912927119","0.0146781571313885","0.0182290956416186","0.00693387253408951","0.0180968042324804","0.026607674289171","0.0459676894077223","0","0","0","0","0.0356352169496828","0.0520116573371703","0.113867966874599","0.125534562738194","0.0818093601979567","0.0859613233959922","0.0279866229193935","0.0117981361677335","0.00636223066796642","0","0.114994511760174","0.148110162007076","1.33230932839822","","","","",
"Peru","PER","Adjusted savings: natural resources depletion (% of GNI)","NY.ADJ.DRES.GN.ZS","","","","","","","","","","","2.06288789755831","1.3155961262672","1.35337046080491","3.49946010559605","4.70381145408299","2.03650045274747","2.51855221277629","2.63577415669864","4.55801921245204","10.8126538412208","12.9018181365483","7.03534259678341","5.42754304088571","7.5611761390646","7.99780346902425","8.18006141019348","3.73774352609657","4.36992051165097","8.91064585970702","8.49008693911216","5.89738139121308","2.40418221109833","2.06828381247514","1.73241247318506","2.44664440741477","2.61026835155829","2.27283255388638","1.9783508311311","1.01328145788039","1.61637611838351","2.27308265298424","1.26981278758515","1.43413255709525","2.10588334578803","4.34591627941932","5.50997168818747","9.85034929398093","9.57954161544133","7.75826563017481","5.65672071818966","6.54242556620795","7.50589801356522","6.1614422431802","4.43496845026311","3.0401268041801","2.29072454733953","2.91595068834264","3.74955487914633","3.8447577432192","1.65142496692186","2.16456108211891","7.64082079208664","","","","",
"Philippines","PHL","Adjusted savings: natural resources depletion (% of GNI)","NY.ADJ.DRES.GN.ZS","","","","","","","","","","","","0.774829346255935","0.733550042189081","1.15468187245189","1.0246604017444","0.557726058509506","0.62466171303046","0.69752035019383","0.466469803261572","1.42210477670807","1.11723928119751","0.644514405121683","0.493752144049372","0.679304878156092","0.564636327297195","0.590004440396427","0.463355024988396","0.521281692605214","0.767550990011915","0.645288160053538","0.462177977602486","0.173170037526614","0.123176938338341","0.0459660829482097","0.0612393877679385","0.147369194531569","0.0505208238445208","0.145954472943352","0.0664247003654557","0.0539781978410157","0.117730693980633","0.0247600720745822","0.125753551210686","0.183374600069626","0.268014904690362","0.353035114216691","0.753462334378957","1.98469599435626","0.698982424690358","0.49570207503038","1.16108238394829","1.69885865463532","0.731214531983684","0.477697697051133","0.782796121453412","0.320637387853632","0.230760883735079","0.371446842256216","0.43546492934833","0.393412240848902","0.391288312184535","1.31061280291685","","","","",
"Palau","PLW","Adjusted savings: natural resources depletion (% of GNI)","NY.ADJ.DRES.GN.ZS","","","","","","","","","","","","","","","","","","","","","","","","","","","","","","","","","","","","","","","","","","","","","","","","","","","","","","","","","","","","","","","","","","",
"Papua New Guinea","PNG","Adjusted savings: natural resources depletion (% of GNI)","NY.ADJ.DRES.GN.ZS","","","","","","","","","","","","","","","","","","","","","18.0255551450114","14.1613285599408","15.0646397539856","15.4888771479319","11.1222471477922","15.0475334584857","14.9371620626998","17.7209925464661","17.7339947395829","16.8142343807608","16.139299184488","13.9872607866159","18.0422747629895","20.5751067598602","18.9160722422527","23.1095376927561","19.2959479095746","11.8868749914559","12.7706513195656","16.0149075515962","21.6660547016032","14.9704745954775","17.0370823899382","19.9123473135773","23.6268755089925","25.011931955803","21.7811596078298","18.7992377248272","21.3363906718531","15.7021906704476","19.5410966441528","17.719807895165","9.24285321417351","6.58675486947791","9.21166609614466","10.6427350279889","10.1551204696262","11.271511343237","11.1154121110906","11.4980905944401","9.83221013323188","20.5610951043818","","","","",
"Poland","POL","Adjusted savings: natural resources depletion (% of GNI)","NY.ADJ.DRES.GN.ZS","","","","","","","","","","","","","","","","","","","","","","","","","","","","","","","0.666867896803362","0.36411555501973","0.283931875708263","0.20678540561426","0.190238694759366","0.241564055570852","0.156835881258778","0.176753479047974","0.0536351455895157","0.0499375499576333","0.141283826920471","0.17419478629144","0.127299920482743","0.143550945580215","0.34408169967804","0.282592188889954","0.50528123820941","0.409548230905951","0.445552171439196","0.296050980474294","1.19079083183441","1.61743994539105","0.443193940202461","0.340743490926348","0.26892380970956","0.202021645110496","0.17697469747851","0.240568821371575","0.283466956224099","0.180124336724235","0.1117856615611","0.320485035782842","","","","",
"Pre-demographic dividend","PRE","Adjusted savings: natural resources depletion (% of GNI)","NY.ADJ.DRES.GN.ZS","","","","","","","","","","","","","","","","","","","","","17.535539335762","6.50310715012814","","","","","4.87529091883922","6.62346353139234","5.3137180639591","7.60156102207035","4.35817339133217","6.60540432071027","7.82091765496748","6.93470171533318","9.36606748341454","10.0581192909561","9.75462730239594","8.65136358267437","7.88721539473135","7.22657546676609","9.48236416773022","8.10640932320393","8.05137315024168","8.43068328820409","9.3220026511746","13.0867135880665","13.8396225111801","14.7190433047388","13.413264403383","8.12990263793384","10.0348984930412","12.1310930645578","10.4023298375769","8.68153550203445","7.32466185325714","5.06466176225022","5.32967302217171","6.73174153195537","7.60243108551035","6.02292986577284","4.16703050051524","7.32743835156116","","","","",
"Puerto Rico (US)","PRI","Adjusted savings: natural resources depletion (% of GNI)","NY.ADJ.DRES.GN.ZS","","","","","","","","","","","","","","","","","","","","","","","","","","","","","","","","","","","","","","","","","","","","","","","","","","","","","","","","","","","","","","","","","","",
"Korea, Dem. People's Rep.","PRK","Adjusted savings: natural resources depletion (% of GNI)","NY.ADJ.DRES.GN.ZS","","","","","","","","","","","","","","","","","","","","","","","","","","","","","","","","","","","","","","","","","","","","","","","","","","","","","","","","","","","","","","","","","","",
"Portugal","PRT","Adjusted savings: natural resources depletion (% of GNI)","NY.ADJ.DRES.GN.ZS","","","","","","","","","","","0.381021367637295","0.327640167667466","0.343891324025528","0.411939011390064","0.398529755609684","0.455747730325131","0.427409313635609","0.380899410075703","0.524039220744458","0.571934926340734","0.505292472480862","0.363985155184338","0.395935087751223","0.44271455704348","0.410298296992506","0.465335759968061","0.399064892433461","0.319643292802158","0.29386443958813","0.384010370492127","0.30424650785126","0.271224916525264","0.197187619234087","0.219772428668207","0.22865606538459","0.229671775344296","0.162378731386458","0.138115343766978","0.107431288916209","0.105738874801335","0.151477587109476","0.116739941197908","0.11712637912984","0.113985622391296","0.123383759515801","0.131508437757483","0.210330645733837","0.211833517577351","0.196999263701999","0.112665685684194","0.175402721830987","0.0841026699748833","0.0812340516501046","0.0567992008096526","0.0516623812057021","0.0203951930053471","0.0147750291612269","0.0460453887473928","0.0858261922063373","0.0934581263856356","0.177444129396746","0.24872478818652","","","","",
"Paraguay","PRY","Adjusted savings: natural resources depletion (% of GNI)","NY.ADJ.DRES.GN.ZS","","","","","","","","","","","","","","","","","","","","","","","","","","","","","","","","","","","","2.92929956539757","2.34038694366961","2.19602734387015","2.06744464585961","1.91765645841501","1.6699332894592","1.80447947278017","2.25481649412785","2.51726972203074","1.8987606354217","1.85923452551811","2.1045907840668","1.82710771405856","1.57498771443714","1.68876701804246","2.1622094060019","1.71367522465186","1.73216774164191","1.7404305136966","1.72290788602101","1.74825697580599","1.94989162552721","1.73407053661574","1.55007568643218","1.40472344790444","1.73361901941654","1.37543454555516","","","","",
"West Bank and Gaza","PSE","Adjusted savings: natural resources depletion (% of GNI)","NY.ADJ.DRES.GN.ZS","","","","","","","","","","","","","","","","","","","","","","","","","","","","","","","","","","","","","","","","","","","","","","","","","","","","","","","","","","","","","","","","","","",
"Pacific island small states","PSS","Adjusted savings: natural resources depletion (% of GNI)","NY.ADJ.DRES.GN.ZS","","","","","","","","","","","","","","","","","","","","","0.857406021536946","0.559161233175259","0.966748457553991","0.895759630956313","0.649282481443742","0.773322531909932","0.909480598226489","1.31918514007603","1.3149410298603","1.15252790686659","0.97961139906683","0.794871335110976","0.477096656208314","0.752404637812695","0.943738042786432","0.930113765068233","0.890350162241331","0.741432060005983","0.844246630633993","0.668379465879179","0.637984100459902","0.632384674487527","0.67567251957759","0.657233220196446","0.522643226040246","0.742999116496679","0.581863623760084","0.489044489634241","0.603053251239128","0.69972599290036","1.15309812469751","1.50867353992049","1.49716343690864","0.969210476185144","0.861138463148957","0.637488373929183","0.641657825495077","0.810803060208072","0.744471231383518","0.671361108988099","0.741829990049824","1.03327168766253","","","","",
"Post-demographic dividend","PST","Adjusted savings: natural resources depletion (% of GNI)","NY.ADJ.DRES.GN.ZS","","","","","","","","","","","0.263557632468957","0.25281800982711","0.271860595491908","0.341421316333332","1.21465529428331","1.08052074327451","1.06943841181843","1.06175408136493","0.894495217052185","1.76386385426689","1.92961185609524","1.43697771666447","0.822742923529266","1.10067978493911","1.06574317844426","0.992721336649908","0.350835817849505","0.467490933368328","0.35582112414179","0.411924142728766","0.459163639028688","0.303171515245221","0.315979101290104","0.328663634949786","0.28747191964526","0.269315644316596","0.372769666405316","0.331492963441137","0.175726154977861","0.256546185868099","0.553808763070865","0.448559858168847","0.358660935425609","0.48984241510506","0.511133322995632","0.666954161896372","0.542373990248435","0.531119687349595","0.759026077690585","0.321920045148968","0.391963037714425","0.505223357822902","0.378240364329115","0.365931468748532","0.343109343091395","0.138801496706757","0.152034536521907","0.204343168314093","0.309270750290953","0.292646796884303","0.217317700201156","0.749726683888781","","","","",
"French Polynesia","PYF","Adjusted savings: natural resources depletion (% of GNI)","NY.ADJ.DRES.GN.ZS","","","","","","","","","","","","","","","","","","","","","0.00239254002938117","0.0016323780049432","0.00144907966806429","0.00144621166216502","0.00109548682714437","0.00100431583005806","0.00107548353217361","0.000907871817767834","0.0009144642286684","0.000933424391674056","0.000781607022911922","0.000873772607728755","0.000895386329587005","0.00076532783612258","0.00100357700413669","0.00146914842232181","0.00158605679053396","0.00158995337228515","0.00128089278458149","0.000702123421384195","0.000770914564035097","","","","","","","","","","","","","","","","","","","","","","","","","",
"Qatar","QAT","Adjusted savings: natural resources depletion (% of GNI)","NY.ADJ.DRES.GN.ZS","","","","","","","","","","","28.1591484322842","38.4251918432936","44.8939168756401","54.0337538504341","60.1861049331672","49.4840703529776","48.4865424336744","39.892338498848","39.2915497769732","65.7769872777901","43.8387820831278","29.4205292075728","19.9132052257877","19.5294145618782","28.0141187939752","16.6728051820223","10.2606962844515","12.2861611014335","12.6807987162766","20.0101292341486","33.9834962302364","18.7223234766647","19.2072936747575","18.7218785622501","18.8520574642605","17.6947554281359","26.0025932913298","14.8966923821785","12.5414069708318","15.6550711966366","18.1045945033737","15.2858908124807","9.33611509013167","10.7028875243065","12.1641395867183","14.3074543115093","12.2011166296405","11.855490111373","14.0100221420108","10.923748709395","14.0715893286516","16.3878939152286","15.3403776140777","13.6419229498772","11.2354898273868","7.04849130895611","5.89670340900595","6.90387856456513","8.68055907433724","7.81009854738364","6.31451710255432","8.75272301280807","","","","",
"Romania","ROU","Adjusted savings: natural resources depletion (% of GNI)","NY.ADJ.DRES.GN.ZS","","","","","","","","","","","","","","","","","","","","","","","","","","","","","","2.1835845410865","2.60200059862349","1.70349704265076","1.59278744722104","1.86907751677597","1.54886293054518","1.74920777114412","1.95108335713914","1.69411892179664","0.312809198755046","0.746658681290494","2.00560496155745","2.23982359398168","1.87957952876971","1.69772106220003","1.72260018863938","1.42549230706376","1.52006866023199","1.19627421946268","1.57638005383417","0.995157561136865","1.0765263249105","1.46906619428656","1.42291459363195","1.21197467515051","0.937295590765882","0.60320226979093","0.362175747211638","0.47732207471937","0.64340107317087","0.475352117230635","0.230256744533843","0.750715751541106","","","","",
"Russian Federation","RUS","Adjusted savings: natural resources depletion (% of GNI)","NY.ADJ.DRES.GN.ZS","","","","","","","","","","","","","","","","","","","","","","","","","","","","","","","","","3.16184940575322","2.98752962085677","2.69973883544965","3.65743909327721","4.23561723601249","3.45531837879385","1.45201671030482","4.69906728676684","9.15652020247737","8.00433993598574","7.66425705724749","8.26872958361179","8.5075475540463","9.47370411851033","9.77517078553787","8.42322980526193","9.82201399338518","7.4461726534017","6.99571168612259","8.66740724139889","7.82157677320438","7.10944640287371","7.0931496716151","5.1935783034665","4.35946884302262","5.18168611283961","8.00986600478557","6.89089961474804","3.88535807153478","9.45964236613277","","","","",
"Rwanda","RWA","Adjusted savings: natural resources depletion (% of GNI)","NY.ADJ.DRES.GN.ZS","","","","","","","","","","","","","","","","","","","","","7.58813025600192","5.93451206448212","8.2911430982707","5.24162846021365","4.75306347253105","3.3424090877386","4.5519674418206","3.95215906100749","3.8676847743278","4.40074424570038","4.37787634136306","5.89713883042562","5.72105138378888","4.66322933652385","15.2615479978704","11.5574628822304","11.7812014244187","10.6099755384352","10.389811401848","6.18201371638752","4.69839094844522","5.03674338578822","6.01582901794893","8.51029794019884","6.57282219670376","5.54399214336425","4.94891872905378","5.76909388804304","7.76240913261235","6.54875954773933","5.82103560668211","5.97470632342626","5.78582579403895","5.89064610752551","5.87470623150365","5.51817344067262","5.72262384645122","5.63152769102437","4.41675165360953","3.70417237155038","3.95287177291692","3.83511140124796","","","","",
"South Asia","SAS","Adjusted savings: natural resources depletion (% of GNI)","NY.ADJ.DRES.GN.ZS","","","","","","","","","","","0.53982710025948","0.503475985933475","0.48720161239114","0.612772301166256","0.803832586855165","1.4552742478796","1.30286116162131","2.48129201218567","2.19534064999677","1.71273904054741","1.36368820628658","1.75096243334008","2.00631344796804","1.87867579673173","1.78986936986572","1.88506618138622","1.30529422541117","1.27920303192006","1.15521782452543","1.56604700598351","1.82413316248449","1.54785545662921","1.39821109628261","1.28874262059452","1.07142690702951","1.23809836995267","1.19294650273388","1.09001449487689","0.914063970943249","1.05660984777615","1.35668156384526","1.14017291025655","1.23030309950697","1.16102028471579","1.3758369090493","1.6911067369114","1.93318720225244","2.21993594838593","2.98000663443499","1.47767443590375","2.07597237343584","2.34932695025443","1.80612611702263","1.65967532351877","1.3025283721917","0.854147201292777","0.804864209969609","0.818374222325604","0.939129164289448","0.7966537456209","0.826805024189232","1.44299323108657","","","","",
"Saudi Arabia","SAU","Adjusted savings: natural resources depletion (% of GNI)","NY.ADJ.DRES.GN.ZS","","","","","","","","","","","7.98161025576447","10.7926709081961","16.7874295957394","23.6216376098427","33.2496218563104","21.9442154875615","23.3371460744216","23.5392533786823","19.2490931387314","41.7081664202515","34.170740545643","26.8337127455775","12.9807546854921","9.58518911980281","8.59894632368468","5.01768241270712","5.81636243450311","5.90093837270478","4.56199644136872","5.86599840742853","10.6422485781185","8.25902279235842","8.7094065107177","8.24531637311373","7.56110231700746","8.17036533398459","10.2700499233128","9.07316042171573","6.74468508802482","7.80879977928218","12.73659277623","9.84486829559622","8.86185450704428","11.7850518624147","13.924104610581","15.7471054644081","15.6488506541127","14.4600754096451","17.0783966608757","9.93343843680192","10.9009963524702","15.691906590956","15.7774962418774","14.5967724717693","13.3182374462301","8.32568755892815","7.11215189554388","7.57502777183623","9.24716572366671","7.82090827175936","5.10157260850841","","","","","",
"Sudan","SDN","Adjusted savings: natural resources depletion (% of GNI)","NY.ADJ.DRES.GN.ZS","","","","","","","","","","","","","","","","","","","","","","","","","","","","","","","","","","","","","","","","","","","","","","","","","","","","10.1930989278943","1.827381597463","2.36359236254871","1.37580392655268","0.776392276448726","0.850724174344665","0.717177553577693","0.457675401729898","2.65404794625873","3.40135791213831","5.78750435439457","","","","",
"Senegal","SEN","Adjusted savings: natural resources depletion (% of GNI)","NY.ADJ.DRES.GN.ZS","","","","","","","","","","","","0","0","0","1.31210023302062","1.2589125091874","0.381399868102878","1.01258838292575","0.111543460909917","0.100849155808879","0.165130206518425","0.323157689111724","0.116978135721671","0.135145028757901","0.076114062678283","0.126728231822484","0.0308484695490514","0.000235145689175036","0.000308392742556745","0.000727419160558382","0.000734903500766712","0.000350169089968911","0.000316935738764016","0.000673439986880631","0.00263170922205459","0.00362739822146671","0.0051877729412373","0.0183375247633722","0.0131233950449741","0.00900423413734725","0.014771064613716","0.0119708481219893","0.0201251489887931","0.00597986803427499","0.0247230628868598","0.043343097560592","0.0408498614237276","0.0611471356954824","0.185244986239417","0.499187214973962","0.384954161863675","0.56671614347316","1.57950221330742","0.627884886465853","0.400667267524051","0.460709327050152","0.96117789156604","0.460214007106872","0.873496156994829","0.981242549156111","0.960784251274054","2.29377733723904","","","","",
"Singapore","SGP","Adjusted savings: natural resources depletion (% of GNI)","NY.ADJ.DRES.GN.ZS","","","","","","","","","","","","0.00245884984096704","0.00319202100705019","0.00767007784050966","0.00575055084302361","0.00388040778369154","0.00325692088776608","0.00147916891623039","0.00197204878220777","0.00160673871327903","0.002718715147149","0.00119513310304115","0.000879427852990307","0.000785676437543946","0.00100737463221552","0.00115183786217224","0.0019578039432846","0.00174190625533737","0.00137756471311476","0.00111592647187117","0.000929718570924975","0.000739059728899477","0.00102042398997054","0.000686450196296084","0.000735019101973166","0.000943167080060283","0.000837837318545931","0.000713282316805002","0.000699626874938389","0.000367601005379535","0.000328039657152224","0.000405087876089489","0.000442799930289007","0.000609928317771465","0.000591418513901781","0.000531538391024334","0.00309655544808616","0.00591842416746804","0.0223049536247879","0.00620565405884442","0.0331880645125181","0.135045943981692","0.126382842852075","0.101048662950331","0.0894269191702529","0.0303414546981173","0.0257284513975441","0.000489915285010207","0.000214885573385602","0.000193451362142595","0.00027949209283938","0.000205784039531388","","","","",
"Solomon Islands","SLB","Adjusted savings: natural resources depletion (% of GNI)","NY.ADJ.DRES.GN.ZS","","","","","","","","","","","","","","","","","","","","","0.0390920456273866","0.0335192007853946","0.0206045805008827","0.0438494764037628","0.0518400990167432","0.373187188468472","0.0837864580785747","0.0806799328724385","0.0412952284291311","0.00988553938996493","0.00706318941437695","0.00992446176207125","0.0052690811924879","0.00253783893310559","0","0.0133633348858482","0.00938094842611151","0.00733431675919854","0.535280933606964","0.939243024804022","0.128235262442248","0.0964897218496689","0.0728508267926347","0.0555414950071019","0.00555440419518751","1.75292316479178","0.00929958410095294","0","0","0.167213456975276","0.208357457317841","3.33021383950758","3.42020428303802","1.58545830735699","0.944797632312771","0.0136176901239342","0.0111878517935585","0.0923814148165779","0.17747902706584","0","0","0","","","","",
"Sierra Leone","SLE","Adjusted savings: natural resources depletion (% of GNI)","NY.ADJ.DRES.GN.ZS","","","","","","","","","","","","","","","","","","","","","9.22152546198708","7.8072212372387","9.11267184581698","8.06949509331164","6.72157363485654","6.46638457835195","18.1103924090348","11.5127770439964","8.34682752715607","9.64461563935774","17.2100135709603","13.2895470484397","15.9296368371838","10.3975569071482","11.0511872789962","16.3619004076008","14.6138654926333","15.9710298467752","22.200981108773","13.4910978033466","14.3210971930834","7.99892754762158","8.36869047916451","12.7688004343858","11.1326979795746","10.0634035603379","8.55163231643789","10.2593971560435","9.6353769691805","9.88601193725462","8.58482959421941","8.91307917435884","7.63279380233245","6.25042177379538","7.02280060170653","8.89947201360149","12.3309116551994","10.8811305251805","7.57811867040795","6.75480310176431","7.48656220838453","8.14750253502331","","","","",
"El Salvador","SLV","Adjusted savings: natural resources depletion (% of GNI)","NY.ADJ.DRES.GN.ZS","","","","","","","","","","","","0.565296181860746","0.603540044574121","0.916116073399608","0.874055441636944","1.08698816226733","0.723647567124166","0.989092172168246","0.962096956369508","1.01293549483425","1.21436666471094","1.18009494820794","2.49636096584538","0.863946215208516","0.494457809977701","0.308811889869809","0.318691861772188","0.313870138676927","0.324306213093045","0.342682231606164","0.858188721737011","1.13232849787799","0.795889056157664","0.569515948389488","0.574290604718792","0.787697858193585","0.516085103872402","0.833260981533269","0.663706799198265","0.569334333696182","0.507987134473184","0.496528006137486","0.47736209582486","0.472390871950395","0.459435389789216","0.511980916750182","0.994652691861688","0.944056255005637","1.0562943412986","0.704974928641454","1.05965719467042","0.858470796547703","0.803679749083649","0.983141707828597","1.10569200116449","0.892310490073841","1.07763525247694","0.940379867713477","0.7033559290927","0.591845450093168","0.807389273863455","0.567305532556354","","","","",
"San Marino","SMR","Adjusted savings: natural resources depletion (% of GNI)","NY.ADJ.DRES.GN.ZS","","","","","","","","","","","","","","","","","","","","","","","","","","","","","","","","","","","","","","","","","","","","","","","","","","","","","","","","","","","","","","","","","","",
"Somalia, Fed. Rep.","SOM","Adjusted savings: natural resources depletion (% of GNI)","NY.ADJ.DRES.GN.ZS","","","","","","","","","","","","","","","","","","","","","15.3597659557602","12.0867583079485","16.2192579348422","11.4465552216447","10.4174589702477","6.70697958344789","10.4325435115054","9.17575482987565","10.0777931731455","9.92870441603954","14.8125390264749","","","","","","","","","","","","","","","","","","","","","","","17.9381786112911","18.4044497444262","18.9802003702649","19.6531270823113","18.8064438463011","11.8044951295007","10.7897942800483","11.5189341632984","11.2979192936073","","","","",
"Serbia","SRB","Adjusted savings: natural resources depletion (% of GNI)","NY.ADJ.DRES.GN.ZS","","","","","","","","","","","","","","","","","","","","","","","","","","","","","","","","","","","","","","","","","","","","","","","0.601004031440367","0.516364549068498","0.7039812566162","0.414433635704132","0.872516807170135","1.2686316271349","1.27965988378128","1.05136494979398","0.956035933028217","0.50847668225283","0.388347211153512","0.495790252173561","0.584568883068158","0.474261968149859","0.266130028945521","0.637500290915707","","","","",
"Sub-Saharan Africa (excluding high income)","SSA","Adjusted savings: natural resources depletion (% of GNI)","NY.ADJ.DRES.GN.ZS","","","","","","","","","","","","","","","","","","","","","7.38583892114406","5.82005702534077","5.77131663406617","5.26283410749786","4.14845174169267","6.0254793540323","4.52974676877781","4.57913051455737","4.46513375541659","5.30178009798562","5.87447840090284","4.54095136712589","4.65571604935499","4.40643001949082","5.25562207503211","5.66825334860327","5.93607470358528","5.33024835123485","4.56355517865693","3.92632445392593","5.64037522803049","5.21062509439448","5.64184788786145","5.09974094719961","5.573323080878","7.60130777206134","8.48587839054923","9.94654743720923","11.739181186502","6.60523855648169","8.2295378299031","10.00521515966","8.7413712851643","7.40624811832651","5.99694388748917","3.80294474625871","4.05225356529084","4.96543422330293","5.26281295065386","4.4500364487746","3.56080692009606","6.21334106662815","","","","",
"South Sudan","SSD","Adjusted savings: natural resources depletion (% of GNI)","NY.ADJ.DRES.GN.ZS","","","","","","","","","","","","","","","","","","","","","","","","","","","","","","","","","","","","","","","","","","","","","","","","","","","","52.4180032815847","2.30146568630041","5.49953013498718","16.8818931318415","8.47637799072079","","","","","","","","","","",
"Sub-Saharan Africa","SSF","Adjusted savings: natural resources depletion (% of GNI)","NY.ADJ.DRES.GN.ZS","","","","","","","","","","","","","","","","","","","","","7.38583892114406","6.14494928000791","6.38032244688027","5.54470369200094","4.49511823083621","6.08177268938891","4.892649899724","4.84555645397545","4.76216933040827","5.55651993183193","6.15486197310868","4.86755686993032","5.05051652584723","4.73366077928932","5.71569527062423","6.32313718841554","6.55700267243139","5.90966858462316","5.2453278306262","4.31947700617228","5.96066161148914","5.56117740762656","6.07724334134972","5.74987110628803","6.01371854656153","7.92683812327748","8.71191324184151","10.2470292557161","11.8949417387139","6.88440320655291","8.394249707652","10.1482093124392","8.89730037997788","7.58089504110836","6.21602731327453","4.11832729888094","4.37782413608786","5.19278522582648","5.31151313268312","4.49575169162632","3.66075802672612","6.18958058670617","","","","",
"Small states","SST","Adjusted savings: natural resources depletion (% of GNI)","NY.ADJ.DRES.GN.ZS","","","","","","","","","","","","","","","","","","","","","13.1728147772432","11.8648596295282","5.34505031153449","6.00477876923159","6.18643340991982","6.17658658135351","2.85702396182538","3.5913348461597","2.65986440856271","7.16544680221709","8.42999671266551","5.19862205612816","5.12987390186857","5.14862752454731","4.88767953894286","4.75716566210758","5.11629405965144","4.70420928709732","2.51545381527963","3.54632531653116","4.65938124186483","3.39193182037423","3.34631826518296","3.47578113731123","3.7716943134058","5.25995405028534","6.03416919891348","5.28865610180307","5.31217673190875","4.00344512346589","4.62129230940054","6.04981280876025","5.59840077729985","4.82317956061748","4.07353392994039","3.02221765913581","2.33542667070158","2.51278105290655","3.09106904244858","2.95277917756922","2.20047783743169","4.06443480568836","","","","",
"Sao Tome and Principe","STP","Adjusted savings: natural resources depletion (% of GNI)","NY.ADJ.DRES.GN.ZS","","","","","","","","","","","","","","","","","","","","","","","","","","","","","","","","","","","","","","","","","","3.10735226181982","3.33521038301226","4.10762112621826","3.14343049723123","2.80542174465233","2.62902568027633","3.5159829479158","3.51969048919412","3.51450810968859","3.96251804877902","3.80904084950792","3.89024970720074","3.31051079700476","2.99794941055052","3.42403194964997","3.26630101820011","3.16165686104133","2.33637167807643","2.05385677213453","1.95951557153926","1.86421938591053","","","","",
"Suriname","SUR","Adjusted savings: natural resources depletion (% of GNI)","NY.ADJ.DRES.GN.ZS","","","","","","","","","","","","","","","","","","","","","3.85117073545131","2.88914928593084","2.71294080006428","2.48880601519785","2.38785105279239","2.8754896871132","2.50659868069489","1.82615341428081","2.00262215884256","5.21174512960356","8.1550848417786","5.51978606505403","6.92057425343816","5.46701011118645","4.32069178196125","4.22331893698008","4.87185107799905","4.36282218162672","2.36429673856148","4.28190191684005","7.04057676081847","7.19026881140643","4.76227057796575","4.48581217709227","4.93576557276102","8.87766040844054","8.36107900203338","9.02901286735883","10.9008542528285","7.74200969335181","16.3976330815285","26.0382810078431","23.5693346194639","16.6824571035354","10.7363161299446","4.15277940480242","12.7424732725857","17.8392441495844","8.12049719722002","6.33959759381016","4.80244795585523","9.60513004268689","","","","",
"Slovak Republic","SVK","Adjusted savings: natural resources depletion (% of GNI)","NY.ADJ.DRES.GN.ZS","","","","","","","","","","","","","","","","","","","","","","","","","","","","","","","","","","","","0.0406692782313997","0.0380480352307939","0.0272461095874266","0.0093095287192576","0.0100364180887815","0.0272922865536534","0.0337775873168108","0.0191766069440013","0.0168766955293759","0.031705363348451","0.0205822491682995","0.0248395688577589","0.0226221617177551","0.0410293258523693","0.0152813660753904","0.0321722518995709","0.0380879194857856","0.0309477607679684","0.0187043848731649","0.0146773056263265","0.0130100382101984","0.0121063013208972","0.0132106777240566","0.0120476347703202","0.00948771266653098","0.00778039222773137","0.0124118152249921","","","","",
"Slovenia","SVN","Adjusted savings: natural resources depletion (% of GNI)","NY.ADJ.DRES.GN.ZS","","","","","","","","","","","","","","","","","","","","","","","","","","","","","","","","","","","","0.177567057682355","0.184236771770855","0.179495369417206","0.130019976804267","0.13014517045542","0.153735245624197","0.157205443732769","0.119269616295026","0.126611595600489","0.133570806324468","0.119059908529291","0.144277773355155","0.140178516737993","0.18078687209894","0.1243543849349","0.147993141948206","0.188644338760518","0.16809217522008","0.157268996972867","0.230327538368479","0.240998263099273","0.235164846792788","0.233472819256906","0.227195828420356","0.20558853500864","0.184391195535805","0.156536774926234","","","","",
"Sweden","SWE","Adjusted savings: natural resources depletion (% of GNI)","NY.ADJ.DRES.GN.ZS","","","","","","","","","","","0.0596301006090602","0.0413940030904918","0.0368949684814174","0.133242646408451","0.169100837848562","0.0307571704309213","0.0501648759687107","0.0476552081628452","0.0318657095830327","0.0675247012823354","0.0559182962830098","0.0329458149587959","0.0291587155658727","0.034312066485612","0.024859630409953","0.026302806572164","0.0120994375644799","0.0219983767840175","0.152694000812063","0.156956965752443","0.0592679541877932","0.0218164622876552","0.0184836962080569","0.0271705272943115","0.0410745354628157","0.0467504835242169","0.0108698000255729","0.0426293929525976","0.0220053631556662","0.0175263317087735","0.0276363113601239","0.0201557222599721","0.00885062525518542","0.0086158332977484","0.0332647448147187","0.0676852779353747","0.150413587082156","0.172068862413545","0.131166657282545","0.0760375027368991","0.369839374537089","0.463777079486903","0.143863603201331","0.0949330670635121","0.0734051862045647","0.0702080707744759","0.0813363489466276","0.135653655785586","0.165515768884424","0.119056044921906","0.117260007673305","0.576044787987825","","","","",
"Eswatini","SWZ","Adjusted savings: natural resources depletion (% of GNI)","NY.ADJ.DRES.GN.ZS","","","","","","","","","","","","","","","","","","","","","","","","","","","","","","","3.61758352701041","3.12216670751521","2.90156991607792","2.91950439936797","2.87606915949203","2.75338439481361","2.93790545125769","2.54155996308371","2.82073733541128","2.19682023014578","2.0483897477994","2.23734463038435","3.17220484727133","2.04667422070122","1.35160888094361","1.21683098972537","1.24518635935095","1.61125105622995","1.98666697217838","1.94270348282459","1.83623139337577","2.06389279234973","2.37392652658865","2.49171689097345","2.41745729861194","2.81300539224394","4.00034038670811","3.56098312984539","2.78030911370642","3.06751467510345","3.03174664676448","2.58073074423163","","","","",
"Sint Maarten (Dutch part)","SXM","Adjusted savings: natural resources depletion (% of GNI)","NY.ADJ.DRES.GN.ZS","","","","","","","","","","","","","","","","","","","","","","","","","","","","","","","","","","","","","","","","","","","","","","","","","","","","","","","","","","","","","","","","","","",
"Seychelles","SYC","Adjusted savings: natural resources depletion (% of GNI)","NY.ADJ.DRES.GN.ZS","","","","","","","","","","","","","","","","","","","","","","","","","","","","","","","0.128716821489667","0.114826115863594","0.111910217069325","0.103948587699395","0.102811246147304","0.123860877403917","0.11484891512383","0.0906021393464102","0.0850864784666197","0.0775303100290236","0.112634424544517","0.103774018067802","0.116161147687689","0.126066437415685","0.0648437310350204","0.0899893138302355","0.101771336535638","0.11676329827503","0.194250422029005","0.172208063519805","0.155648310396025","0.160949981516252","0.175226751282858","0.145952821905151","0.132148372617589","0.108130851354403","0.108798583232287","0.127793285235047","0.13130784315394","0.104173119691914","0.138917893850048","0.127901944467986","","","","",
"Syrian Arab Republic","SYR","Adjusted savings: natural resources depletion (% of GNI)","NY.ADJ.DRES.GN.ZS","","","","","","","","","","","","","","","","","","","","","","","","","","","","","","","","","","","","","","","","","5.71117403174795","4.61082173703766","4.96162661200696","5.19569049406478","3.68900717310964","4.23552335864389","3.97370999356611","3.6474300559625","4.28493960016347","2.39018604270653","3.18349891145297","15.1673691189049","7.8146504818819","2.68424451089962","1.24897228661275","0.840313941981677","0.663667224528957","0.625007892454061","0.705258144072928","0.768372739870373","1.39898346665844","","","","","",
"Turks and Caicos Islands","TCA","Adjusted savings: natural resources depletion (% of GNI)","NY.ADJ.DRES.GN.ZS","","","","","","","","","","","","","","","","","","","","","","","","","","","","","","","","","","","","","","","","","","","","","","","","","","","","","","","0.00595965639644612","0.00414383081762078","0.00518794876681816","0.00456161764879091","0.00285462073100293","0.00243598864531384","0.00430582536414074","0.00323322400673653","","","","",
"Chad","TCD","Adjusted savings: natural resources depletion (% of GNI)","NY.ADJ.DRES.GN.ZS","","","","","","","","","","","","","","","","","","","","","9.25852927024019","9.6298078131633","13.5785113108035","9.35219629367449","7.7693129566995","5.33397506288529","8.04981206803372","7.41942446945225","6.17631236088371","6.62489077948051","7.07653876232774","6.45580077456519","6.74897268827207","8.19686644859348","11.5266229593169","13.4084869309565","12.0559412290637","11.8668041006079","10.9849455073147","8.99472913223657","10.136722114574","7.31117600446583","6.96910748652181","9.49015372798062","31.2527871090046","28.0408569877519","25.8562276007032","24.0383474138923","24.5087239640971","12.8383546037082","15.4237448558378","17.3480517299504","14.9017400569737","12.1544853527207","9.9129269048284","9.09258925137666","9.93192381194913","11.3538334802234","13.1987586936116","12.7559300075348","10.0655903105299","13.5399233993788","","","","",
"East Asia & Pacific (IDA & IBRD countries)","TEA","Adjusted savings: natural resources depletion (% of GNI)","NY.ADJ.DRES.GN.ZS","","","","","","","","","","","0.773006913885709","0.849369735889327","1.19627854200206","1.9790496602025","4.20742965174368","5.00186068410899","6.09458395079246","6.52252312588682","6.95859525812042","12.5007483733634","12.7941951221969","10.6562675679463","8.50966138794097","7.94878326165481","6.91069095427781","6.52177495377867","4.16967910079205","5.50193715806344","4.77946008484576","5.67573839885506","6.48696148313471","4.36574929415277","4.15481301531633","3.55622423910269","2.82680543622104","2.69959509037416","2.5830098467956","2.16695490654248","1.49939256557979","1.83055332193555","2.93027303016284","2.38828582629878","1.99580193810194","2.15891471309346","3.42142371026444","3.96225145052472","4.12008307168029","4.31874627878324","5.73718937551483","2.5820242405759","3.92684325746217","4.85815097088446","2.70030569453125","2.08756505149417","1.71834100405598","0.94055791250248","0.796167485571058","0.938756969235846","1.09717464378717","0.938402090266079","0.624746396742338","1.28057461956772","","","","",
"Europe & Central Asia (IDA & IBRD countries)","TEC","Adjusted savings: natural resources depletion (% of GNI)","NY.ADJ.DRES.GN.ZS","","","","","","","","","","","0.134572215421329","0.113497305328525","0.103714123436495","0.198917611851878","0.414449100137699","0.284893970480091","0.243326592021427","0.223186779107349","0.199280324531785","0.336613389920356","0.475585946740899","0.435930037184542","0.379113872268153","0.364343215486084","0.48724941329049","0.491913069807381","0.21917000091453","0.255438388383009","","","","","2.05556830336368","1.87847534676501","1.72090432954182","1.85578170304777","2.07868045240386","1.71858811247443","0.557619159133811","1.57389062352497","3.73361526062354","3.87274974279545","3.5923315970978","3.77231248817127","4.14059913106842","4.70030267371411","5.30047768358262","4.54437049075939","5.53622625670196","3.9627286413767","4.17462880291303","5.568783961309","4.92145580748272","4.41860050210535","4.11457834718405","2.57125608679775","2.14108434260809","2.78388768988329","4.35267057409821","3.67961245661558","2.0933337588963","6.27312522758743","","","","",
"Togo","TGO","Adjusted savings: natural resources depletion (% of GNI)","NY.ADJ.DRES.GN.ZS","","","","","","","","","","","","3.37613593092001","3.34846136252646","4.72129680176197","12.5792347798755","9.5604232938694","7.0140915726791","14.2940501110014","6.82870995399234","6.34972096219351","6.67300351028653","7.50912366329975","10.6551883394971","8.04915437498383","7.12269049863503","5.66390586553442","5.41432510600174","4.34854043385232","4.35879366810117","4.57090715401542","4.76923837657149","4.96651564800508","4.95769831867256","5.98120566377563","9.35880230610247","10.4878368556881","9.22184581549091","8.82921146727936","8.56781011261165","5.70058564861804","5.98046806355027","5.77939463468221","6.12601037266758","8.59267527621538","5.90003958029491","6.4783316392621","7.35923051894714","8.86987415392841","9.93928012314026","9.83897156107918","8.27207193290761","11.8525839145063","15.4238760149932","11.2622242746911","9.39461273339745","8.34558984185063","6.42359958683927","5.9809767071724","3.9516584604991","3.84189970664414","4.30210863194538","6.74823862834166","","","","",
"Thailand","THA","Adjusted savings: natural resources depletion (% of GNI)","NY.ADJ.DRES.GN.ZS","","","","","","","","","","","","0.00184043696408287","0.00287323326671926","0.00553028487287102","0.156196331151846","0.0219644070761206","0.015676599419828","0.0273041712895088","0.0308414001301102","0.0559666588782927","0.0543071157172305","0.0480505750249895","0.077900586068269","0.161791187492647","0.305250325241259","0.497657708823732","0.274413907310693","0.312712527362481","0.460282897042631","0.551703015221004","0.552859028879267","0.336351705623054","0.368677183631605","0.361463517222506","0.361772678229867","0.337961022898135","0.446773370580649","0.647293850031645","0.524388335667359","0.683802809478122","1.32467245135839","1.14537480434135","0.99607260152508","1.27818569465393","1.55099165599816","2.09609652013885","2.09685407795357","1.87385677568913","2.52188149221477","1.56648835368467","1.96090523561916","2.28547558050081","2.25201168019925","2.0761317035499","2.13126203212952","1.39781065741987","1.04344090116435","1.0584987577388","1.3751946382943","1.14261232362985","0.688355229537307","1.38139891324547","","","","",
"Tajikistan","TJK","Adjusted savings: natural resources depletion (% of GNI)","NY.ADJ.DRES.GN.ZS","","","","","","","","","","","","","","","","","","","","","","","","","","","","","","","","","","","","","","","","","","","","","0.321687933220317","0.242621386831672","0.332358061497859","0.289194519926998","0.257021331727453","0.287212343963423","0.656073505522625","0.89477775307472","0.754847968664969","0.553064226008584","1.12991389380307","1.31978671144192","2.17741129573489","2.18522266774601","2.75394153567194","3.27378998109743","3.13852473207812","5.37468666904137","","","","",
"Turkmenistan","TKM","Adjusted savings: natural resources depletion (% of GNI)","NY.ADJ.DRES.GN.ZS","","","","","","","","","","","","","","","","","","","","","","","","","","","","","","","","","","","","","","","4.51923909653735","14.1580751905613","41.3847188875371","45.4862420988663","33.7090410470433","32.4395372624054","30.8556322450483","34.0956108390137","35.9710318037068","25.1093731495252","29.5008654500533","10.7486827779573","10.5382069447039","15.6300021742501","","","","","","","9.25218078673845","6.2023722940574","","","","","","",
"Latin America & the Caribbean (IDA & IBRD countries)","TLA","Adjusted savings: natural resources depletion (% of GNI)","NY.ADJ.DRES.GN.ZS","","","","","","","","","","","0.979804770002097","0.94004117896682","0.911232386654151","1.35140689812004","3.59158952261492","2.59902131885768","2.57081800262644","2.01471387428546","1.96239381751333","4.55995039303528","5.04004187445994","3.76531629000525","2.6246801257603","3.86983007002632","4.31295720136682","3.77910754619816","1.78113268140593","2.62742014965287","2.1523717619036","2.75713248996374","3.2525420247655","1.77569412627148","1.67581019234441","1.35249123494229","1.26446184495298","1.48857642509397","1.73118526046469","1.41824974561414","0.830659636669366","1.52331545168758","2.40972127655646","1.8845465836638","2.2297596501399","2.5719329267477","3.26059820538131","4.16133742885211","4.73329432223215","4.25341620210244","4.37086842254013","2.37568345451035","2.83616552125066","3.85140973786706","3.5118995845283","3.11327445872084","2.76393506962992","1.43707259499517","1.28476301809376","1.59869486724089","2.26284627665683","1.78509988636115","1.3489308571208","3.67857137330662","","","","",
"Timor-Leste","TLS","Adjusted savings: natural resources depletion (% of GNI)","NY.ADJ.DRES.GN.ZS","","","","","","","","","","","","","","","","","","","","","","","","","","","","","","","","","","","","","","","","","","","","0.385298325751865","","","","","","","","","","","","38.6034519182177","28.3456284081034","27.3497595047253","37.648018107679","28.4960182101684","27.3692958226688","57.3020152124074","","","","",
"Middle East, North Africa, Afghanistan & Pakistan (IDA & IBRD)","TMN","Adjusted savings: natural resources depletion (% of GNI)","NY.ADJ.DRES.GN.ZS","","","","","","","","","","","3.25521140588051","3.73467899095127","4.81686437356276","6.93401552703237","19.9845235934947","15.0769732518553","15.009304574049","14.1831712197593","14.1210596809905","16.2741432038403","16.6722981990856","10.3165165916972","8.12702063913839","7.29505865098524","7.07720875196115","6.85184596783645","2.7282773926582","4.9043043161107","4.22537028235847","6.31982813798694","5.82720637804357","","","6.33439053155789","6.73479122464711","5.58179547675753","5.75409981852049","5.02038320623089","3.44137235278264","4.79450867603439","6.91486375281484","5.67805488199094","5.66451711151717","6.15938926118072","7.46259655049063","9.49061656105309","9.80988972440343","8.82248612100775","10.0191559526338","6.05222351102911","6.76678597348406","7.60060622010802","6.73415188279475","6.10569537780924","5.74696041571902","3.41316463254197","3.08062863797003","4.23055755831767","6.0877154075669","5.06082482615682","3.11168515988318","5.32710043912095","","","","",
"Tonga","TON","Adjusted savings: natural resources depletion (% of GNI)","NY.ADJ.DRES.GN.ZS","","","","","","","","","","","","","","","","","","","","","","0.023366050676541","0.384910080895437","0.155188331012251","0.106176329205005","0.192140947650527","0.19193639945561","0.175149378361686","0.127892413176561","0.145088602106998","0.0770857660248755","0.0697200245166006","0.0730699113260458","0.0777013961981823","0.0558725741718746","0.0651582610536241","0.0621659157571725","0.047627703491605","0.0526262668829405","0.0284948262836175","0.0276501543285543","0.0333593074355793","0.035011180779074","0.0414945004545228","0.0310914487158912","0.0240741803249473","0.0359248285086019","0.0474188587428392","0.0547088349088499","0.0532706201437212","0.0469793392583834","0.0464942849596945","0.0387281050810102","0.03913742572801","0.0517796002465542","0.0417080636546125","0.0451458391469377","0.0520266286219562","0.0376463569316408","0.0328996985554758","0.0359778556090824","0.0385988144044086","","","","",
"South Asia (IDA & IBRD)","TSA","Adjusted savings: natural resources depletion (% of GNI)","NY.ADJ.DRES.GN.ZS","","","","","","","","","","","0.53982710025948","0.503475985933475","0.48720161239114","0.612772301166256","0.803832586855165","1.4552742478796","1.30286116162131","2.48129201218567","2.19534064999677","1.71273904054741","1.36368820628658","1.75096243334008","2.00631344796804","1.87867579673173","1.78986936986572","1.88506618138622","1.30529422541117","1.27920303192006","1.15521782452543","1.56604700598351","1.82413316248449","1.54785545662922","1.39821109628261","1.28874262059452","1.07142690702951","1.23809836995267","1.19294650273388","1.09001449487689","0.914063970943248","1.05660984777615","1.35668156384526","1.14017291025655","1.23030309950697","1.16102028471579","1.3758369090493","1.6911067369114","1.93318720225244","2.21993594838592","2.98000663443499","1.47767443590375","2.07597237343584","2.34932695025443","1.80612611702263","1.65967532351877","1.3025283721917","0.854147201292777","0.804864209969609","0.818374222325604","0.939129164289448","0.7966537456209","0.826805024189232","1.44299323108657","","","","",
"Sub-Saharan Africa (IDA & IBRD countries)","TSS","Adjusted savings: natural resources depletion (% of GNI)","NY.ADJ.DRES.GN.ZS","","","","","","","","","","","","","","","","","","","","","7.38583892114406","6.14494928000791","6.38032244688027","5.54470369200094","4.49511823083621","6.08177268938891","4.892649899724","4.84555645397545","4.76216933040827","5.55651993183193","6.15486197310868","4.86755686993032","5.05051652584723","4.73366077928932","5.71569527062423","6.32313718841553","6.55700267243139","5.90966858462317","5.2453278306262","4.31947700617228","5.96066161148913","5.56117740762656","6.07724334134972","5.74987110628803","6.01371854656153","7.92683812327748","8.71191324184151","10.2470292557161","11.8949417387139","6.88440320655291","8.394249707652","10.1482093124392","8.89730037997788","7.58089504110836","6.21602731327454","4.11832729888094","4.37782413608786","5.19278522582648","5.31151313268312","4.49575169162632","3.66075802672612","6.18958058670617","","","","",
"Trinidad and Tobago","TTO","Adjusted savings: natural resources depletion (% of GNI)","NY.ADJ.DRES.GN.ZS","","","","","","","","","","","2.35955697098701","3.18566608277321","3.39319633434421","6.112868493256","26.858585089154","22.8179440792427","23.8006466839706","17.6850917763035","16.563979419805","32.1464287592312","29.036274224393","25.0318221557141","8.78630337849778","11.2617495935736","12.5096691061255","13.4813362042671","8.65807902631993","12.9716957793874","10.0474631651791","15.6444030851995","17.9368129050595","10.110445765828","9.46129972730955","10.4402625795695","9.87631675458321","10.4766054873664","11.7056277734578","10.0522675997103","4.99656487484562","7.9368587008798","10.097532754071","6.65827504933928","8.07599390929261","8.1120378691192","8.06132609704223","12.5511479196234","14.5068498012794","12.4402301542185","11.8450280848451","12.9263281564835","10.6758842640035","18.1891718453263","15.9062501337793","15.669286808409","12.7372899501297","6.02600257614988","3.56999032135559","4.93261090327066","9.85031281990539","9.81762974305482","5.222089015802","6.36200439683413","","","","",
"Tunisia","TUN","Adjusted savings: natural resources depletion (% of GNI)","NY.ADJ.DRES.GN.ZS","","","","","","","","","","","0.860213038424767","0.893090221626405","0.786856465748032","1.03145828753124","4.63999494470943","4.5459104257677","2.53254460046467","3.97371586237922","3.21952963768068","7.46665612275391","7.55871827613205","6.09159509657014","4.98010585695009","5.15931946886984","6.12536550336322","5.72391934293731","2.78804386414913","3.25024838707639","2.61684069700756","3.54458025786668","3.24783435616316","3.95032519330269","3.54557479113539","3.17310783869283","2.54312593543823","2.31110067472682","2.63857295474726","2.15601927529601","1.51035178863048","1.95141641452189","2.88609127010924","2.06625330871521","2.04528023497683","1.61630119156745","1.940147828816","3.0187779720616","3.25950280642248","4.8873057533145","7.79400269183293","5.71187280660691","4.67728002133774","4.66975053599101","4.92342604834845","4.01380413604213","3.32476868948271","1.88599038601553","1.50968947943819","1.61470899189641","1.7845761583971","1.41580654834161","0.92589081537846","1.3831470061361","","","","",
"Turkiye","TUR","Adjusted savings: natural resources depletion (% of GNI)","NY.ADJ.DRES.GN.ZS","","","","","","","","","","","0.134572215421329","0.113497305328525","0.103714123436495","0.198917611851878","0.414449100137699","0.284893970480091","0.243326592021427","0.223186779107349","0.199280324531785","0.336613389920356","0.451470972262201","0.392182336209251","0.30258803679973","0.342541663961477","0.329964759952013","0.320663142318435","0.136734408933586","0.189783312160448","0.195257807872801","0.27972677722563","0.277505234732285","0.155608876482625","0.155017969271201","0.116738966068752","0.146757574175565","0.120823113767059","0.137974514441694","0.102857076129767","0.0252357881495925","0.0590931228625795","0.110208859690108","0.10713196706678","0.0872991144003452","0.0770329496206966","0.090709520367853","0.104366146835156","0.155209955712829","0.159575339505755","0.211901558349685","0.156475678717103","0.33768816842234","0.418855825576037","0.267474095758293","0.214311807800166","0.171847425647182","0.0978441139403886","0.081775504374421","0.09111466135248","0.157524196186398","0.170580829418903","0.155812831312569","","","","","",
"Tuvalu","TUV","Adjusted savings: natural resources depletion (% of GNI)","NY.ADJ.DRES.GN.ZS","","","","","","","","","","","","","","","","","","","","","","","","","","","","","","","","","","","","","","","","","","","","","","","","","","","","","","","","","","","","","","","","","","",
"Tanzania","TZA","Adjusted savings: natural resources depletion (% of GNI)","NY.ADJ.DRES.GN.ZS","","","","","","","","","","","","","","","","","","","","","","","","","","","","","0.0014886554365746","0.001273055337721","0.0169608335359471","0.0668978708624016","0.0418389997637116","0.0321056326331946","0.225420215184757","0.0069581245337725","0.0137968168085535","0.00536602658815893","0.00499513716563987","0.0347058929460016","0.180816576991652","0.480676708113086","0.948653222333931","0.95683909146356","0.679727937055054","0.583079545714367","0.913621622252237","0.810344859313137","0.181515696644088","0.640043366066273","1.31824011795951","2.56222789565455","2.14619926714087","1.60732766626485","1.03746741766907","0.974082774169912","1.22176547450028","1.05576001570159","0.843159763132064","0.977190395868479","1.02973507675651","3.34036855382507","","","","",
"Uganda","UGA","Adjusted savings: natural resources depletion (% of GNI)","NY.ADJ.DRES.GN.ZS","","","","","","","","","","","","","","","","","","","","","44.8931821292799","37.0564909279475","31.5955872308057","20.5038750310109","11.6133760617985","9.0693798971679","12.8823757475693","7.84754200319664","8.22916148444175","10.4602205047597","16.0986913425961","20.9695002431182","26.0279633806247","19.79995191328","19.2988894935281","19.7082961930082","18.7243742296842","16.8945888801281","16.8135106193119","12.4929021347323","12.2620732129307","12.8623782483298","14.5639875909989","21.3277489236503","15.6075106563231","14.3359460100267","13.5649936627288","16.4551901404499","16.7118549200662","9.61709800296334","8.23670211727488","9.29935874403002","10.8876935404457","10.8675946150517","10.545628630659","10.9898300992101","12.9340617847832","12.4110811249889","9.02687136818998","8.17603038916458","8.51651964032318","8.63533350306792","","","","",
"Ukraine","UKR","Adjusted savings: natural resources depletion (% of GNI)","NY.ADJ.DRES.GN.ZS","","","","","","","","","","","","","","","","","","","","","","","","","","","","","","","","","","","","0.89464315134872","1.12605575736456","0.905153171518229","0.266125505131828","0.674036903971216","1.34931282372431","1.47276333485419","1.13859577246494","1.14969707897401","1.00938039846121","1.03039357601682","1.28756966793833","1.18821334176604","1.4477509152271","1.21918307385196","1.87636359717556","2.11658672079074","1.25272515009954","1.23535296147244","1.1152949956599","0.62873374630086","0.580152253168311","0.653951697515659","0.914624742038444","0.533847209975614","0.288413387143308","2.43354207787561","","","","",
"Upper middle income","UMC","Adjusted savings: natural resources depletion (% of GNI)","NY.ADJ.DRES.GN.ZS","","","","","","","","","","","0.841344464866841","0.973265348118126","1.26520989475894","1.85516305926489","4.93644633937072","4.45911869185294","4.97381420119057","4.96879018111548","4.79632812346233","7.32077404752833","8.62910034755368","6.1368209759667","5.17258715370563","5.51065054307944","5.2445729474538","5.19787440196641","2.69848525469547","3.76725012439802","3.2084763271308","4.05053429596515","4.28457133680711","2.76200956733004","2.59880102151238","2.36778497660863","2.04806298326782","2.01470894674505","2.16428014694584","1.80371667056105","1.17673703935768","1.8161877829266","2.94827203869996","2.4648691808113","2.42181848245881","2.58539052645352","3.56787406450891","4.37633433903748","4.68407277415171","4.53063393842983","5.68638461660205","2.89354686670166","3.87806893418391","4.79550235078946","3.4066199630405","2.80770389192543","2.37646162082496","1.25070779068773","1.11308544170869","1.3653400512486","1.78079389318323","1.47141135575453","0.939009330872219","2.0435698701889","","","","",
"Uruguay","URY","Adjusted savings: natural resources depletion (% of GNI)","NY.ADJ.DRES.GN.ZS","","","","","","","","","","","","0.224354925002364","0.342096056316176","0.34936064591564","0.352936588643396","0.601962367659995","0.500535333583121","0.701428305182934","0.627750463506242","0.567100812948119","0.384578575667087","0.340840617698701","0.767821014489615","0.594778335470862","0.443474060659881","0.337086379197794","0.404048903259207","0.419125066968406","0.373166902083619","0.40886619880342","0.629326608781201","0.560919196864554","0.534419882609478","0.449588999166324","0.382605274520531","0.4557006129653","0.386806687910219","0.397734391835529","0.328434807099439","0.298313997817094","0.18897830015051","0.0580990862501737","0.023318830295829","0.0331163914102029","0.0747666324655844","0.0954561548111714","0.123950870258523","0.102920427624075","0.0734586157622301","0.0854289583697605","0.0856959830138704","0.110568436223064","0.110536243465331","0.0820080631486159","0.0703861658179101","0.0317127558426986","0.0282040850314316","0.0216277235204599","0.0141672805716171","0.00582609047274726","0.00340082822054532","0.0192445711283204","","","","",
"United States","USA","Adjusted savings: natural resources depletion (% of GNI)","NY.ADJ.DRES.GN.ZS","","","","","","","","","","","0.356247014140771","0.359926839103879","0.418241945857121","0.509965063571762","2.39663891656231","2.11024930800197","2.00863798818637","2.03315851868813","1.83346423634868","3.75955176311579","4.20648163562863","2.71081401303585","1.31669490808095","1.82336321203949","1.6218110828433","1.43405237107334","0.525068942605937","0.830945879509788","0.588572710187609","0.649536462219432","0.761510761048029","0.538478695086493","0.594673279597839","0.591132242284841","0.495007808546173","0.438389350300214","0.595773337465513","0.484248132344053","0.276276179709136","0.373737767859449","0.754109129936156","0.551203828387585","0.405229958440613","0.703053758290956","0.738164181018757","0.965125573636261","0.640690186340666","0.616185145984191","0.986321952175243","0.311232917042184","0.389242928907631","0.499041174696241","0.301236602660115","0.339759968147249","0.345245229305008","0.0445198508958064","0.108120553787884","0.161534562109183","0.281042680633902","0.303628714693029","0.160766559819045","0.81519312438195","","","","",
"Uzbekistan","UZB","Adjusted savings: natural resources depletion (% of GNI)","NY.ADJ.DRES.GN.ZS","","","","","","","","","","","","","","","","","","","","","","","","","","","","","","","","","","","","","","","1.42795907186771","2.06851902432545","9.83367921342008","17.2758151935207","14.2721684973521","15.3850824112433","12.8323809507445","10.3085139195764","17.0939579207232","14.674892688177","19.5069752793442","12.4962256233057","9.44609386657345","12.2157912874243","11.4204170820215","10.2026494316462","7.1660970165002","4.7590524092482","3.9748906997361","5.85486421893807","10.8837010905329","7.05832164297769","6.32694592227649","13.9810194756618","","","","",
"St. Vincent and the Grenadines","VCT","Adjusted savings: natural resources depletion (% of GNI)","NY.ADJ.DRES.GN.ZS","","","","","","","","","","","","","","","","","","","","","0.116692060304207","0.0846474498755144","0.166219572797825","0.0501637953544592","0.0270689183704875","0.0153871337843152","0.0140312923862413","0.0123464194234559","0.010817598595876","0.00962344631299461","0.0300511403514844","0.0332796228671989","0.0277266928777122","0.0206066030802934","0.0233824822751189","0.0275615071419674","0.0189152614555934","0.0258551993949333","0.0203530262408153","0.0165380761895374","0.0146206145151826","0.0134554059829838","0.011505220212638","0.0119551300027895","0.0116418446026111","0.0108419018119463","0.0139708404534483","0.0129532664345363","0.0134948303844441","0.0125009020888527","0.0284699827153102","0.0248500405663637","0.0237409065778336","0.0306755289385476","0.0403090417860021","0.0298734495735441","0.03884614544813","0.0317851953029821","0.0203758060927085","0.0181998390315678","0.0257837933222823","0.0194318111237814","","","","",
"Venezuela, RB","VEN","Adjusted savings: natural resources depletion (% of GNI)","NY.ADJ.DRES.GN.ZS","","","","","","","","","","","4.52717854579626","6.3256066152497","5.91487732807362","9.08279413926388","27.8154831489816","18.1109241996148","16.2393082771518","11.2115908305469","10.6455554888057","24.919153695593","21.9890336790139","15.4532998035064","7.14832962228134","8.96130023674189","9.55349445119534","4.70719108446287","2.3151300690692","4.61681234561546","2.98091304433441","6.39031187929656","9.29660334625271","5.51207531924166","5.30042047692596","5.42727264211969","5.76323534601693","5.63212258324115","9.16479411684387","7.11568767457495","3.38032826642018","4.65285877976146","7.36426540281193","5.66761846638432","6.72398960736536","7.13403086663555","8.3307955154459","10.2276431613011","9.04218696525897","6.31730113428752","4.08745460614579","1.40297809118386","1.18159993931951","2.36349076013086","1.7488439539274","1.63460760520175","1.02670198225883","","","","","","","","","","","",
"British Virgin Islands","VGB","Adjusted savings: natural resources depletion (% of GNI)","NY.ADJ.DRES.GN.ZS","","","","","","","","","","","","","","","","","","","","","","","","","","","","","","","","","","","","","","","","","","","","","","","","","","","","","","","","","","","","","","","","","","",
"Virgin Islands (U.S.)","VIR","Adjusted savings: natural resources depletion (% of GNI)","NY.ADJ.DRES.GN.ZS","","","","","","","","","","","","","","","","","","","","","","","","","","","","","","","","","","","","","","","","","","","","","","","","","","","","","","","","","","","","","","","","","","",
"Viet Nam","VNM","Adjusted savings: natural resources depletion (% of GNI)","NY.ADJ.DRES.GN.ZS","","","","","","","","","","","","","","","","","","","","","","","","","","","","","","2.35932572962172","5.64546297540722","3.2281658900127","4.52678916770736","3.46954491655634","2.75593850903401","2.66651971935726","2.83701355662483","2.31650220540231","1.26677170361498","2.87244647071265","5.90885741480011","4.57087072173999","3.76063711024843","3.94793969682949","6.52001677321892","6.97466354300629","6.68739499007274","5.01451138214462","5.29188329928001","2.67099209840058","2.50224780693105","3.27525978665883","2.81007147735673","2.05325337284189","1.91292956356816","1.02811893209657","0.715993530958812","0.789160344404495","0.805068098344628","0.534177060281277","0.24608440774523","0.514636617778146","","","","",
"Vanuatu","VUT","Adjusted savings: natural resources depletion (% of GNI)","NY.ADJ.DRES.GN.ZS","","","","","","","","","","","","","","","","","","","","","0.51280341114796","0.500477281113977","0.536337726173352","0.668630527266626","0.368266405559484","0.58122762039046","0.750596398631588","1.31491511807342","1.04644964510697","1.08350547653623","0.913034393690581","0.919899679380456","0.989440654194686","1.11981526509277","1.03608888612505","1.10091722944338","1.03395093497389","0.777069192673511","0.668814355353023","0.846168731191817","0.842791727027027","0.76758243505527","0.835310866956966","0.956172780818689","0.71156986352595","0.608920319674428","0.687011618502467","0.8231911652333","0.979179892510082","0.905637403110802","0.859966127595404","0.865736161499537","0.850201251158127","0.752461258739709","0.972079597321415","0.801201457008039","0.798479361829063","0.900028988414011","0.590815898236136","0.505156809860252","0.573070205071629","0.51766853449576","","","","",
"World","WLD","Adjusted savings: natural resources depletion (% of GNI)","NY.ADJ.DRES.GN.ZS","","","","","","","","","","","0.405172803864604","0.449324086163835","0.515518116493134","0.717620261916917","2.28147410441589","1.91462728273139","2.02686183740757","2.01399222344992","1.72882071556336","3.19763830476166","3.58592519506413","2.7625475002653","1.79006815430786","1.96797775694533","1.88908241413126","1.73689853847549","0.762013527734562","0.94839748297259","0.765750954832811","0.970805025403456","1.11694794297851","0.713587695990152","0.75916020416351","0.761083761747711","0.697499229753483","0.70113028674806","0.852402971743762","0.759309489285501","0.455990913077276","0.629288256192566","1.18058378875257","0.983627320729741","0.895737654287057","1.06822641073165","1.30138474500262","1.71242125652354","1.81071469204335","1.84195436115426","2.49911095123772","1.32593358610471","1.7606219404576","2.3640222365385","1.93370595855059","1.72597841611345","1.51507559833008","0.820518105705973","0.728333093233554","0.905376409614796","1.19846430184463","1.05741404422476","0.698140524618249","1.52506495947352","","","","",
"Samoa","WSM","Adjusted savings: natural resources depletion (% of GNI)","NY.ADJ.DRES.GN.ZS","","","","","","","","","","","","","","","","","","","","","","","3.16550478508712","3.25872254398293","2.45322294467583","2.73593301763471","3.31837679196071","3.46944521278048","2.89944676021357","3.41733595573535","3.05833562856402","3.35041355359722","","","","","","","","","","","0.610777696335902","0.602170307850204","0.433424780907571","0.335775868096314","0.278885760987382","0.353298513111267","0.499949919847563","0.465964020101072","0.422948171779609","0.497824627939591","0.410759227648411","0.367117353550032","0.534355568341546","0.392822323187747","0.435060425204932","0.497023670402458","0.273755791388818","0.241743906595007","0.312625898904942","0.285481445508287","","","","",
"Kosovo","XKX","Adjusted savings: natural resources depletion (% of GNI)","NY.ADJ.DRES.GN.ZS","","","","","","","","","","","","","","","","","","","","","","","","","","","","","","","","","","","","","","","","","","","","","","","","","","","","","","","","","","","","","","","","","","",
"Yemen, Rep.","YEM","Adjusted savings: natural resources depletion (% of GNI)","NY.ADJ.DRES.GN.ZS","","","","","","","","","","","","","","","","","","","","","","","","","","","","","","","11.7669055737747","10.7600559853764","6.01022868334994","9.41192782378543","21.427407192787","24.3291159432971","23.1340715010255","19.4505341798777","14.0676001104021","19.9972801728485","29.1623077309364","23.159906184542","21.8002979520523","22.6800735511291","23.7551054089605","28.4555448380044","26.2683685450654","22.577331932576","22.7693295517007","13.2872494683864","14.9659434710974","15.0340857791847","9.14575347177523","6.1345680205937","4.86738352781376","0.389776738143878","0.0971541692997807","0.278073641041986","0.772103734831574","","","","","","","",
"South Africa","ZAF","Adjusted savings: natural resources depletion (% of GNI)","NY.ADJ.DRES.GN.ZS","","","","","","","","","","","","0.900325691709551","0.908738697591491","1.02886005292595","1.93026723699518","2.00290438726497","2.35819583872417","2.48787209286038","2.12167546659611","3.90164270581942","7.37799241509014","5.88332909781554","5.63156420686446","4.93692868356577","2.729986888037","5.72366221606682","4.35957587704555","3.51535277517047","3.398780162986","3.10870068163849","2.71551709703879","2.61443925085747","2.14515864337721","2.20639877468795","2.41347028293524","1.9013309702982","2.26678330950437","1.77168787765483","1.32810367624826","1.1099745652348","1.9677894043334","2.70502006643212","2.51335484945403","1.44414941970739","2.67611840557045","2.66553092938082","3.02873960919346","3.75902933745121","7.01571833982234","2.69267694029352","4.02016013571674","4.68498366602762","3.80464718620536","3.70364564279396","2.70807834805164","1.26249484458402","1.67131452614256","1.79546169620215","1.94059715513746","2.04971783015156","2.1232302238428","4.39467992212987","","","","",
"Zambia","ZMB","Adjusted savings: natural resources depletion (% of GNI)","NY.ADJ.DRES.GN.ZS","","","","","","","","","","","","13.7436857060728","12.2251993223714","23.5279777177445","19.0419229643371","8.33055819692217","10.4995809287118","9.57031552165934","7.45880163889441","11.5233500791227","11.2833369579678","6.25772558074206","5.35919440070695","6.83149480124445","5.59014536331508","6.23400061592784","8.58445206656811","9.1805307064209","12.5424904113782","14.0404560636733","14.7995637359424","6.05773419886328","6.22519209682246","5.36671068288","5.78541268513641","7.65381507891021","7.7998029595343","6.11652994994759","7.81986793999551","5.42332345947565","9.14717319978519","6.49518874228609","7.48325171357722","10.3996686819644","9.92283426765636","9.69119990892919","11.85752612197","13.5491692305457","9.09891851839421","8.58260808415527","9.9807839971288","7.67071697349842","4.9250517805298","4.42534781863463","2.95862025057224","1.86948796922826","1.92311280716943","3.2782851667184","4.35443279284083","1.32415912996065","5.60129221937084","21.0430774108577","","","","",
"Zimbabwe","ZWE","Adjusted savings: natural resources depletion (% of GNI)","NY.ADJ.DRES.GN.ZS","","","","","","","","","","","","2.21662803695958","1.65269242283364","2.23465365329633","2.37567542293186","2.22802152143556","2.7567131901824","3.66981102937087","3.27084822235531","3.52998171833337","3.65964842298128","2.5508385802574","2.96913307420246","2.21083949471697","2.43624841021935","2.47669506815984","2.782673753106","3.02494687221593","4.20180329373048","3.80254159913208","3.34575208811021","3.9755224967438","4.68304554277776","3.65893911597467","6.04850526207858","7.05883239753702","5.82448434058428","5.70641508152329","7.97571828241349","4.65560544455747","4.84955704024394","4.40858146749476","6.20017010244079","8.06807779290884","9.50946812180848","9.21108007139044","14.1199241635339","22.6474322367726","37.1297643507454","6.18888202597812","5.81851379754134","6.65654130433464","5.36055799933629","4.61436692014756","5.13712472211225","4.58125112349165","4.68316231831534","5.9054310592267","2.78301692777172","4.08844497056945","4.10890175506169","5.0531451571454","","","","",
         