"Data Source","World Development Indicators",

"Last Updated Date","2026-04-08",

"Country Name","Country Code","Indicator Name","Indicator Code","1960","1961","1962","1963","1964","1965","1966","1967","1968","1969","1970","1971","1972","1973","1974","1975","1976","1977","1978","1979","1980","1981","1982","1983","1984","1985","1986","1987","1988","1989","1990","1991","1992","1993","1994","1995","1996","1997","1998","1999","2000","2001","2002","2003","2004","2005","2006","2007","2008","2009","2010","2011","2012","2013","2014","2015","2016","2017","2018","2019","2020","2021","2022","2023","2024","2025",
"Aruba","ABW","Adjusted savings: carbon dioxide damage (current US$)","NY.ADJ.DCO2.CD","","","","","","","","","","","216454.944897696","232581.902380103","289074.939874579","325548.510199501","324439.645609448","427765.731059519","421532.338447074","501957.890712786","556430.552153988","582463.751245952","657486.804059208","746597.981214822","738362.722609689","816434.83212596","1011023.20478738","1041845.18674341","1068568.90738069","1163000.1998591","4543889.53600804","5907818.03890301","6359888.31294846","7947412.99431043","9647262.45758533","9694706.09424431","11095460.7430888","12453698.5070756","8666010.03030078","13769119.7127623","14257780.7459728","15605282.4413729","17509970.2624347","18811785.1769009","19910474.4045944","26899772.823727","29330555.9224292","31850577.1260802","32633312.6490877","35060222.020025","34372896.7037123","38086479.7197249","38077501.1111223","37782573.2761419","50285031.1085457","51354986.4342818","54402785.5372461","55910484.1144797","56691543.5760144","49220611.5809206","52797057.0523503","56566715.1265959","48337273.1371903","57503496.9952118","","","","",
"Africa Eastern and Southern","AFE","Adjusted savings: carbon dioxide damage (current US$)","NY.ADJ.DCO2.CD","","","","","","","","","","","","","","","","","","","","","","","","","","","","","","","","","","","","","","","","","","","","","","","","","","","","","","","","","","","","","","","","","","",
"Afghanistan","AFG","Adjusted savings: carbon dioxide damage (current US$)","NY.ADJ.DCO2.CD","","","","","","","","","","","","","","","","","","","","","","","","","","","","","","","28839885.5976772","28564635.3253318","18620358.1567624","18789511.4906183","18890354.6949554","18956055.1192211","18782416.7802801","18211710.5188014","17803915.8675335","14378316.0810109","14106824.5560747","14166993.8685212","20757344.2134909","25635717.7144967","22724308.3164222","36062680.5529222","43161868.1094046","45583248.7023054","95542351.7235473","134773290.845526","203191308.659984","266367505.599343","251045989.834911","193629055.040256","164313297.803079","206898266.141553","190331244.55207","178853711.533849","237814992.779305","247935835.207471","232300711.904042","182230038.02345","","","","",
"Africa Western and Central","AFW","Adjusted savings: carbon dioxide damage (current US$)","NY.ADJ.DCO2.CD","","","","","","","","","","","","","","","","","","","","","","","","","","","","","","","","","","","","","","","","","","","","","","","","","","","","","","","","","","","","","","","","","","",
"Angola","AGO","Adjusted savings: carbon dioxide damage (current US$)","NY.ADJ.DCO2.CD","","","","","","","","","","","","","","","","","","","","","","","","","","","","","","","79491449.3784717","85437720.9058129","92164074.905414","129984157.849277","165473649.653485","194452436.384268","245763148.379259","267546583.621664","287088143.363978","312595242.205681","300698102.379487","309733181.015888","316196826.25826","352175921.874327","384989522.789785","367839362.718808","406113929.951034","437032603.115439","517431639.44983","584109627.689529","651583909.343055","712003624.290544","741642084.731226","871492378.310749","997664500.375898","1100559706.61678","1068727863.6961","907364500.904434","938722709.740295","1028036555.43113","995004848.521599","1063841255.267","","","","",
"Albania","ALB","Adjusted savings: carbon dioxide damage (current US$)","NY.ADJ.DCO2.CD","","","","","","","","","","","","","","","","","","","","","","","","","","","","","","","72463241.9639117","52005569.2470166","29738989.28634","28885368.4109505","30312429.6267889","29504182.5645941","30879566.570969","24337467.6933073","30643278.2720048","52720492.2970399","58840307.6878379","62684096.1579774","75774384.6725154","85522436.9277438","93765352.4538279","93762977.2035455","98340398.827004","106618443.827746","109497975.845026","116545747.080729","127173174.093082","144667674.423847","135465415.783869","143524715.911265","162293054.31232","160650419.586215","160883763.874984","192323852.103199","200203395.467345","196962184.237353","194423596.138357","222562876.30591","","","","",
"Andorra","AND","Adjusted savings: carbon dioxide damage (current US$)","NY.ADJ.DCO2.CD","","","","","","","","","","","","","","","","","","","","","","","","","","","","","","","4968215.58615448","5251793.93873813","5492335.85918892","5749029.63518918","6003911.1821176","6573470.72682667","7162786.06027632","7781367.22166967","8388383.4375879","9053013.82878463","9652037.85415637","10091557.2762069","10680963.2474394","11136827.325092","12354964.1406347","13494422.4272892","13488084.1496218","13906754.543845","14492380.002835","14361087.505242","14860685.6038691","14615909.9466444","15224324.0810385","15516184.9571421","15488548.4811536","16343224.8667412","16878430.4704293","17586033.581172","19197585.7387736","20389460.3880474","18604717.466461","21479772.0146815","","","","",
"Arab World","ARB","Adjusted savings: carbon dioxide damage (current US$)","NY.ADJ.DCO2.CD","","","","","","","","","","","","","","","","","","","","","","","","","","","","","","","","","","","","","","","","","","","","","","","","","","","","","","","","","","","","","","","","","","",
"United Arab Emirates","ARE","Adjusted savings: carbon dioxide damage (current US$)","NY.ADJ.DCO2.CD","","","","","","","","","","","","","","","","","","","","","","","","","","","","","","","669012640.272168","788537646.021266","799737684.862386","892081135.099355","1036480081.63484","1149134405.89665","1249985754.03","1348328822.41017","1428593056.87084","1520906323.23582","1572725321.88975","1886344937.01406","1998146376.31868","2181557494.16457","2427088617.35293","2709587015.08397","2981111710.47367","3395050748.38747","4188029358.89682","4336496354.11998","4652251920.03048","4939581080.13314","5455589709.4038","5963064004.08625","6221008870.40144","6789045363.51436","7221095401.07975","7372663718.19732","6939339237.00956","7701507002.66275","7397390919.59579","8013108396.62723","","","","",
"Argentina","ARG","Adjusted savings: carbon dioxide damage (current US$)","NY.ADJ.DCO2.CD","","","","","","","","","","","","","","","","","","","","","","","","","","","","","","","1215637530.73907","1356756131.68571","1445823925.07868","1546068311.16088","1638774879.0019","1725765372.91038","1950665403.74858","2088055391.48293","2271197613.6016","2387688019.82318","2455144321.09474","2430900893.11091","2367344968.76467","2682504705.38226","3119187291.23785","3396639415.47338","3798734740.30407","4192886265.48481","4488075091.94876","4324068573.75875","4778853761.47861","5268886273.0743","5529226046.82631","5923626993.64566","6047268154.97273","6452096662.95937","6577560414.07564","6709633358.67709","6930719865.14242","6854936831.35632","6384229885.27047","7518223851.95938","","","","",
"Armenia","ARM","Adjusted savings: carbon dioxide damage (current US$)","NY.ADJ.DCO2.CD","","","","","","","","","","","","","","","","","","","","","","","","","","","","","","","240534339.963821","265023455.103639","146015758.207705","70670998.4423255","40123699.1195176","53657865.7003758","41066640.0789176","55297375.5752696","59403450.0580204","55205633.3480788","66079336.0784552","69864627.2968169","62876614.9218606","73545090.0791773","82954758.6663946","103767459.090151","110111806.239981","133916885.373975","152706740.312335","124554827.521785","124029577.219287","147352233.811208","177720671.131579","177789623.274495","184515748.766137","185686858.518154","182071586.38191","200929784.165657","223710639.116849","251605944.299689","237089788.000442","262474816.623193","","","","",
"American Samoa","ASM","Adjusted savings: carbon dioxide damage (current US$)","NY.ADJ.DCO2.CD","","","","","","","","","","","","","","","","","","","","","2737546.02361453","3601275.83589994","5450034.23318817","3650803.21603328","4413142.59009828","4361063.76647679","4695733.00209165","5108644.43662307","5255597.83202887","6264162.96263411","6997206.51271113","7396596.64809333","7964532.88112503","8109903.26123362","8242615.69821665","8367997.70682933","8736677.67963891","9319072.76753926","9636001.16191215","9991661.57982824","10216697.2148993","10681929.2128472","11284132.2805342","11765739.6444963","12353415.6580346","13763154.2414731","14761757.583066","15501813.7088643","16198867.6785535","16623960.6410547","17202280.2930234","10601833.8163257","11073411.1280732","11489336.3223155","11967518.3556266","12359221.672283","12763960.8551128","13299069.7453002","13925209.8856745","14493956.3887727","14262793.4268797","17645067.4421533","","","","",
"Antigua and Barbuda","ATG","Adjusted savings: carbon dioxide damage (current US$)","NY.ADJ.DCO2.CD","","","","","","","","","","","","","","","","","","","","","","","","","","","","","","","2544695.78803034","2818035.77200582","3884822.92479216","3505505.87511535","3660921.45251073","4127528.13079814","4456844.65972749","4801269.1367749","5478127.95924108","5857832.47744888","6125331.7151377","6792394.32052387","7859576.86523257","8615281.9055557","8824974.48009792","9539160.87263908","10790467.0273511","11846494.355588","12882114.7582486","38388292.6135539","14003339.1436748","16107329.65551","21749033.6078039","15192931.4049219","16161962.9780733","17038681.6188852","17955777.1417439","18708546.4104007","19981159.904361","21205038.0257731","16819312.6466756","18150850.3434313","","","","",
"Australia","AUS","Adjusted savings: carbon dioxide damage (current US$)","NY.ADJ.DCO2.CD","","","","","","","","","","","","","","","","","","","","","","","","","","","","","","","3194562621.89733","3391377959.07392","3595470596.60074","3828713516.80099","4102867890.25783","4436022640.72224","4788083721.75938","5096795530.19364","5625695031.14313","5923688715.30141","6300738941.52573","6707780494.13106","7121381385.54507","7408721963.59212","8070659612.286","8610604983.45238","9208437228.81601","9934315466.89062","10438270536.4879","10916912713.2405","11075212379.1341","11525092340.0804","12023176721.5549","12292697767.5994","12513063572.308","13137170576.1985","13825588932.9012","14561235979.1685","15164917363.0418","15762276197.8049","15908656720.7216","16940636306.1258","","","","",
"Austria","AUT","Adjusted savings: carbon dioxide damage (current US$)","NY.ADJ.DCO2.CD","","","","","","","","","","","","","","","","","","","","","","","","","","","","","","","706092493.183467","799553604.039107","772409964.977641","810472958.32667","853434009.009302","935267300.156409","1033032922.91541","1063232772.28857","1107095422.26288","1119201023.34288","1179219163.2203","1317918566.59079","1397997150.58119","1564619239.98943","1672332706.38807","1773818563.16055","1817212714.98715","1834661341.90356","1898233417.62742","1779117816.78025","1999333825.72228","2036383884.84144","2022970879.42052","2125394132.78146","2089270443.4881","2199033128.99091","2286847787.73184","2464289756.01556","2470611754.05989","2641250561.77553","2505421440.98912","2739901396.5568","","","","",
"Azerbaijan","AZE","Adjusted savings: carbon dioxide damage (current US$)","NY.ADJ.DCO2.CD","","","","","","","","","","","","","","","","","","","","","","","","","","","","","","","648049194.018394","666849737.684651","852115814.641481","673758229.197171","490856348.352639","496373475.58154","432791451.064251","438571101.49368","453486280.125925","463656316.093832","513971015.733827","512340600.176658","527599313.53259","600338057.462261","624587547.73924","698918058.163332","747730315.856642","711562224.272141","817209193.718016","704245663.107867","694737062.201258","813718419.633031","935519180.511131","1000147461.64778","1085545260.80633","1104732474.07372","1157788570.376","1195850252.29644","1282320326.96519","1448059408.31306","1460780505.29823","1677225720.81311","","","","",
"Burundi","BDI","Adjusted savings: carbon dioxide damage (current US$)","NY.ADJ.DCO2.CD","","","","","","","","","","","","","","","","","","","","","","","","","","","","","","","2059991.82840552","2818035.77200582","2411269.40159513","2664184.46508767","2782300.30390816","3057428.24503566","3342633.49479562","3476781.0990439","3766212.97197824","4082731.72670679","4826018.92707819","3881368.1831565","4232079.87360981","3362061.18561446","3309365.51222569","3489937.07374311","4414282.1650616","4635584.84794833","4830793.33427833","4971146.05476758","8573473.11892295","10738219.77034","11495918.1080528","12606900.0970458","12794887.4830747","13909127.7887036","15801083.7991148","19831058.1245131","27033334.4003535","29360824.1254825","32854739.9976851","38476262.5604815","","","","",
"Belgium","BEL","Adjusted savings: carbon dioxide damage (current US$)","NY.ADJ.DCO2.CD","","","","","","","","","","","","","","","","","","","","","","","","","","","","","","","1324574745.66475","1459742529.89902","1504766066.00656","1543965007.63581","1682559499.57393","1751447770.16868","1901321766.44446","1930937998.00709","2044197686.29055","2050418877.18218","2176720152.22484","2296605553.9737","2233933629.42293","2426987972.61285","2515558864.00503","2573479510.11789","2664509693.95303","2693532127.80698","2869759512.12503","2752633880.48819","3049870084.53279","2877842884.22785","2960043420.13127","3122308920.18152","3035082011.54571","3307938171.54991","3383586688.42756","3469312892.01987","3669481460.41284","3792847508.49775","3629737361.53607","4018152979.10146","","","","",
"Benin","BEN","Adjusted savings: carbon dioxide damage (current US$)","NY.ADJ.DCO2.CD","","","","","","","","","","","","","","","","","","","","","","","","","","","","","","","3998807.66690483","3458498.44746169","3750863.51359243","4066386.81513381","4100232.02681202","4586142.36755349","15439783.2854845","20529564.5848306","20714171.3458803","23786350.0599439","26357487.9863501","33767903.1934615","43933022.3573264","51271435.4289933","58465457.1634834","67472116.2967749","85097547.9466239","103012992.527706","107887712.999921","122069250.379077","138032909.549377","138702002.700026","137951017.296634","151282801.16455","174751230.533068","191598240.393222","242043867.651205","257055423.396859","290706295.66116","297686129.443453","324817242.866029","377216303.837324","","","","",
"Burkina Faso","BFA","Adjusted savings: carbon dioxide damage (current US$)","NY.ADJ.DCO2.CD","","","","","","","","","","","","","","","","","","","","","","","","","","","","","","","6058799.49531034","6532719.28964986","6965889.38238594","7431672.45524455","7907590.33742318","8713670.49835163","10027900.4843868","11423709.3254299","13010553.9031976","15798396.6816045","17447914.5825134","18824635.688309","19346651.0223875","21853397.3933777","23386180.7613555","24662219.6764908","30409498.3848254","36312079.0064089","45624158.7349664","47778235.7101581","65444174.4504206","73377833.3194131","91345944.4862312","101178462.035559","107073009.370769","128659431.786431","132872752.561301","159770985.631147","182964745.14254","203894603.880474","222067206.482236","261648962.385778","","","","",
"Bangladesh","BGD","Adjusted savings: carbon dioxide damage (current US$)","NY.ADJ.DCO2.CD","","","","","","","","","","","","","","","","","","","","","","","","","","","","","","","139594740.37195","138724215.503741","158340024.038081","176256835.4008","198275505.867981","253002187.276701","267888198.654334","314069225.946965","329543635.048096","356972760.974233","401858883.735549","500308358.808872","552790265.947719","601598819.212958","673566182.305629","761038893.005731","880404056.46795","978365939.757856","1115913265.01726","1235882095.06184","1445487562.74022","1623260769.4964","1801752167.0002","1958918345.29981","2149204478.21316","2510249885.15522","2671101308.97179","2968672007.3769","3269466204.35554","3700279184.10966","3963991266.37023","4527926058.98953","","","","",
"Bulgaria","BGR","Adjusted savings: carbon dioxide damage (current US$)","NY.ADJ.DCO2.CD","","","","","","","","","","","","","","","","","","","","","","","","","","","","","","","891976461.699589","753568383.941375","741599300.401704","784251774.380807","786658801.715506","838958310.437785","880226820.296179","877307763.992076","864174685.57028","786724652.728891","805945160.822057","896401981.899993","878660389.489014","1007147482.83976","1042891353.74466","1116547195.81024","1200439482.00769","1354620812.44299","1342960518.13561","1185065933.19605","1278590621.62972","1480681115.7341","1398773599.50562","1282024805.80689","1415855304.34971","1549476860.32577","1493561548.12992","1641862072.94253","1602410756.58623","1596086934.28687","1532806854.32171","1701639976.75257","","","","",
"Bahrain","BHR","Adjusted savings: carbon dioxide damage (current US$)","NY.ADJ.DCO2.CD","","","","","","","","","","","","","","","","","","","","","","","","","","","","","","","130143013.159266","132575773.819365","164368197.542068","183267847.151031","195786079.280274","206987892.188914","225229828.3398","238738968.801014","265175631.527013","274253065.989652","294758386.776929","318078122.609675","347030546.633009","376971130.085073","395579481.908718","481378647.002215","551540005.205362","592324707.034308","664502440.608447","682704012.096445","742176940.546846","776134645.10311","844173221.209544","932587399.871005","1019550543.77539","1063352800.94824","1088120067.39134","1141969690.01905","1207097132.34127","1356306836.56685","1322633179.50265","1430601153.46971","","","","",
"Bahamas, The","BHS","Adjusted savings: carbon dioxide damage (current US$)","NY.ADJ.DCO2.CD","","","","","","","","","","","","","","","","","","","","","","","","","","","","","","","23750494.0216165","26130877.1585995","34427568.6783305","29306029.1159644","30312429.6267889","33631710.6953923","32948815.8772711","30959907.8819623","40401193.6994029","41182337.4172163","41392393.1053244","43083186.8330371","48366630.5589642","50010663.6585742","49640480.7108501","49091777.1125283","51499954.2071903","54596883.0924586","59043028.5747439","170399835.102166","59442742.4154763","76658952.7675147","110298670.836417","90834332.9505684","84850306.889218","76847931.2139416","73259569.368398","81195094.2758369","109700485.932589","115812131.504026","90474179.0859685","108833053.572182","","","","",
"Bosnia and Herzegovina","BIH","Adjusted savings: carbon dioxide damage (current US$)","NY.ADJ.DCO2.CD","","","","","","","","","","","","","","","","","","","","","","","","","","","","","","","290458847.805178","274630395.235477","213933179.685968","187895114.906183","46274047.1597357","51517665.9288509","66693496.8723506","140561293.004203","184202052.629481","186740598.978067","259120093.161583","267038131.001167","293424222.187854","312461566.017372","343512119.786161","377611165.723643","439221054.228519","486478841.493554","557151481.890228","568643855.327464","595570580.022693","708125902.111853","682298237.498813","706309697.521648","656243045.383736","682242737.052213","802264128.172785","848619676.594567","885439666.480347","859211848.307576","842985775.181357","947003024.995083","","","","",
"Belarus","BLR","Adjusted savings: carbon dioxide damage (current US$)","NY.ADJ.DCO2.CD","","","","","","","","","","","","","","","","","","","","","","","","","","","","","","","1209699907.23366","1232506372.64727","1178708859.14642","1071563035.90526","949057277.348882","881150820.219278","933549783.189347","979624464.906797","980242521.7067","975417862.532775","982651699.998151","1006826906.7108","1044719181.63528","1107378943.79517","1236378926.437","1321057432.75228","1449846369.51873","1484674794.1019","1624488350.04254","1585243221.05824","1762420168.45265","1746452039.93778","1862338666.83546","1939199963.39108","2003410038.9367","1906245924.42472","1980163081.27284","2095731306.08974","2309587085.5538","2351720286.48895","2387719786.03429","2576090041.12133","","","","",
"Belize","BLZ","Adjusted savings: carbon dioxide damage (current US$)","NY.ADJ.DCO2.CD","","","","","","","","","","","","","","","","","","","","","","","","","","","","","","","3998807.66690483","5507979.00892047","6697970.55998649","6590351.04521687","6589658.61451932","7032084.96358202","5730228.84822106","7615806.2169533","7703617.44268276","7277913.07804254","8352725.06609686","10285625.6853647","10479435.8203101","10716570.0682857","9707471.73085417","10935135.7021363","12507132.070142","13649220.7731147","13418869.8397774","40321517.4510715","16003815.9208575","19985019.8318145","20816933.0405171","14869677.8527018","16161962.9780733","23645517.137165","23342509.4280689","23946938.8700571","24682609.568356","26098508.7133535","23180591.5585926","28257718.4839249","","","","",
"Bermuda","BMU","Adjusted savings: carbon dioxide damage (current US$)","NY.ADJ.DCO2.CD","","","","","","","","","","","1129004.45065293","1212998.79721411","1529699.27539311","1706920.97431742","1690282.57774922","2268570.91315368","2232005.15907839","2673428.07638287","2971945.99018436","3102633.32153697","3516124.04934329","3399331.75019562","3613079.33983975","4292665.90056673","5222290.21559112","5281966.47170524","5101221.92110889","7960040.16770458","9270663.69377558","10844080.3277581","7998450.03038093","8013595.02554911","6944424.42292424","7763020.72289361","7748670.57185978","7950997.11696584","8573121.34935437","8437643.72656898","8812580.32452865","9656089.02523178","10100833.0202397","10618702.773113","11754489.5217026","15419011.4517994","16520030.3985056","17583172.3434041","20105599.3929103","23335612.3885392","23243219.3936556","21773244.2236009","26542340.2230836","23014116.9472216","27366337.7803468","27688934.7233166","36218150.9034832","31234329.1425462","39046850.1655165","30116491.8897209","35394870.3813848","36378982.1874633","31106172.5447604","36995906.5332717","","","","",
"Bolivia","BOL","Adjusted savings: carbon dioxide damage (current US$)","NY.ADJ.DCO2.CD","","","","","","","","","","","","","","","","","","","","","","","","","","","","","","","126144205.492361","139236585.644106","149364743.487699","143024639.704706","139407888.911609","131163671.71203","131954436.532646","150991636.301335","148423029.395688","145913281.710999","152390828.428123","156225069.372049","167267927.880289","190796974.94511","209372511.370739","233825779.087073","275402137.350634","311099235.468855","351842757.984956","386644677.784711","433531942.333538","495449527.366598","541240247.941929","605777727.176586","687220144.352975","721883729.435675","790413317.999067","851238861.673232","910122243.35541","911001096.360326","860380175.080998","974465190.236202","","","","",
"Brazil","BRA","Adjusted savings: carbon dioxide damage (current US$)","NY.ADJ.DCO2.CD","","","","","","","","","","","","","","","","","","","","","","","","","","","","","","","2398072840.24383","2632045411.05344","2784614280.60878","3018380778.70932","3258220092.73455","3688481434.81102","4176859311.28246","4657727745.68581","4974653761.48708","5342343219.43337","5822220603.29467","6198156851.68261","6403741828.34935","6531014076.55877","7247951190.11638","7717181270.0815","8230673887.85277","9079565098.51784","10027384807.5157","9666116944.61778","11372139866.1751","12477512520.6176","14112948489.7918","15737290826.1582","17226632509.8911","16876639823.6001","16055337206.8509","17080528336.3663","17003183439.0591","17710284795.2684","17676052829.8101","19805847888.1779","","","","",
"Barbados","BRB","Adjusted savings: carbon dioxide damage (current US$)","NY.ADJ.DCO2.CD","","","","","","","","","","","","","","","","","","","","","","","","","","","","","","","11875247.0108083","12553068.438935","15807210.5215681","14022023.5004614","15082996.3843442","16357241.1109408","16872340.4975398","19205076.5470996","21741320.338238","23076309.7596471","23016397.9599114","25422961.5996751","27609283.9430768","28997778.2738784","30004913.1008305","33038068.6534744","36049970.2838039","38114807.7264554","47771175.8617737","127592740.508385","44296274.6582091","52497960.9511153","65868499.3496838","46548557.7615412","42761860.6930688","44161479.4078375","46325903.6557822","44152167.565941","48581644.9711245","50973650.9701184","43522116.483995","44130966.3807846","","","","",
"Brunei Darussalam","BRN","Adjusted savings: carbon dioxide damage (current US$)","NY.ADJ.DCO2.CD","","","","","","","","","","","","","","","","","","","","","","","","","","","","","","","39503372.7094234","43295276.8608167","48091428.620703","55106552.3568134","62528538.4088833","70320849.6358202","76880570.3802992","86588405.4666646","77378557.4242802","78636963.2578743","87610805.1377271","91406220.7133355","93105757.820015","115991113.095514","112518420.840556","116098563.381291","184418891.544449","183878188.223525","212286516.770165","217349540.708407","204906001.580373","218642074.915642","226811360.2701","233066034.652953","238388956.686114","222546044.619257","250303525.821366","272770605.236294","295407740.654685","285044646.891348","299364891.925673","315562355.832104","","","","",
"Bhutan","BTN","Adjusted savings: carbon dioxide damage (current US$)","NY.ADJ.DCO2.CD","","","","","","","","","","","","","","","","","","","","","","","","","","","","","","","969407.919249655","1665202.95618526","1607512.93439676","1822863.05505998","2050116.01340601","2445942.59602853","3183460.47123392","3145659.08961114","3423829.97452567","3550201.50148417","3897938.36417854","4463573.41062997","4836662.75559687","5463349.34834442","6398106.21862848","7445198.62839322","7847612.2506434","8241039.21801488","8051322.22379723","8837592.43754354","11431297.2079979","17598747.5864653","19884830.6213111","21658009.1929265","23569529.4684569","26775069.9310359","33397745.7405031","36294581.106689","41137681.057103","42817864.8704088","41687591.8018418","48422566.9975094","","","","",
"Botswana","BWA","Adjusted savings: carbon dioxide damage (current US$)","NY.ADJ.DCO2.CD","","","","","","","","","","","","","","","","","","","","","","","","","","","","","","","34050453.1636441","34969262.0798905","44206605.6959108","45571576.3764996","45102552.2949322","48765980.5083188","46478522.8800152","50827228.4479274","62998471.5312724","68518888.9786444","74803293.3697119","75104474.3440782","81215634.8145926","82370502.4918344","87587871.0410224","99579538.761988","100302300.0625","111254036.35076","117817673.610021","115717230.145852","96308674.2717511","115734145.228391","105948868.189078","175203594.856733","235358583.422242","241671085.095156","238093609.009275","274267287.521777","286396628.409488","295647175.626687","295990892.691525","372959744.622985","","","","",
"Central African Republic","CAF","Adjusted savings: carbon dioxide damage (current US$)","NY.ADJ.DCO2.CD","","","","","","","","","","","","","","","","","","","","","","","","","","","","","","","1817639.8485931","1793295.49127643","2009391.16799595","2243523.76007383","2342989.72960687","2445942.59602853","2705941.40054883","2814537.08017839","3937404.47070452","4260241.801781","4454786.70191833","4851710.22894562","5038190.48302573","4832963.15001852","5074360.3424941","5118574.14369385","5640471.53354551","6180779.41351115","4562415.79351393","4694971.13676967","4858301.29210666","5667393.47136105","6214009.80064961","3879046.23928553","4377198.24384483","6606835.51827981","7541426.16407793","8231760.37597165","9011111.66138743","9786940.76750756","10955627.7217198","12649792.5455148","","","","",
"Canada","CAN","Adjusted savings: carbon dioxide damage (current US$)","NY.ADJ.DCO2.CD","","","","","","","","","","","","","","","","","","","","","","","","","","","","","","","5083211600.57547","5294064475.31821","5711627415.32288","5917995018.36974","6395776214.39435","6849403625.94114","7349018497.8435","7894279826.88624","8299192666.7515","8773967990.76797","9544751741.08517","9831893744.75372","10567100227.0874","11442354781.6384","11834731473.1405","12773867851.355","13255844295.5124","14721329355.4014","14773369775.1426","14397543303.8997","15346802334.5667","16384434075.8935","16970771895.8714","17961923144.3785","18912190520.9505","19427574373.8512","19996631385.3973","21255902729.0931","22727199612.2896","23660338519.5191","22934417748.7295","25295279065.9742","","","","",
"Central Europe and the Baltics","CEB","Adjusted savings: carbon dioxide damage (current US$)","NY.ADJ.DCO2.CD","","","","","","","","","","","","","","","","","","","","","","","","","","","","","","","","","","","","","","","","","","","","","","","","","","","","","","","","","","","","","","","","","","",
"Switzerland","CHE","Adjusted savings: carbon dioxide damage (current US$)","NY.ADJ.DCO2.CD","","","","","","","","","","","","","","","","","","","","","","","","","","","","","","","525055564.263594","584998607.761391","612194509.182765","609256921.095049","623674578.649728","664073414.821746","700520476.695024","707773295.162507","757522381.863805","790452364.30545","811328028.086875","876218867.347579","878055831.23159","942217671.534972","998987069.329334","1066757354.31688","1115341904.82643","1121296447.24188","1206624751.4221","1206055169.34934","1292022321.51717","1228631222.27193","1321098478.15495","1407124015.2928","1339759450.14232","1359269498.20227","1424611292.66994","1448041520.71199","1468419368.77008","1524316102.16701","1484992174.56976","1593047788.96466","","","","",
"Channel Islands","CHI","Adjusted savings: carbon dioxide damage (current US$)","NY.ADJ.DCO2.CD","","","","","","","","","","","","","","","","","","","","","","","","","","","","","","","","","","","","","","","","","","","","","","","","","","","","","","","","","","","","","","","","","","",
"Chile","CHL","Adjusted savings: carbon dioxide damage (current US$)","NY.ADJ.DCO2.CD","","","","","","","","","","","","","","","","","","","","","","","","","","","","","","","369829121.193743","375311127.817139","406164934.75758","453191799.534913","521900962.26993","595739893.545199","714686875.792015","849162393.190292","890366984.875401","966187338.628916","935876439.628008","939873305.551346","989903644.579425","1054846736.59576","1212772126.78743","1302211830.10528","1401534569.13541","1662887224.01922","1824697863.48133","1807563784.36167","1993332420.94167","2280976795.32346","2436202619.82435","2683007042.14237","2577833070.41775","2859369019.28487","3105990253.2635","3257906260.48839","3393271184.0647","3725970103.31443","3617450841.19984","4302520045.942","","","","",
"China","CHN","Adjusted savings: carbon dioxide damage (current US$)","NY.ADJ.DCO2.CD","","","","","","","","","","","","","","","","","","","","","","","","","","","","","","","26335904942.2554","29489207243.6199","32393796897.4962","37094001188.3556","40528889905.8815","47216170130.9102","48874236057.6423","51888640049.1641","55402362349.7897","55980642335.8528","62116988923.2114","68488294139.0697","76783233307.854","92791002920.8458","113066008724.761","135517273074.09","157871160157.32","180097104298.163","193220993217.796","213181233213.053","242198317493.303","276883488530.587","296466367705.951","322755089894.014","336932150887.569","342898231400.248","354614394232.166","377763334520.108","411491610734.29","436628864961.731","439495848769.935","482501204649.873","","","","",
"Cote d'Ivoire","CIV","Adjusted savings: carbon dioxide damage (current US$)","NY.ADJ.DCO2.CD","","","","","","","","","","","","","","","","","","","","","","","","","","","","","","","32838693.2645821","35737817.2904375","37106756.9023251","41505189.5613658","45248989.1530327","51517665.9288509","64465074.5424869","82283819.3440389","85424557.8644155","121239381.275684","120464857.064375","125950397.543428","137844894.690652","111578406.889185","120681519.588161","136805530.517178","139785591.661496","145763380.49707","173640170.095938","166533392.011649","181471837.747392","182549725.428318","249803189.078529","280907591.20943","309770957.581471","341121368.526107","344391811.058316","395124515.8885","399231401.663486","441635708.893923","462632349.451246","524676339.445296","","","","",
"Cameroon","CMR","Adjusted savings: carbon dioxide damage (current US$)","NY.ADJ.DCO2.CD","","","","","","","","","","","","","","","","","","","","","","","","","","","","","","","35141037.0728","89280496.9585481","91762196.6718148","80907075.5976624","67653828.4423983","71543820.9338345","75766359.2153673","80462648.2921587","86280515.3580469","85027325.9605458","96705994.6541437","100139299.125438","103383671.017989","109477120.605153","112959669.137178","116796555.649756","124826088.89391","157867413.995934","171493152.969131","194150868.996272","200333487.126003","203131314.210425","213761937.512731","244056670.842384","277783744.894585","294178049.673964","326076910.154234","343114744.021447","375724176.695863","384545235.363312","398391396.02173","440118724.136109","","","","",
"Congo, Dem. Rep.","COD","Adjusted savings: carbon dioxide damage (current US$)","NY.ADJ.DCO2.CD","","","","","","","","","","","","","","","","","","","","","","","","","","","","","","","38533964.7901738","22288101.1058642","19825992.85756","26641844.6508767","32362545.6401949","32255867.9851262","36132276.348505","37582348.0706173","39031661.7095927","37099605.6905095","30255426.3505286","30468740.2377785","33252056.7074905","42025765.7595299","42801126.8531112","51418405.0641683","55914237.8339835","63610523.6226646","68436234.9031415","69043692.4615556","75732345.59992","90081728.3693948","87928234.9985025","128008529.990752","173067686.263035","112316205.883379","86905964.1058747","106638710.970912","122237681.922928","130900337.246856","129967570.74114","138943431.49982","","","","",
"Congo, Rep.","COG","Adjusted savings: carbon dioxide damage (current US$)","NY.ADJ.DCO2.CD","","","","","","","","","","","","","","","","","","","","","","","","","","","","","","","38776316.7699862","40861518.6940844","41929295.7055154","37719243.2162412","30165992.7686884","40358052.8344707","50457848.4690576","54138448.5422549","66422301.505798","70293989.7293865","80743008.9722697","82285005.4829177","55621622.7404125","67871612.1024298","77659773.8468333","100277519.936243","117223715.759435","106875982.203516","117012548.586084","133668592.819664","154894077.040617","160476725.826898","163428462.433181","172294305.179779","174751230.533068","196814149.971485","197513548.559183","202426466.45114","254270050.25664","296054974.168002","299122688.818058","325162364.845418","","","","",
"Colombia","COL","Adjusted savings: carbon dioxide damage (current US$)","NY.ADJ.DCO2.CD","","","","","","","","","","","","","","","","","","","","","","","","","","","","","","","590490598.812946","646098746.999881","703420868.209781","783550673.205784","831468480.294238","906680346.065325","933549783.189347","1062736089.27442","1103158017.79217","983405815.911114","1082884400.79131","1143839203.57622","1144072304.11069","1179032871.20886","1237923290.21509","1341066418.71391","1414777344.00574","1524077232.30667","1604360045.28287","1712559701.46141","1816433138.53015","2061141500.72335","2165582288.43844","2484529191.52579","2666723848.23302","2789823381.37766","2969167319.1181","2805907710.70036","3079057476.6171","3304723777.02893","3146691182.62099","3679834692.77158","","","","",
"Comoros","COM","Adjusted savings: carbon dioxide damage (current US$)","NY.ADJ.DCO2.CD","","","","","","","","","","","","","","","","","","","","","","","","","","","","","","","848231.929343448","896647.745638217","937715.878398108","981541.645032299","1025058.00670301","1222971.29801426","1273384.18849357","1324488.03773101","1540723.48853655","1775100.75074208","1856161.1257993","2134752.50073607","2216803.80051935","2941803.61569174","3309365.51222569","3489937.07374311","4169044.14519164","2832857.27916179","2952151.3487545","3866446.7943084","4858301.29210666","4474258.23764167","4971207.65532776","6141823.27241281","5724028.74288429","6606835.51827981","7900541.89955739","10476786.034429","11753624.1599874","13049254.3566768","14249104.8790656","16419995.6788876","","","","",
"Cabo Verde","CPV","Adjusted savings: carbon dioxide damage (current US$)","NY.ADJ.DCO2.CD","","","","","","","","","","","","","","","","","","","","","","","","","","","","","","","1211759.89906207","1280925.35091174","1473553.52319703","1542422.58505076","1610805.43910472","1834456.9470214","2228422.32986374","2483415.07074564","2739063.97962054","3372691.42640996","4083554.47675847","4657641.8197878","5642773.36501279","6513993.74282576","7280604.12689655","10237148.2873877","12261894.415705","11846494.355588","12882114.7582486","14084912.9987766","15432251.6140613","17002180.4140832","16467124.837421","16485946.5771742","16835378.4784597","17386409.4768018","19751355.2840174","22076083.7829705","23899035.4027686","26506297.5322163","23220343.2160952","26333621.346399","","","","",
"Costa Rica","CRI","Adjusted savings: carbon dioxide damage (current US$)","NY.ADJ.DCO2.CD","","","","","","","","","","","","","","","","","","","","","","","","","","","","","","","34777509.1030814","39196315.7378992","55593155.6478878","58612058.2319287","71021876.1787082","73531149.2931076","72105379.6734483","74336891.1176528","85938132.3605944","89287567.7623268","91879975.7270655","105185077.763541","111243245.480825","121874724.710526","131050870.339067","145879363.441969","160876053.330787","195724683.34662","201819801.878363","198845829.021664","203191308.659984","221624910.777553","231471855.698857","251491510.250421","263642024.403804","262187053.583693","290165355.870747","309065195.263913","327926096.549385","336018297.861466","327708878.342817","369622359.199126","","","","",
"Caribbean small states","CSS","Adjusted savings: carbon dioxide damage (current US$)","NY.ADJ.DCO2.CD","","","","","","","","","","","","","","","","","","","","","","","","","","","","","","","","","","","","","","","","","","","","","","","","","","","","","","","","","","","","","","","","","","",
"Cuba","CUB","Adjusted savings: carbon dioxide damage (current US$)","NY.ADJ.DCO2.CD","","","","","","","","","","","","","","","","","","","","","","","","","","","","","","","431628876.045909","351229731.219999","291629638.181812","282543773.534298","318060855.794132","354355933.599633","401116019.375474","454464957.946452","464100153.046955","497028210.207783","526221679.164102","533105919.956545","532435971.783692","538560170.573663","559503387.166802","612367593.772529","656747081.744309","712849916.150991","717909536.428091","745119516.402829","803334416.764215","822965203.693312","891399709.213492","933233922.389391","898672521.162302","1015714009.7993","975716932.622195","981824507.053737","1046464260.25891","1056581831.08624","945721023.090668","988437420.486306","","","","",
"Curacao","CUW","Adjusted savings: carbon dioxide damage (current US$)","NY.ADJ.DCO2.CD","","","","","","","","","","","","","","","","","","","","","","","","","","","","","","","","","","","","","","","","","","","","","","","","","","","","","","","","","","","","","","","","","","",
"Cayman Islands","CYM","Adjusted savings: carbon dioxide damage (current US$)","NY.ADJ.DCO2.CD","","","","","","","","","","","","","","","","","","","","","629852.859937601","720821.15018054","782575.905729955","831525.362723927","880908.646073601","929214.154151683","969255.983119515","1015571.37853059","3225153.73689921","3427001.79023221","3635279.69718621","3842776.05273521","4018782.33599189","4206607.05013843","4393105.74301288","4586142.36755349","4775190.70685088","4966830.14149128","5135744.96178851","5325302.25222625","5568483.37739791","5822052.27473475","6045828.57963088","8405153.15190598","8824974.34859557","9306498.49350797","12261894.415705","12094092.2807853","13418869.8397774","16570486.1907733","17146945.5564875","19097279.7341858","18363982.1101823","18793162.0697049","19945971.8969383","22153380.4543323","22512701.9994385","26862741.1975595","26143898.6101725","32957609.610868","28748559.6714293","32691674.2104105","","","","",
"Cyprus","CYP","Adjusted savings: carbon dioxide damage (current US$)","NY.ADJ.DCO2.CD","","","","","","","","","","","","","","","","","","","","","","","","","","","","","","","55619779.3669489","65455285.4315898","73409757.3374519","80486414.8926485","87569241.1440567","89429776.1672931","98846447.6318132","104303432.971317","113157580.658073","121949421.575981","132344288.26949","135653818.00132","144495304.590712","164530871.345404","171645755.709067","183803347.465625","196190310.65128","214009502.782801","227852403.736749","228672702.05801","225768119.219186","227590596.724657","220597341.672834","207852226.751889","229297852.949965","238193806.51599","259281414.392238","275389808.156819","282086961.157817","293200442.71351","284786212.797606","318172013.477739","","","","",
"Czechia","CZE","Adjusted savings: carbon dioxide damage (current US$)","NY.ADJ.DCO2.CD","","","","","","","","","","","","","","","","","","","","","","","","","","","","","","","1820063368.39123","1753586805.39817","1796931541.83317","1836604638.09044","1826214057.37045","1913644338.56782","2017358900.62093","2066035777.85566","2035809302.85296","1987225290.45576","2286233658.647","2381607517.18483","2388706847.21162","2579751560.60988","2723387137.83996","2791716835.888","2957568895.64771","3183616604.80215","3175172915.96631","3070234865.81133","3207907731.19287","3256364961.34188","3295600039.18442","3269712848.27283","3283235582.79771","3447377249.83661","3653282537.81193","3810182630.45496","3953135495.17431","3926602318.86438","3697120564.60677","3934357729.578","","","","",
"Germany","DEU","Adjusted savings: carbon dioxide damage (current US$)","NY.ADJ.DCO2.CD","","","","","","","","","","","","","","","","","","","","","","","","","","","","","","","11576063491.7298","11945269359.9274","11960164150.7343","12438376166.3193","12826404401.0166","13371050944.0145","14394653212.7784","14447681076.5746","14812344427.2917","14797062348.1109","15411334595.2864","16450790907.4905","16794908837.3781","17583369803.2497","18114804382.5935","18668370766.657","19972418203.5908","20185395571.4332","21193494713.0695","20293598195.6448","22092982211.5696","22266293794.1964","23617276148.6234","25089349171.8302","24782014156.6782","25812211152.5549","26831318659.6548","27396795820.1424","27726798769.9025","26808063513.7838","25966121526.572","27645558505.4819","","","","",
"Djibouti","DJI","Adjusted savings: carbon dioxide damage (current US$)","NY.ADJ.DCO2.CD","","","","","","","","","","","","","","","","","","","","","","","","","","","","","","","3271751.72746758","3714683.51764404","4018782.33599189","4206607.05013843","4246668.88491245","4891885.19205706","4775190.70685088","5463513.15564041","6676468.45032506","6922892.92789412","6867796.16545742","7374599.54799734","8061104.89296099","8615281.9055557","8824974.48009792","10004486.0469342","10545229.3729141","12104026.5913051","12613737.6173977","12980214.1498498","14860685.6038691","14317625.4714982","15535024.2701341","18102216.2650183","13468302.9834611","15995497.0088246","15082852.3281559","15715178.4940854","15671498.4907774","17127146.1912249","15729005.4414938","15431109.3039141","","","","",
"Dominica","DMA","Adjusted savings: carbon dioxide damage (current US$)","NY.ADJ.DCO2.CD","","","","","","","","","","","","","","","","","","","","","","","","","","","","","","","727055.939437241","768555.210547043","1071675.28959784","1121761.88003691","1171494.86480343","1528714.12251783","1273384.18849357","1655610.04716376","1883106.48598912","1952610.82581629","2413009.46353909","2911026.13736737","2418331.37779843","2941803.61569174","3529989.6605368","3722599.3141966","4169044.14519164","4635584.84794833","4830793.33427833","13808738.4923111","5144083.87135376","5369109.88517001","7767512.13506707","5495315.68628666","6060736.4930775","6259107.66036321","6464080.02788724","6360905.8464432","6660386.82938993","6932416.60485448","5882464.46148626","6586279.75689873","","","","",
"Denmark","DNK","Adjusted savings: carbon dioxide damage (current US$)","NY.ADJ.DCO2.CD","","","","","","","","","","","","","","","","","","","","","","","","","","","","","","","631205731.421432","804421120.372572","763970522.072059","832347314.98739","925480943.194713","917228473.510698","1167374954.80148","1053795795.01973","1022184438.89464","1007014655.89598","976340752.170433","1052821119.6812","1085024705.49949","1244593043.34954","1185414669.27572","1167965578.68599","1425567870.96409","1375480978.79656","1345375918.80188","1323705680.30113","1375185003.10544","1285603437.01591","1187497293.13636","1291722396.95956","1206086503.92135","1171844025.266","1268396086.33345","1239628325.11892","1297991885.00446","1211133978.16186","1154098846.96211","1213645247.87568","","","","",
"Dominican Republic","DOM","Adjusted savings: carbon dioxide damage (current US$)","NY.ADJ.DCO2.CD","","","","","","","","","","","","","","","","","","","","","","","","","","","","","","","95244328.0662786","105420156.380036","128868953.57414","133489663.724393","163130659.923878","180999752.106111","202627258.994039","240063456.838745","284520270.883083","315790423.557017","346545282.18673","368341840.581552","420789652.229438","393571286.719063","381238907.008401","434846154.534675","499549599.077004","531289487.348656","552320680.557682","542959593.30358","590998065.568324","623711568.991728","673598661.834843","688207498.597317","722237762.414672","820290804.42142","883065125.310633","881172507.382895","991614031.304031","1110409994.06595","1045376187.98329","1221804368.81747","","","","",
"Algeria","DZA","Adjusted savings: carbon dioxide damage (current US$)","NY.ADJ.DCO2.CD","","","","","","","","","","","","","","","","","","","","","","","","","","","","","","","762681680.469666","850918710.610668","895384704.458993","1012670537.20332","1077921712.47726","1168549075.25263","1211625055.35163","1232270558.10399","1277944537.99171","1375880591.90019","1485856981.20234","1526348038.02629","1660587613.95596","1853126192.46746","1974367339.00909","2191447789.56115","2447719303.3905","2646146245.55544","2891766450.47203","3097852342.79596","3263063748.12096","3602970900.97108","4192281421.97456","4493875306.76718","4974517817.77426","5433948566.44514","5563059005.56711","5924622340.22022","6485649290.72362","6983390182.90622","6971768693.2588","7829780721.00525","","","","",
"East Asia & Pacific (excluding high income)","EAP","Adjusted savings: carbon dioxide damage (current US$)","NY.ADJ.DCO2.CD","","","","","","","","","","","","","","","","","","","","","","","","","","","","","","","","","","","","","","","","","","","","","","","","","","","","","","","","","","","","","","","","","","",
"Early-demographic dividend","EAR","Adjusted savings: carbon dioxide damage (current US$)","NY.ADJ.DCO2.CD","","","","","","","","","","","","","","","","","","","","","","","","","","","","","","","","","","","","","","","","","","","","","","","","","","","","","","","","","","","","","","","","","","",
"East Asia & Pacific","EAS","Adjusted savings: carbon dioxide damage (current US$)","NY.ADJ.DCO2.CD","","","","","","","","","","","","","","","","","","","","","","","","","","","","","","","","","","","","","","","","","","","","","","","","","","","","","","","","","","","","","","","","","","",
"Europe & Central Asia (excluding high income)","ECA","Adjusted savings: carbon dioxide damage (current US$)","NY.ADJ.DCO2.CD","","","","","","","","","","","","","","","","","","","","","","","","","","","","","","","","","","","","","","","","","","","","","","","","","","","","","","","","","","","","","","","","","","",
"Europe & Central Asia","ECS","Adjusted savings: carbon dioxide damage (current US$)","NY.ADJ.DCO2.CD","","","","","","","","","","","","","","","","","","","","","","","","","","","","","","","","","","","","","","","","","","","","","","","","","","","","","","","","","","","","","","","","","","",
"Ecuador","ECU","Adjusted savings: carbon dioxide damage (current US$)","NY.ADJ.DCO2.CD","","","","","","","","","","","","","","","","","","","","","","","","","","","","","","","186853376.435371","201617650.233508","225721607.871545","237673298.332821","275301293.228807","319806994.43073","382015256.54807","413074706.767358","418905597.383216","383599272.235364","409283528.238746","470615892.207725","487092257.436461","518177688.608692","577594577.848501","656573452.741324","738901736.9092","789079507.043689","850487984.777991","952802955.969467","1064539536.63193","1106633114.62189","1152388105.09946","1283317850.84367","1407437615.11048","1443767458.87135","1429639025.34266","1442428899.69492","1572634826.20261","1602203834.62698","1505851224.60036","1650165572.18385","","","","",
"Egypt, Arab Rep.","EGY","Adjusted savings: carbon dioxide damage (current US$)","NY.ADJ.DCO2.CD","","","","","","","","","","","","","","","","","","","","","","","","","","","","","","","1063319311.42697","1144762986.10982","1217691047.80554","1299280697.55275","1287179982.70277","1432710875.62371","1574857895.11942","1755940016.02188","1899883252.8643","2068702414.91482","2127346266.27858","2458846744.02964","2608573553.69248","2795133770.44306","3188021983.43015","3774250492.44333","4187436942.96326","4723145550.20994","5097560340.25646","5458870601.91864","5724507704.26226","6137787333.94373","6680060436.15768","6913107080.36321","7377936099.9922","7868393430.37413","8303828543.54016","9063542234.11966","9712802975.86635","10169039274.8189","10792386062.1739","11786666530.8664","","","","",
"Euro area","EMU","Adjusted savings: carbon dioxide damage (current US$)","NY.ADJ.DCO2.CD","","","","","","","","","","","","","","","","","","","","","","","","","","","","","","","","","","","","","","","","","","","","","","","","","","","","","","","","","","","","","","","","","","",
"Eritrea","ERI","Adjusted savings: carbon dioxide damage (current US$)","NY.ADJ.DCO2.CD","","","","","","","","","","","","","","","","","","","","","","","","","","","","","","","","","5894214.09278811","8833874.80529069","10689890.6413313","12229712.9801426","13848053.0498675","13741563.3914592","10442681.4223033","11538154.8798235","11879431.2051155","13584788.6410477","13703878.2579738","14498889.1369392","15002456.5504153","13959748.2949725","12752369.7245791","13134156.3016804","12076982.5358689","12980214.1498498","14289121.2970729","17002180.4140832","19263430.2431199","20688246.6095228","21885991.2192242","22602331.4907937","23701626.7689199","26940307.9014886","33301934.7307585","35885450.0885143","38692342.2915013","42965131.7777263","","","","",
"Spain","ESP","Adjusted savings: carbon dioxide damage (current US$)","NY.ADJ.DCO2.CD","","","","","","","","","","","","","","","","","","","","","","","","","","","","","","","2604677903.03392","2844935204.37497","3112814838.04812","3057922884.98063","3345350023.30431","3677627564.54114","3662730445.17819","4115846577.24911","4386268580.36484","4940105389.31522","5444306198.08193","5720942633.56352","6302776294.26519","6695965335.41737","7403270927.17346","8154819304.93636","8381740516.86304","9134161858.80923","8702673551.04103","7939748188.60712","7809004788.85035","8184909228.76206","8366231629.09229","7848926907.8588","8113305822.40028","8911577998.98224","8871231210.81264","9857533560.39174","10070505114.8907","9786125233.62086","8777937000.00468","9664158533.31844","","","","",
"Estonia","EST","Adjusted savings: carbon dioxide damage (current US$)","NY.ADJ.DCO2.CD","","","","","","","","","","","","","","","","","","","","","","","","","","","","","","","427508892.389098","404003855.677562","319091317.477756","257163910.998462","260950481.134965","248568916.321399","273777600.526117","277645804.909363","278014993.931485","271412904.788465","276939239.969256","298477213.284735","301283787.041104","355958247.205308","375502668.632124","400877411.957413","391890134.299831","514549885.886988","493814399.866024","415643033.886181","542986609.288771","541981795.258965","524773100.881477","624526448.619299","604053397.789258","540369605.212521","574225744.773468","625239586.779222","600218371.296418","415129425.945384","395138156.961623","421354587.005126","","","","",
"Ethiopia","ETH","Adjusted savings: carbon dioxide damage (current US$)","NY.ADJ.DCO2.CD","","","","","","","","","","","","","","","","","","","","","","","","","","","","","","","27991653.6683338","29845560.6762435","20361830.5023589","27202725.5908952","33094729.930697","39287952.9487082","45682657.7622067","50661667.4432111","55294854.0885896","56448203.8735982","66079336.0784552","85390100.0294429","92098125.4891613","105484671.655631","117592781.511806","117494547.918222","132428462.028385","153489359.84869","174176924.37764","180342130.50396","184901223.58817","224906037.337296","263473997.398735","325839888.916844","415497145.986136","448221648.250252","537595977.213231","591938397.006287","675441565.920339","748701010.338579","845045615.927514","979885475.463556","","","","",
"European Union","EUU","Adjusted savings: carbon dioxide damage (current US$)","NY.ADJ.DCO2.CD","","","","","","","","","","","","","","","","","","","","","","","","","","","","","","","","","","","","","","","","","","","","","","","","","","","","","","","","","","","","","","","","","","",
"Fragile and conflict affected situations","FCS","Adjusted savings: carbon dioxide damage (current US$)","NY.ADJ.DCO2.CD","","","","","","","","","","","","","","","","","","","","","","","","","","","","","","","","","","","","","","","","","","","","","","","","","","","","","","","","","","","","","","","","","","",
"Finland","FIN","Adjusted savings: carbon dioxide damage (current US$)","NY.ADJ.DCO2.CD","","","","","","","","","","","","","","","","","","","","","","","","","","","","","","","661136200.928265","706174145.957641","700339801.752187","749617376.334667","877596090.595873","857455751.320251","995945608.425532","1003630810.59067","980413713.205426","1003109434.24435","1022744780.31542","1185563911.54515","1278491189.297","1506833812.07008","1493185666.51529","1290345994.824","1643584245.15637","1676536414.09207","1520626326.14846","1496314911.45502","1786997474.52639","1644140663.19963","1535171093.63374","1622411081.45273","1554242135.99365","1488972096.98148","1641158058.15373","1609683350.27906","1746588552.50937","1660109827.4606","1603345411.87068","1681827686.26702","","","","",
"Fiji","FJI","Adjusted savings: carbon dioxide damage (current US$)","NY.ADJ.DCO2.CD","","","","","","","","","","","","","","","","","","","","","","","","","","","","","","","8361143.30352827","8710292.38619982","9645077.60638054","9815416.45032299","10250580.0670301","10853870.2698766","12256322.8142506","12417075.3537282","12496979.4070187","13313255.6305656","15034905.1189744","20183114.5524138","17734430.4041547","22063526.0217808","32431781.3623001","30013456.7540264","33842828.4704073","32449092.4006252","26032608.257002","26788953.4652259","33150760.4553074","33109510.0695931","32002149.1075551","36527686.0822568","43435275.1899887","47986489.9901633","54585561.8259427","61738202.2622292","63861355.2114907","66469640.6705854","58194833.457784","60081059.9672031","","","","",
"France","FRA","Adjusted savings: carbon dioxide damage (current US$)","NY.ADJ.DCO2.CD","","","","","","","","","","","","","","","","","","","","","","","","","","","","","","","4316773464.41871","4875842348.24553","4937609937.41084","4899575451.53123","5043285392.97879","5384742625.15681","5855975536.8348","5944798996.35091","6524279207.9574","6654852714.53207","6925708392.58236","7311139178.20274","7477077510.64398","7915762930.08281","8334967836.41159","8856529376.55039","9111813440.94773","9344050673.8991","9607642165.79653","9492955667.33886","9938941174.50649","9996686078.12823","10514726244.1979","10944082622.1375","10306618910.023","10824778115.7839","11273355602.8833","11892274108.8085","12029833371.4683","12254880823.6214","11389676891.6824","12647501343.4031","","","","",
"Faroe Islands","FRO","Adjusted savings: carbon dioxide damage (current US$)","NY.ADJ.DCO2.CD","","","","","","","","","","","","","","","","","","","","","","","","","","","","","","","","","8037564.67198378","8413214.10027685","8786211.48602576","10700998.8576248","11142111.6493187","11589270.3301463","11983404.9108399","12425705.2551946","12993127.8805951","13584788.6410477","14106933.3524721","14709018.0158355","15443705.1100422","16286372.3636389","19619031.065128","16939570.1145867","18786417.7756884","19332233.8892356","19854894.2519108","20567007.3176559","21987430.5768812","25072746.904821","23413666.9257673","25780880.9275723","26827654.804371","31546007.0567176","34078252.1397954","35470108.125833","33741823.3948951","37909209.8402938","","","","",
"Micronesia, Fed. Sts.","FSM","Adjusted savings: carbon dioxide damage (current US$)","NY.ADJ.DCO2.CD","","","","","","","","","","","","","","","","","","","","","","","","","","","","","","","","","1473553.52319703","1542422.58505076","1610805.43910472","1834456.9470214","1910076.28274035","1986732.05659651","2225489.48344169","2307630.97596471","2413009.46353909","2911026.13736737","2821386.68250638","3362061.18561446","3529989.6605368","3722599.3141966","3433330.45101471","3605454.75381982","3220528.68956215","3590271.87631049","3143606.66832209","3579406.36787454","4039106.16208132","4525554.06625455","4713905.99403804","5215923.05030267","6104964.29240777","6735076.97537214","6660386.82938993","7340206.03137061","7862769.45368295","8561751.17671341","","","","",
"Gabon","GAB","Adjusted savings: carbon dioxide damage (current US$)","NY.ADJ.DCO2.CD","","","","","","","","","","","","","","","","","","","","","","","","","","","","","","","49682155.8615448","58410196.0015753","60683613.2734776","65202409.2771456","67653828.4423983","79646005.783179","92479526.6893454","92051918.6223051","109391367.686095","107038575.269748","112854596.448598","120904618.905325","120110461.8841","135322966.948053","134360237.823828","140993450.84534","133409412.646133","127221047.245329","141434887.599365","143610875.05242","164610683.883321","172408083.497823","173992268.862432","187163983.995852","200677712.747677","212809648.01662","230552181.239826","199433101.880174","200595173.209198","214089334.074497","208364816.52705","216207007.036595","","","","",
"United Kingdom","GBR","Adjusted savings: carbon dioxide damage (current US$)","NY.ADJ.DCO2.CD","","","","","","","","","","","","","","","","","","","","","","","","","","","","","","","6807303584.96098","7309984792.58311","7473461591.42172","7591243082.6798","7837007771.81878","8053418868.83618","8682570089.24339","8678542306.22771","9004672833.00252","9279339174.50424","9854173800.75592","10581774077.7396","10696884063.1312","11410835457.3187","11981668050.1318","12585177515.1543","13293364914.0816","13662098133.987","13830561487.2019","12883276568.8545","13787287426.8908","13291230883.3575","14533947268.2394","14667967489.6839","13993566796.8057","13946681758.9912","13675478899.0203","13732073065.2341","14132949346.2785","14228581584.7635","12367434120.1713","13400565394.8332","","","","",
"Georgia","GEO","Adjusted savings: carbon dioxide damage (current US$)","NY.ADJ.DCO2.CD","","","","","","","","","","","","","","","","","","","","","","","","","","","","","","","405818390.195887","326764057.017584","268856538.277858","225614358.122424","152880079.856848","125048815.221959","101234042.985239","91389674.6034395","85424557.8644155","80234553.9335422","88538885.7006267","68312080.0235544","59652176.0877915","66400711.7036075","74350406.3620722","98648878.7059632","115261802.830086","144990789.929971","129894664.144159","155210217.493007","152036255.506636","194481083.099243","223393650.782371","253431031.563742","285191320.41617","319909927.740764","346546485.136486","364068296.018212","374940583.848394","412274875.045984","407077066.92333","491189221.418406","","","","",
"Ghana","GHA","Adjusted savings: carbon dioxide damage (current US$)","NY.ADJ.DCO2.CD","","","","","","","","","","","","","","","","","","","","","","","","","","","","","","","33808101.1838317","32791688.9833405","41259498.6495167","44730254.9664719","50667152.9027485","56715293.9454115","65101766.6367337","71191232.0280417","104426814.223033","116801629.398829","106543648.62088","120516482.087009","149735017.696074","150031980.955999","147377067.834278","163794372.598203","208697448.568349","234869620.015943","232414821.529831","276450950.937206","319790522.636584","350483548.021633","453933398.506263","505245787.65941","508091727.617664","548715073.80252","577098666.376311","636464757.445923","731858980.57016","817209609.687154","851487207.643824","959209696.759534","","","","",
"Gibraltar","GIB","Adjusted savings: carbon dioxide damage (current US$)","NY.ADJ.DCO2.CD","","","","","","","","","","","183535.691328772","197202.997004984","180327.955367091","195784.688055789","218400.780919349","256188.748961459","273898.789286938","282741.378384237","293011.457541287","454744.261461075","604694.405001093","630907.289467205","763478.439826619","732539.635606358","747748.997588417","846460.209303383","1134762.41285403","1305375.06068949","1546259.05345643","1569565.09500212","1742249.07953625","2599847.23883144","3227342.25781051","3421686.42523665","4219751.24239226","4308760.75192654","4586063.08707543","4925324.16316989","5360392.52959641","5779645.55548434","6332551.0188428","6790867.23502589","7178106.2086097","7616110.61638576","8686138.79314654","9451342.60250129","10421184.6364569","10860927.5587168","11567713.4770598","13025043.1752061","13568544.3727987","13696491.360793","14559168.9773301","16154971.2013852","18087850.3661725","20416000.9602053","21986426.4310715","24312358.438093","27019052.0779324","29251383.5088495","27534463.8332012","30224370.6939745","","","","",
"Guinea","GIN","Adjusted savings: carbon dioxide damage (current US$)","NY.ADJ.DCO2.CD","","","","","","","","","","","","","","","","","","","","","","","","","","","","","","","12117598.9906207","13065438.5792997","14065738.1759716","15143785.3804983","16400928.1072481","17733083.8212068","19578281.8980886","21357369.6084125","23282043.8267746","25383940.7356118","27656800.7744096","30468740.2377785","32849001.853232","35721901.8975728","39050511.0717277","42577231.6062778","46595198.1949862","50991431.7924186","53943856.4999606","58549048.0468296","71445606.4853646","78150370.6984698","77053720.9724796","70469343.7467519","75422495.9046087","88322958.8156754","101270580.682081","124973086.809942","146920296.161755","161076739.010065","173977926.359427","191940872.749223","","","","",
"Gambia, The","GMB","Adjusted savings: carbon dioxide damage (current US$)","NY.ADJ.DCO2.CD","","","","","","","","","","","","","","","","","","","","","","","","","","","","","","","2302343.80821793","2561850.70182348","2679188.22399459","2944624.9350969","3075174.02010902","3363171.06953923","3501806.51835731","3807903.10847665","4108595.96943081","4615261.95192942","4454786.70191833","6016120.68389257","6045828.81987053","6303865.11442257","7059979.32107362","7677861.56223487","8828564.33012321","10558831.641989","11540228.254167","13532563.9858457","12574426.6732883","13422773.8239698","14292222.5877921","14223169.7848898","17508792.9753794","18429593.0505516","19033122.7428107","20205230.9261165","21548310.5707711","23651773.3695633","24772442.3396622","27740171.5278545","","","","",
"Guinea-Bissau","GNB","Adjusted savings: carbon dioxide damage (current US$)","NY.ADJ.DCO2.CD","","","","","","","","","","","","","","","","","","","","","","","","","","","","","","","2059991.82840552","2177573.09654995","2411269.40159513","2523964.23008305","2635863.44580773","2751685.42053209","2865114.42411053","3311220.09432752","2910255.47834682","3372691.42640996","2784241.68869895","2911026.13736737","3022914.40993525","3992447.69705672","4412487.24004896","4885911.55654628","5395233.51367556","5923247.177794","5904302.69750898","6352019.8216922","6858778.06928936","7158812.73574909","7767512.13506707","8081346.51247703","9091104.73961627","9736389.34846143","11132581.913501","11599298.8636577","12537198.3255749","13457044.3908461","13650799.0905881","15190422.0766706","","","","",
"Equatorial Guinea","GNQ","Adjusted savings: carbon dioxide damage (current US$)","NY.ADJ.DCO2.CD","","","","","","","","","","","","","","","","","","","","","","","","","","","","","","","727055.939437241","896647.745638217","12056347.0079757","13461142.560443","15082996.3843442","16815855.3476961","18941589.8038418","27317565.778202","33724725.2490779","57335754.2489693","41206776.9927445","65983259.1136604","93307290.0519372","105274548.03709","136787098.195156","193575161.564671","229787898.543787","219932738.064243","262473086.899596","268165702.574205","284353508.360884","297985579.958876","305107867.183608","296747053.803081","266335682.391483","228457426.494326","239170946.04836","217019145.497392","251919327.759878","218167222.263126","208493050.438928","212591942.219007","","","","",
"Greece","GRC","Adjusted savings: carbon dioxide damage (current US$)","NY.ADJ.DCO2.CD","","","","","","","","","","","","","","","","","","","","","","","","","","","","","","","916332835.670736","971197601.06128","1047294676.75949","1094979815.15103","1167541069.63472","1266233907.68152","1317156769.97303","1386738975.50437","1491591528.40211","1551438056.14858","1753329799.43002","1874894900.87375","1946756771.89047","2105911147.86053","2202713516.6144","2371993732.52989","2469545460.48232","2686321249.76711","2694777539.50683","2616479710.52581","2502882538.72362","2521990217.43149","2488400073.80817","2342944089.41151","2341801249.10874","2364899491.31734","2400687349.05447","2499461914.61744","2547401910.19617","2446735246.56568","2246242389.80314","2534703583.73473","","","","",
"Grenada","GRD","Adjusted savings: carbon dioxide damage (current US$)","NY.ADJ.DCO2.CD","","","","","","","","","","","","","","","","","","","","","","","","","","","","","","","1332935.88896828","1537110.42109409","2277309.9903954","2103303.52506921","2342989.72960687","2598814.00828031","3024287.44767222","3311220.09432752","3766212.97197824","3905221.65163258","3897938.36417854","4463573.41062997","4836662.75559687","5253220.71994124","5074360.3424941","5816561.55844248","6376184.86228953","7210909.50763966","7782944.28311935","22370156.4233892","8287690.11382686","9246800.06147441","12738719.7903948","10344123.3047614","8417689.23922985","9388661.49054484","10055235.2421865","10850956.6057999","12537198.3255749","13457044.3908461","11533758.4662223","12376996.6773342","","","","",
"Greenland","GRL","Adjusted savings: carbon dioxide damage (current US$)","NY.ADJ.DCO2.CD","","","","","","","","","","","6294.23965195426","6932.37470801782","7545.84127104836","8270.27924522766","9335.56996004455","10535.7239123519","11472.2429496126","12515.4946832341","13743.2205746502","15306.3602255713","17275.4535413775","19547.2495752304","21533.8829479223","23245.4162437518","25045.9681979052","26851.3527382565","28444.202860698","30201.9452018419","32289.1211605394","34705.8297199859","37146.6572345346","39610.566996384","41704.0697474653","43919.6277658867","46109.0421080281","48412.8475460172","50743.0228580708","53074.6363064499","55294.1693225947","57809.6351453874","61061.5385838594","64386.425429428","67475.3565844955","71041.5521742335","13564449.1717564","14453299.7401931","15618173.6825919","16156852.0819183","17348853.4714586","15486570.7541631","18653824.5618577","20698128.4627669","17022061.2143295","17440275.7457932","16427551.9400952","18253902.7085515","18722606.1128326","19111100.3362876","20077895.5002187","20898251.3161336","19201905.189629","20964387.8900054","","","","",
"Guatemala","GTM","Adjusted savings: carbon dioxide damage (current US$)","NY.ADJ.DCO2.CD","","","","","","","","","","","","","","","","","","","","","","","","","","","","","","","47622164.0331393","51621291.641743","64702395.6094695","71652540.0873578","79515213.9485331","97073346.7798822","98528101.5846898","108442458.089226","141917752.444089","145558261.560851","174850378.050294","190381109.383826","210999422.810486","221475784.751144","237171185.618506","268259812.862609","282514058.563943","319597805.387573","301656187.855526","327267112.803004","326935083.28512","350185257.323802","377501077.911977","420230018.648806","469707053.126837","568187867.007794","628093076.1987","620001216.621888","717754608.225822","787440938.408097","824035124.699566","977699522.584272","","","","",
"Guam","GUM","Adjusted savings: carbon dioxide damage (current US$)","NY.ADJ.DCO2.CD","","","","","","","","","","","","","","","","","","","","","22608561.1879811","35329704.8852699","29589299.3051921","30275637.2110099","11132842.0378829","5985743.3573447","10462524.1353947","7824291.16875199","8536235.98501388","8054236.61440108","22439381.3467856","26479358.1136812","33285253.8986229","46644047.7029991","71166218.5943583","55217941.48484","50894994.289189","60187444.6317438","51738930.836302","59949083.1711646","62607849.971903","92624430.463346","66735024.2989497","57470135.3902855","68690608.1116028","86560374.7716253","98937608.658852","75476694.8259095","49496501.2440107","80708893.7942758","73987846.4130522","68141823.9316296","67409009.2903386","58705986.0398508","60555657.4723766","63550482.2362577","58005428.9468527","68409561.1721893","71630385.8656183","74555981.3726961","73366860.5772905","82596198.461846","","","","",
"Guyana","GUY","Adjusted savings: carbon dioxide damage (current US$)","NY.ADJ.DCO2.CD","","","","","","","","","","","","","","","","","","","","","","","","","","","","","","","14177590.8190262","14602549.0003938","14467616.4095708","15284005.6155029","20647596.9921605","23389326.0745228","25149337.722748","28476492.8112167","29958512.2770996","30886753.0629123","30812274.6882684","31827219.1018833","32647474.4261026","34040870.3654164","36844266.9585696","34434044.869748","32616640.198222","41462729.8608046","42940384.1271493","45016487.3532439","50297706.6931534","54585949.6102732","62140097.0805365","64004264.995376","69361757.4045978","72327460.7705397","89060655.3080083","92420220.3378911","101472947.85298","116219920.322889","175976633.243846","229981880.668149","","","","",
"High income","HIC","Adjusted savings: carbon dioxide damage (current US$)","NY.ADJ.DCO2.CD","","","","","","","","","","","","","","","","","","","","","","","","","","","","","","","","","","","","","","","","","","","","","","","","","","","","","","","","","","","","","","","","","","",
"Hong Kong SAR, China","HKG","Adjusted savings: carbon dioxide damage (current US$)","NY.ADJ.DCO2.CD","","","","","","","","","","","25251652.6523346","27241648.2852419","29911228.5193095","32536921.4805066","41510114.9625861","45878302.8082748","57427305.3973901","72305291.753235","84294390.9793844","87161176.4219418","99734592.7931594","119315819.771623","148398701.65857","185607430.234684","216425681.493665","237703064.24099","283765093.637429","301963906.570712","352367736.007835","389321747.851736","425038680.11337","490442672.275861","571938424.527559","611595188.484916","543783571.597337","575850233.128528","560448821.741425","564427750.225577","723310604.13268","802524763.678544","771158763.80791","805965471.578588","819219764.843628","928821306.362832","891917038.230129","993085458.428135","1034407322.69568","1140558592.1817","1153984983.25757","1244820939.38816","1204632126.97321","1345064222.53329","1384277421.23743","1489892248.02908","1598019473.20273","1535365440.60813","1615471074.61929","1647888482.25558","1722437380.81003","1770523239.37039","1385962093.88228","1498589775.15025","","","","",
"Honduras","HND","Adjusted savings: carbon dioxide damage (current US$)","NY.ADJ.DCO2.CD","","","","","","","","","","","","","","","","","","","","","","","","","","","","","","","29688117.5270207","31382671.0973376","36570919.2575262","40663868.1513381","47591978.8826395","59161236.54144","62077479.1890614","66886645.9054159","80117621.4039007","84317285.660249","92622440.1773852","112559677.311538","122730323.241574","141416702.181607","166792013.926033","162165731.367924","195454591.841042","219932738.064243","230536187.94249","222873030.837716","233770033.1415","262788102.56505","287087241.400709","302888863.588292","318525362.096895","345294102.821106","340082428.654049","346482288.084714","393746401.186257","416760581.220834","386006923.465803","455862607.26581","","","","",
"Heavily indebted poor countries (HIPC)","HPC","Adjusted savings: carbon dioxide damage (current US$)","NY.ADJ.DCO2.CD","","","","","","","","","","","","","","","","","","","","","","","","","","","","","","","","","","","","","","","","","","","","","","","","","","","","","","","","","","","","","","","","","","",
"Croatia","HRV","Adjusted savings: carbon dioxide damage (current US$)","NY.ADJ.DCO2.CD","","","","","","","","","","","","","","","","","","","","","","","","","","","","","","","246471963.469225","188808396.72439","201474954.444393","217902245.19717","217751607.995338","236339203.341257","242898033.955148","282612635.050854","317217847.139804","328748659.037434","334851467.094194","372611345.583024","408698025.820851","454088411.856967","465517405.304567","499060999.465103","529959091.614904","589234295.64549","583184070.951383","560910942.808354","556132574.717916","567634226.341246","540929540.345157","549854824.10763","546813085.273748","577228807.894596","606187006.167098","651431580.300757","643706802.873107","673667789.888195","619487513.123183","726760700.578749","","","","",
"Haiti","HTI","Adjusted savings: carbon dioxide damage (current US$)","NY.ADJ.DCO2.CD","","","","","","","","","","","","","","","","","","","","","","","","","","","","","","","12359950.9704331","12809253.5091174","12056347.0079757","9675196.21531838","2782300.30390816","13758427.1026605","16872340.4975398","21026247.5989798","22426086.3331432","24496390.3602408","27285568.5492497","31050945.465252","36879555.200611","38033316.8100077","36844266.9585696","39552619.70683","42180917.4916564","52794157.4424385","54480610.7816624","54958779.4627789","70302477.8717721","80536646.49964","75189519.8379059","85662276.1150455","101685685.367678","114054845.172961","120662818.625247","124598916.238571","128898071.671363","135386014.254348","137994901.278505","147399409.076045","","","","",
"Hungary","HUN","Adjusted savings: carbon dioxide damage (current US$)","NY.ADJ.DCO2.CD","","","","","","","","","","","","","","","","","","","","","","","","","","","","","","","816968523.947647","826837314.013527","776964584.958432","818605731.956938","846112166.104281","877940520.56199","930366322.718113","943532165.878627","981783245.195237","1027960844.75474","1014020823.02416","1092217006.74024","1120493532.67425","1222739625.91672","1243218227.6938","1301048446.79064","1360089306.1378","1386812372.6079","1422668535.36695","1321220103.15842","1368326285.93256","1399249632.69917","1349372217.58568","1317582681.13717","1368042891.12388","1508444923.3487","1589086277.04433","1737649739.21346","1817893857.62347","1891326389.15186","1818342340.91919","2023540723.09799","","","","",
"IBRD only","IBD","Adjusted savings: carbon dioxide damage (current US$)","NY.ADJ.DCO2.CD","","","","","","","","","","","","","","","","","","","","","","","","","","","","","","","","","","","","","","","","","","","","","","","","","","","","","","","","","","","","","","","","","","",
"IDA & IBRD total","IBT","Adjusted savings: carbon dioxide damage (current US$)","NY.ADJ.DCO2.CD","","","","","","","","","","","","","","","","","","","","","","","","","","","","","","","","","","","","","","","","","","","","","","","","","","","","","","","","","","","","","","","","","","",
"IDA total","IDA","Adjusted savings: carbon dioxide damage (current US$)","NY.ADJ.DCO2.CD","","","","","","","","","","","","","","","","","","","","","","","","","","","","","","","","","","","","","","","","","","","","","","","","","","","","","","","","","","","","","","","","","","",
"IDA blend","IDB","Adjusted savings: carbon dioxide damage (current US$)","NY.ADJ.DCO2.CD","","","","","","","","","","","","","","","","","","","","","","","","","","","","","","","","","","","","","","","","","","","","","","","","","","","","","","","","","","","","","","","","","","",
"Indonesia","IDN","Adjusted savings: carbon dioxide damage (current US$)","NY.ADJ.DCO2.CD","","","","","","","","","","","","","","","","","","","","","","","","","","","","","","","1799826978.07689","2080222769.88066","2297537861.48656","2595336329.7004","2916729339.64435","3419427749.24788","3767943813.75247","4323791199.17288","4497200671.53947","4961051578.17398","5209316199.55574","5862030367.02126","6159490452.13443","7015991772.53063","7528585401.3334","7960546006.87847","8938185345.32026","9785203940.14726","10094747796.1987","10800642528.3059","11874831048.7495","14177730583.3608","14960539376.043","14479833506.1152","16293616122.3289","16988260275.3101","17327684408.0244","19356610732.108","22605744066.0273","25276407348.9916","25196265822.8547","27429444391.0712","","","","",
"IDA only","IDX","Adjusted savings: carbon dioxide damage (current US$)","NY.ADJ.DCO2.CD","","","","","","","","","","","","","","","","","","","","","","","","","","","","","","","","","","","","","","","","","","","","","","","","","","","","","","","","","","","","","","","","","","",
"Isle of Man","IMN","Adjusted savings: carbon dioxide damage (current US$)","NY.ADJ.DCO2.CD","","","","","","","","","","","","","","","","","","","","","","","","","","","","","","","","","","","","","","","","","","","","","","","","","","","","","","","","","","","","","","","","","","",
"India","IND","Adjusted savings: carbon dioxide damage (current US$)","NY.ADJ.DCO2.CD","","","","","","","","","","","","","","","","","","","","","","","","","","","","","","","6829236439.13401","7778163008.34135","8389743964.02787","9133245007.02554","10044104097.1084","11279770024.4101","12321106234.8402","13563916433.3985","14316231463.9829","15999515596.6636","17408192734.4213","18505199086.8352","19859539491.9962","21260204921.6677","23952525722.14","26441390175.6643","29801552467.8572","34425396656.3749","38227139775.8079","43218037518.5465","47439310583.2614","52400720402.4541","59326391664.2192","63759562942.6471","72294822586.7472","75040439437.4122","78834839540.8265","86822993063.7043","96063539126.5367","100165265093.48","94761101569.4184","107594067534.564","","","","",
"Not classified","INX","Adjusted savings: carbon dioxide damage (current US$)","NY.ADJ.DCO2.CD","","","","","","","","","","","","","","","","","","","","","","","","","","","","","","","","","","","","","","","","","","","","","","","","","","","","","","","","","","","","","","","","","","",
"Ireland","IRL","Adjusted savings: carbon dioxide damage (current US$)","NY.ADJ.DCO2.CD","","","","","","","","","","","","","","","","","","","","","","","","","","","","","","","375160864.749616","403107207.931924","422106104.690348","443797043.789604","480605768.285609","511354873.982214","554240468.041825","595522933.964804","657717738.106382","709507770.071611","789425326.802443","869814609.845371","885310837.827417","926458009.375148","985970228.798695","1085370422.30684","1158994219.01007","1193920599.11464","1228631689.76911","1120164904.42311","1148559530.61248","1094105246.67171","1153630935.48655","1154339506.24745","1196321953.57735","1288680718.17375","1394086526.32566","1413617721.09472","1475471554.94225","1457846417.74539","1488165478.67659","1676172163.15467","","","","",
"Iran, Islamic Rep.","IRN","Adjusted savings: carbon dioxide damage (current US$)","NY.ADJ.DCO2.CD","","","","","","","","","","","","","","","","","","","","","","","","","","","","","","","2404979871.66849","2806507443.84762","3129961642.68168","3319433623.26423","3905324568.68035","4150764585.46041","4453820372.27982","4841003777.90683","4981501421.43613","5739965787.5996","6319300552.78373","6871380163.0511","7453901957.42477","8190191129.19156","9214597046.88111","10488191338.5294","11873927896.7745","13240775371.7935","14037479411.782","14976680987.1615","15465687056.2762","16466760715.4876","17371885388.1256","18868328231.9284","20382591901.8312","20835177405.9364","21805855665.5488","23438814645.3541","24973707548.3496","25691128276.3791","27656810871.6315","31122747017.8075","","","","",
"Iraq","IRQ","Adjusted savings: carbon dioxide damage (current US$)","NY.ADJ.DCO2.CD","","","","","","","","","","","","","","","","","","","","","","","","","","","","","","","778071031.187754","583461497.340297","902082675.01898","1255812424.70132","1495413194.92158","1529784222.40359","1573902856.97805","1968685907.08243","1571195575.30983","1290675755.86457","1626553994.53793","1893137331.33458","1837125851.53212","1707927094.8168","1943921238.10273","1980655477.97818","2034493499.00157","1973986508.6085","2365478358.9755","2601566247.66956","3102168320.80841","3371800901.21213","4008036261.69461","4496461396.84073","4513228036.44449","4630696236.38044","5107700212.30975","5802642823.16264","6392012112.54932","7118368311.1172","6488174534.69291","7070302767.10915","","","","",
"Iceland","ISL","Adjusted savings: carbon dioxide damage (current US$)","NY.ADJ.DCO2.CD","","","","","","","","","","","","","","","","","","","","","","","","","","","","","","","23629318.0317103","24465674.2024142","25988125.7727476","27763606.5309136","30605303.3429897","30574282.4503566","36132276.348505","35595616.0140208","36806172.226151","37632135.9157322","41392393.1053244","41918776.3780902","45142186.9201022","46858729.2226649","51184849.7490279","53279702.9877963","57140426.1061686","61292733.5012103","58506274.2930418","58272873.5403644","56013356.5746992","56375651.1274197","57790290.7293594","65620532.7564768","69025050.1561378","71632005.0547067","58535833.3108455","62486543.4049711","66603869.4615172","66877429.4894484","60886082.704875","64077670.2731768","","","","",
"Israel","ISR","Adjusted savings: carbon dioxide damage (current US$)","NY.ADJ.DCO2.CD","","","","","","","","","","","","","","","","","","","","","","","","","","","","","","","409696021.872885","442175431.134732","493774389.682204","567891951.768687","634950216.723462","715132466.513841","775650143.816144","843864441.039368","881636218.440361","940448377.743156","1058011841.7056","1124626431.0696","1230930735.71366","1322340726.03623","1393463446.27678","1419473643.67068","1577615380.429","1715166286.28996","1790345589.45242","1815296854.90926","2015337571.8039","2082617975.82224","2363187816.1182","2165800865.34384","2179171431.35382","2299874224.36769","2333532917.89374","2454935482.81036","2393037855.62109","2554799448.84603","2457923329.98498","2699326408.59763","","","","",
"Italy","ITA","Adjusted savings: carbon dioxide damage (current US$)","NY.ADJ.DCO2.CD","","","","","","","","","","","","","","","","","","","","","","","","","","","","","","","4910778166.93894","5175835065.42906","5388785234.33153","5565761788.03815","5744571506.42174","6365871348.98875","6560316166.0953","6879390867.97486","7299091931.19256","7686363760.78829","8098430991.86236","8472444538.60316","8937145358.63023","9712154723.53227","10422294571.0329","11024245140.5342","11444025908.4961","11830269468.6148","11942257697.4565","10965795344.0886","11581904062.1595","11832622937.9042","11705640787.5461","11199452974.6333","11027172903.3911","11748344102.2971","11970757373.3458","12317332877.0299","12728391075.8441","12936704428.7766","11854618536.4843","13148396364.5279","","","","",
"Jamaica","JAM","Adjusted savings: carbon dioxide damage (current US$)","NY.ADJ.DCO2.CD","","","","","","","","","","","","","","","","","","","","","","","","","","","","","","","90518464.4599365","94916568.5025598","109176920.12778","116663235.523839","122714087.08816","132692385.834548","143892413.299773","152316124.339066","166398136.761948","177155054.92406","186729809.25541","195620956.431087","206565809.804055","222526432.903022","233199940.428716","245691569.991516","295756903.597396","309554054.334658","258179052.645982","217625721.799393","213765255.149298","224607760.862747","216247539.025495","239207859.852109","242092744.446907","246539291.68696","271850472.090629","270151402.315768","337328986.536435","342135159.311766","320381696.193173","359652175.627098","","","","",
"Jordan","JOR","Adjusted savings: carbon dioxide damage (current US$)","NY.ADJ.DCO2.CD","","","","","","","","","","","","","","","","","","","","","","","","","","","","","","","120327757.976863","125274499.319168","159813577.561278","171068686.705629","190221478.672458","207905120.662425","220772983.680072","237911163.777432","250281971.137827","259697239.833567","301997415.167547","315361164.881465","339977110.707447","363732991.426642","409920056.809035","462300332.190819","494644822.600555","543136007.031962","537023177.130562","570577070.288202","577280522.205216","619237322.310503","749409596.866293","769344163.325499","860287814.56054","880100029.145018","891324766.356829","978456962.99047","970849343.938786","1004384784.49218","1020943763.4601","1111731702.35019","","","","",
"Japan","JPN","Adjusted savings: carbon dioxide damage (current US$)","NY.ADJ.DCO2.CD","","","","","","","","","","","","","","","","","","","","","","","","","","","","","","","13214605227.2416","14141159688.9954","14937278105.2371","15530933449.3461","16998097614.5816","17901395246.096","18856750582.2834","19414180096.0564","19349946292.5306","20685604068.5476","21951147089.8151","22713378471.0135","24316322055.2647","25529601028.7509","26692237500.4872","28217767507.5889","29171537769.7191","31549530305.7479","31084006065.3922","30406289271.1255","33050165437.109","36197344854.5187","38949723095.438","40819851943.1359","40981351542.9978","41012451549.1683","41937155379.5093","43225347408.5718","43729357906.097","44105255153.5266","42696084205.0009","45384463482.8704","","","","",
"Kazakhstan","KAZ","Adjusted savings: carbon dioxide damage (current US$)","NY.ADJ.DCO2.CD","","","","","","","","","","","","","","","","","","","","","","","","","","","","","","","2874900360.52476","3155815787.04125","3400425693.89394","3074188432.24116","2916582902.78625","2678918628.30025","2441555008.41285","2189378726.36936","2325465318.69784","2177161070.78517","2230177592.64786","2279139397.1495","2641220929.62034","3070822691.2236","3486526713.83971","3936881681.42269","4544258145.30094","5109186881.17434","6495538101.88174","5899369275.54154","6564422236.66142","7321377514.23991","7599734062.58615","8404923942.51421","7044932334.23925","6632219610.4553","7259520479.2203","8028959846.00032","8486116545.43106","8649616910.70695","8264804186.88014","8713723746.20365","","","","",
"Kenya","KEN","Adjusted savings: carbon dioxide damage (current US$)","NY.ADJ.DCO2.CD","","","","","","","","","","","","","","","","","","","","","","","","","","","","","","","74402057.802411","75446503.1687014","79705849.6638392","82169057.7127039","85958435.704952","97379089.6043858","110943597.422502","109932507.131674","122573113.088019","132955046.230582","154432605.666502","147686059.369105","149533495.073738","137214129.613543","164144524.1463","193575161.564671","228071240.809654","241307932.048925","265961996.129274","323400656.54345","361228996.201566","388663875.500654","377501077.911977","455787955.63486","510111955.052955","598440182.356052","686269824.276126","710176404.610624","685236252.331123","908554382.892053","955919472.680355","1118185527.29096","","","","",
"Kyrgyz Republic","KGZ","Adjusted savings: carbon dioxide damage (current US$)","NY.ADJ.DCO2.CD","","","","","","","","","","","","","","","","","","","","","","","","","","","","","","","275796553.026527","261564956.656177","184863987.455627","141762657.589665","95916142.0557812","70320849.6358202","91842834.5950986","94204211.6836179","103399665.230675","85027325.9605458","86682724.5748274","77045158.4356565","100159222.574334","117462018.504198","122667142.183056","123311109.476665","130466560.792889","166623510.010317","201551431.136128","186694150.737185","181471837.747392","227292306.026824","312564701.35261","303212124.847485","326943051.336125","357116866.571243","348342069.700246","352843196.718948","440760888.485265","409828161.577715","386812161.985736","425946728.306067","","","","",
"Cambodia","KHM","Adjusted savings: carbon dioxide damage (current US$)","NY.ADJ.DCO2.CD","","","","","","","","","","","","","","","","","","","","","","","","","","","","","","","15268174.7281821","16652029.5618526","18084520.5119635","19350392.4306368","21672654.9988635","22472097.6010121","24353472.6049395","27152004.7734857","32184001.7605413","33904424.3391738","36380758.0656663","41724707.9689323","44537604.6387143","50010663.6585742","52508599.8989891","61888216.978786","72590415.8764818","94256890.3732697","108961221.563325","131183015.676956","146892163.118303","159880158.654515","176167177.593778","185547708.527779","234011754.428403","293134874.3907","397540894.958872","474822892.195133","571226108.487804","659802950.601952","712891650.985605","844686279.90131","","","","",
"Kiribati","KIR","Adjusted savings: carbon dioxide damage (current US$)","NY.ADJ.DCO2.CD","","","","","","","","","","","","","","","","","","","","","","","","","","","","","","","242351.979812414","256185.070182348","267918.822399459","420660.705013843","439310.574301288","458614.236755349","477519.070685088","496683.014149128","513574.496178851","532530.225222625","556848.337739791","582205.227473475","806110.459266144","840515.296403616","1103121.81001224","1628637.24329778","1716665.22550736","1545194.85337779","1610264.34478108","1657048.58203941","1428912.15099974","1491419.37550743","1864202.87074791","1939523.11964277","2020245.37225916","2086369.09058223","2513808.81054662","3367538.48768608","3526087.24799623","3670103.01568531","3953915.29844745","4484153.44014125","","","","",
"St. Kitts and Nevis","KNA","Adjusted savings: carbon dioxide damage (current US$)","NY.ADJ.DCO2.CD","","","","","","","","","","","","","","","","","","","","","","","","","","","","","","","1332935.88896828","1409017.88600291","2009391.16799595","1963083.2900646","2196552.87150644","2293071.18377675","2387595.35342544","2648976.07546202","3081446.97707311","3195181.35133575","3526706.13901867","4075436.59231432","4635135.32846755","4832963.15001852","5294984.49080521","5118574.14369385","5640471.53354551","6438312.0329816","6709434.9198887","19332233.5600096","6858778.06928936","8351948.41394607","10563816.6148064","7434838.92635088","7744274.2405768","8345476.36232892","8618772.83539247","8980102.07627141","9794686.41078366","10194730.1940237","8663053.2525627","8806064.01870651","","","","",
"Korea, Rep.","KOR","Adjusted savings: carbon dioxide damage (current US$)","NY.ADJ.DCO2.CD","","","","","","","","","","","","","","","","","","","","","","","","","","","","","","","3001286917.99693","3519854771.77037","3979264309.68797","4593614898.75116","5187965008.78201","5891817099.59597","6525934793.00597","7146275207.57765","6275366768.80938","7133774897.08228","8476345397.0751","9150907697.01892","9330728774.56366","9785699813.61145","10720358295.1102","11191064438.4433","11963930531.0847","12971653614.4442","13819288457.1436","14544468483.7343","16438775867.7514","17851692508.4771","18651971767.2577","19382300686.3309","19801436363.0387","21135963138.8309","22117208227.4638","23446673056.9995","24707684726.2939","24907356124.8097","25066740328.3409","27293273784.487","","","","",
"Kuwait","KWT","Adjusted savings: carbon dioxide damage (current US$)","NY.ADJ.DCO2.CD","","","","","","","","","","","","","","","","","","","","","","","","","","","","","","","352985658.596781","100168362.441298","308776442.815377","431037002.404184","536983958.654274","554158869.412714","567133482.950323","617542547.592083","721229784.133833","811931083.389429","925110705.098372","1032249868.31047","1120292038.88067","1221268730.52776","1365885401.43742","1626543359.40639","1776258032.54309","1818179278.81767","2035374079.0147","2144497129.99684","2306835777.085","2484406386.00843","2650585765.11568","2823945745.04982","2881206662.52809","3095476226.51975","3287702904.24667","3394852957.23801","3580545540.41326","3778167072.12887","3567098834.41932","3838566996.54169","","","","",
"Latin America & Caribbean (excluding high income)","LAC","Adjusted savings: carbon dioxide damage (current US$)","NY.ADJ.DCO2.CD","","","","","","","","","","","","","","","","","","","","","","","","","","","","","","","","","","","","","","","","","","","","","","","","","","","","","","","","","","","","","","","","","","",
"Lao PDR","LAO","Adjusted savings: carbon dioxide damage (current US$)","NY.ADJ.DCO2.CD","","","","","","","","","","","","","","","","","","","","","","","","","","","","","","","6179975.48521655","7045089.43001456","8037564.67198378","8553434.33528147","9371958.91842748","10242384.6208695","12415495.8378123","13741563.3914592","14551277.3917341","15620886.6065303","16705450.1321937","19406840.9157825","22369566.0329217","24164814.8107435","26695548.2461167","29315470.032666","40219013.3326969","44553119.759437","55017365.0633641","70148390.4874174","82305341.9416604","90678295.541777","101599058.134063","134473601.035155","146131090.33078","308782636.287433","563811395.401171","712795589.689289","758500539.563897","762973570.386517","962941281.446027","1278823936.29443","","","","",
"Lebanon","LBN","Adjusted savings: carbon dioxide damage (current US$)","NY.ADJ.DCO2.CD","","","","","","","","","","","","","","","","","","","","","","","","","","","","","","","68100906.3272883","90177144.7041864","94039506.6622103","144847502.759766","165034339.079184","203318978.294871","224752309.269115","267049900.607514","278357376.928937","302477167.926451","290860448.412751","327781543.067566","339372514.011681","365834287.730396","394476334.866689","402040750.895208","398021081.507684","387328850.921764","500523834.785913","604822735.427996","596142157.956658","631765247.153812","729214017.905987","751241964.401172","846819524.622149","939213847.895698","998700305.444956","1097069150.08711","1088777377.29192","1139770866.8037","954729450.089029","976007104.511304","","","","",
"Liberia","LBR","Adjusted savings: carbon dioxide damage (current US$)","NY.ADJ.DCO2.CD","","","","","","","","","","","","","","","","","","","","","","","","","","","","","","","5452919.54577931","4739423.79837343","5358376.44798919","5889249.8701938","6150348.04021803","6420599.31457489","7003613.03671462","7450245.21223692","8388383.4375879","7100403.00296833","7981492.840937","8733078.41210212","9068742.62920668","10086183.5568434","12354964.1406347","15588385.3649232","16921414.2352036","16482078.4360297","14492380.002835","14913438.1643028","20862117.6388132","25354129.7169845","29516545.742871","29739355.7054036","41078324.4507698","43813751.5499212","50635290.3410403","47893877.7401142","44271982.3899234","48119124.3768522","49897725.6900975","57754235.1381326","","","","",
"Libya","LBY","Adjusted savings: carbon dioxide damage (current US$)","NY.ADJ.DCO2.CD","","","","","","","","","","","","","","","","","","","","","","","","","","","","","","","346563331.131752","369162686.132763","352849089.100088","428793478.64411","565832019.700059","664684900.470753","723123046.040785","698667439.903107","717292379.663128","767198544.470728","830075255.457448","862634078.706532","918764419.559641","1027950192.00236","1069145622.13359","1232878426.97909","1297798860.05382","1271952909.51731","1429646405.01523","1557625744.07362","1701834324.67791","1251300860.16215","1790566930.56205","1894590896.11497","1952903903.50133","1784888860.5594","1829693718.14204","2063926834.28601","2218300536.46687","2316242668.97033","1849334124.53879","2630220079.38968","","","","",
"St. Lucia","LCA","Adjusted savings: carbon dioxide damage (current US$)","NY.ADJ.DCO2.CD","","","","","","","","","","","","","","","","","","","","","","","","","","","","","","","2302343.80821793","2561850.70182348","4018782.33599189","4066386.81513381","4539542.60111331","5197628.01656062","5411882.80109766","5794635.16507316","6676468.45032506","6922892.92789412","7239028.39061728","8150873.18462864","8665687.77494804","9455797.04540114","9928095.87916528","10237148.2873877","11771418.3759651","12361558.8270223","13150492.6989265","37835943.6006228","15146467.7572672","17598747.5864653","23302536.4052012","16485946.5771742","17172085.7269195","17386409.4768018","18314892.3420995","19831058.1245131","20764734.0699485","22020618.0941119","16830635.5558481","19688416.459253","","","","",
"Latin America & Caribbean","LCN","Adjusted savings: carbon dioxide damage (current US$)","NY.ADJ.DCO2.CD","","","","","","","","","","","","","","","","","","","","","","","","","","","","","","","","","","","","","","","","","","","","","","","","","","","","","","","","","","","","","","","","","","",
"Least developed countries: UN classification","LDC","Adjusted savings: carbon dioxide damage (current US$)","NY.ADJ.DCO2.CD","","","","","","","","","","","","","","","","","","","","","","","","","","","","","","","","","","","","","","","","","","","","","","","","","","","","","","","","","","","","","","","","","","",
"Low income","LIC","Adjusted savings: carbon dioxide damage (current US$)","NY.ADJ.DCO2.CD","","","","","","","","","","","","","","","","","","","","","","","","","","","","","","","","","","","","","","","","","","","","","","","","","","","","","","","","","","","","","","","","","","",
"Liechtenstein","LIE","Adjusted savings: carbon dioxide damage (current US$)","NY.ADJ.DCO2.CD","","","","","","","","","","","","","","","","","","","","","","","","","","","","","","","2423519.79812414","2689943.23691465","2813147.63519432","3084845.17010151","2928737.16200859","3057428.24503566","3342633.49479562","3642342.10376027","3937404.47070452","4082731.72670679","4083554.47675847","4075436.59231432","4433607.60103868","4832963.15001852","5074360.3424941","5351236.73084142","5640471.53354551","5150649.70313594","5904302.69750898","5799669.98569638","5429866.02475186","5369109.88517001","5903309.1485742","6141823.27241281","5387320.99269108","5563650.90821927","5386733.35657269","5986734.71751426","5485024.41339119","6116838.3594755","5714555.433249","5847876.77252899","","","","",
"Sri Lanka","LKA","Adjusted savings: carbon dioxide damage (current US$)","NY.ADJ.DCO2.CD","","","","","","","","","","","","","","","","","","","","","","","","","","","","","","","46531580.1239834","51108921.5013784","70328690.8798581","71372099.6173486","84494067.1239477","88971161.9305377","133068647.697578","138077877.933458","147395880.40333","168634571.320498","202878411.049864","210564223.93624","229539965.325555","260769873.331571","283943547.141217","325262111.697661","304094972.154401","349986646.042514","343791456.556661","339418791.087483","373517621.984098","459953730.82837","523530329.755802","468071575.205281","592605335.286155","707974615.119014","787540396.396224","874063311.131503","849787013.923297","969722764.056195","984612723.278782","1103824379.37714","","","","",
"Lower middle income","LMC","Adjusted savings: carbon dioxide damage (current US$)","NY.ADJ.DCO2.CD","","","","","","","","","","","","","","","","","","","","","","","","","","","","","","","","","","","","","","","","","","","","","","","","","","","","","","","","","","","","","","","","","","",
"Low & middle income","LMY","Adjusted savings: carbon dioxide damage (current US$)","NY.ADJ.DCO2.CD","","","","","","","","","","","","","","","","","","","","","","","","","","","","","","","","","","","","","","","","","","","","","","","","","","","","","","","","","","","","","","","","","","",
"Lesotho","LSO","Adjusted savings: carbon dioxide damage (current US$)","NY.ADJ.DCO2.CD","","","","","","","","","","","","","","","","","","","","","","","","","","","","","","","4119983.65681103","4483238.72819108","4688579.39199054","5047928.46016611","5271726.89161546","5656242.25331597","5889401.87178275","6291318.17922229","6676468.45032506","6922892.92789412","7239028.39061728","7762736.36631299","8262632.3200903","8615281.9055557","9486847.58254306","10004486.0469342","10545229.3729141","11331429.1166471","12345360.4765468","14637262.0117074","15718033.7674594","17002180.4140832","19263430.2431199","19718485.9528623","20539162.2253849","22602331.4907937","24778972.3699867","26191964.5285145","28600485.0667635","31399768.2197968","30278179.9658226","33304301.2928096","","","","",
"Late-demographic dividend","LTE","Adjusted savings: carbon dioxide damage (current US$)","NY.ADJ.DCO2.CD","","","","","","","","","","","","","","","","","","","","","","","","","","","","","","","","","","","","","","","","","","","","","","","","","","","","","","","","","","","","","","","","","","",
"Lithuania","LTU","Adjusted savings: carbon dioxide damage (current US$)","NY.ADJ.DCO2.CD","","","","","","","","","","","","","","","","","","","","","","","","","","","","","","","390429039.477798","439229302.827635","267650903.57706","220706649.897263","216872986.846736","210045320.43395","226503212.528293","230460918.565195","251822694.626363","217449841.965905","195082534.321507","216386276.210975","226113994.259563","235974665.120825","262763607.862972","298505937.404195","319299741.811058","340200408.805157","350500891.47655","322848294.361479","360085867.587971","353466398.106826","370665688.567227","366246621.479229","365664408.992206","384935095.204569","402209401.125476","419819791.440833","456432371.797014","478336722.036482","475386225.268241","516580448.287697","","","","",
"Luxembourg","LUX","Adjusted savings: carbon dioxide damage (current US$)","NY.ADJ.DCO2.CD","","","","","","","","","","","","","","","","","","","","","","","","","","","","","","","136807692.604108","150508728.732129","153249566.412491","163356573.780376","158298243.606564","132386643.010044","139117222.592922","136422267.886294","129591964.535797","140587979.458773","158887392.36842","176990389.151936","197900116.023116","215171915.879327","257247998.8951","277100989.094052","287418811.652683","286118577.904025","295751903.554037","288326448.130701","315218008.182215","325129407.637187","332138805.857957","328102656.075412","324922791.789898","317475841.025834","317817269.108038","336753835.387213","365145897.437611","386991948.831585","379278860.147885","406219847.069048","","","","",
"Latvia","LVA","Adjusted savings: carbon dioxide damage (current US$)","NY.ADJ.DCO2.CD","","","","","","","","","","","","","","","","","","","","","","","","","","","","","","","227568509.043856","220319160.356819","187141297.446022","164898996.365426","149658468.978639","137584271.026605","143414894.229088","141223537.023069","139178688.464469","134020106.681027","128631966.017892","142834349.140159","148122798.279039","159487784.263727","168115758.8159","179382759.349903","201095063.74002","219675199.688473","217654059.587183","203264634.29415","243486639.984204","235644260.663457","235200272.783358","240824119.906238","245123117.710779","254537040.709528","256767616.55173","266409696.60206","305202427.065468","308696437.275203","300041006.626147","320093871.845074","","","","",
"Macao SAR, China","MAC","Adjusted savings: carbon dioxide damage (current US$)","NY.ADJ.DCO2.CD","","","","","","","","","","","823227.895133272","884430.133588225","1003774.83218086","1295415.82773221","1763198.10648284","1634251.55897023","1737583.30134246","1989691.62000865","2161374.96850351","2567246.25237466","3076743.75625846","3304775.52736309","3757747.44085653","5466167.20283548","5620021.37662925","5388551.21930161","6956151.4255243","8974691.21514052","9280055.61022024","10107069.8596477","11353380.8228342","11930744.7680439","13014312.9411434","14604892.5157512","17067782.6979701","17002989.8142888","20805689.0701475","23668362.5615087","27148922.7754169","28882110.3596332","29546797.6386318","32131169.6653252","36016629.7966081","38334438.4866359","46873355.7523181","48964311.8867934","51115537.7688928","47618045.9835319","43056862.6322144","49981581.662522","49662450.4990002","51863037.35031","55327119.0388637","56900199.0761174","66639973.3893898","90937455.132945","92377601.9919337","113577832.640915","95158505.0622018","105042042.253053","109803916.256414","119951657.436621","","","","",
"St. Martin (French part)","MAF","Adjusted savings: carbon dioxide damage (current US$)","NY.ADJ.DCO2.CD","","","","","","","","","","","","","","","","","","","","","","","","","","","","","","","","","","","","","","","","","","","","","","","","","","","","","","","","","","","","","","","","","","",
"Morocco","MAR","Adjusted savings: carbon dioxide damage (current US$)","NY.ADJ.DCO2.CD","","","","","","","","","","","","","","","","","","","","","","","","","","","","","","","260528378.298345","296149941.130794","333291015.064928","358683361.141803","405776533.79629","440116795.872883","453324771.10371","495027404.101964","524359560.598607","571582441.738951","610305778.162811","703886120.015431","755124014.196436","782729887.271244","904339283.403397","1013943053.46946","1103570497.41345","1193663011.61845","1305119309.28255","1346352003.00033","1479209788.70536","1668599931.49058","1804548476.10974","1861618987.54667","1976136679.56185","2100625987.68128","2166184943.42064","2376733753.10549","2545051281.10882","2914877393.96738","2727829709.39575","3061980715.84237","","","","",
"Monaco","MCO","Adjusted savings: carbon dioxide damage (current US$)","NY.ADJ.DCO2.CD","","","","","","","","","","","","","","","","","","","","","","","","","","","","","","","","","","","","","","","","","","","","","","","","","","","","","","","","","","","","","","","","","","",
"Moldova","MDA","Adjusted savings: carbon dioxide damage (current US$)","NY.ADJ.DCO2.CD","","","","","","","","","","","","","","","","","","","","","","","","","","","","","","","369950297.18365","315107636.324288","272205523.557851","244123429.143033","207061717.354007","185585894.473665","165539944.504164","158607442.518288","148080646.398235","130469905.179543","124548411.541133","136236023.228793","144696827.213048","163270099.574985","171645755.709067","190317901.292533","195699835.342406","209631448.635557","218727568.150586","210997520.475183","237199418.982277","248768752.679146","252910205.784838","232096266.28932","259601537.422286","278878023.925634","292320064.196844","301581783.836496","334586486.297819","361301224.075868","335884781.86755","396238652.866585","","","","",
"Madagascar","MDG","Adjusted savings: carbon dioxide damage (current US$)","NY.ADJ.DCO2.CD","","","","","","","","","","","","","","","","","","","","","","","","","","","","","","","10784663.1016524","12168790.8336615","12860103.4751741","14022023.5004614","17718859.8301519","20943383.4784943","20851666.0865822","23509662.6697254","27904214.2923842","29644182.5373928","30626658.5756885","32409424.3293567","22571093.4600511","32569967.4616633","36403018.6619472","39785281.9472834","40219013.3326969","44295587.5237198","47771175.8617737","46673537.6842963","53441313.7873243","65324169.3806134","85131933.296642","94713383.284183","101348978.119218","114054845.172961","114198745.018846","129837313.158693","131248794.168125","168009148.930733","167902267.399666","194583801.926984","","","","",
"Maldives","MDV","Adjusted savings: carbon dioxide damage (current US$)","NY.ADJ.DCO2.CD","","","","","","","","","","","","","","","","","","","","","","","","","","","","","","","1938815.83849931","2049480.56145878","3081066.45759378","2804404.70009228","2928737.16200859","3974656.71854636","4456844.65972749","5629074.16035678","5306936.46051479","7632933.22819096","8538341.17867679","9315283.63957559","12494712.4939997","11136827.325092","16546826.9036167","16751697.953967","21335696.4002652","22405325.997577","23348833.649185","25131904.7803034","27435112.2771574","30126670.6518621","35419854.8914454","36527686.0822568","46128937.1915342","47638762.1322466","63204335.1964593","69595793.1819462","82275362.1142065","86043518.559681","61532113.3246275","96734345.1627755","","","","",
"Middle East, North Africa, Afghanistan & Pakistan","MEA","Adjusted savings: carbon dioxide damage (current US$)","NY.ADJ.DCO2.CD","","","","","","","","","","","","","","","","","","","","","","","","","","","","","","","","","","","","","","","","","","","","","","","","","","","","","","","","","","","","","","","","","","",
"Mexico","MEX","Adjusted savings: carbon dioxide damage (current US$)","NY.ADJ.DCO2.CD","","","","","","","","","","","","","","","","","","","","","","","","","","","","","","","3266662335.89152","3689065010.62581","3907328105.87372","4216001805.88373","4781163416.97902","4690706413.53371","5136513470.33593","5670133289.52644","6250886384.49152","6304802846.48573","7038191756.8058","7351893544.12588","7778966105.79173","8503703623.91306","9136054829.04199","10055439016.5754","10994014233.7584","11772324660.3179","12333282942.1303","12382848020.7441","13228011010.0101","14269900190.1589","15114025491.6865","15378478843.7057","15563970366.9504","16399904772.8772","16997297670.2429","17645152130.0068","17731125202.6672","18320745289.0655","16954463382.2282","18419077893.2811","","","","",
"Marshall Islands","MHL","Adjusted savings: carbon dioxide damage (current US$)","NY.ADJ.DCO2.CD","","","","","","","","","","","","","","","","","","","","","","","","","","","","","","","","","1071675.28959784","1261982.11504153","1317931.72290386","1375842.71026605","1432557.21205526","1490049.04244738","1711914.98726284","1775100.75074208","1856161.1257993","2134752.50073607","2418331.37779843","2311417.1042495","2868116.55809166","3257274.48659554","3433330.45101471","3605454.75381982","3488906.0303698","3866446.7943084","4000953.98021436","4175974.20697302","4349806.81415674","4525554.06625455","5050613.74423125","5215923.05030267","6464080.02788724","6735076.97537214","7052174.49599245","7340206.03137061","7576746.7853327","8309987.04023589","","","","",
"Middle income","MIC","Adjusted savings: carbon dioxide damage (current US$)","NY.ADJ.DCO2.CD","","","","","","","","","","","","","","","","","","","","","","","","","","","","","","","","","","","","","","","","","","","","","","","","","","","","","","","","","","","","","","","","","","",
"North Macedonia","MKD","Adjusted savings: carbon dioxide damage (current US$)","NY.ADJ.DCO2.CD","","","","","","","","","","","","","","","","","","","","","","","","","","","","","","","104090175.329432","107341544.406404","114401337.164569","123954687.744079","125203513.675867","130246443.238519","160128061.703066","148839343.240022","168452434.746663","161356658.242455","162599714.620019","173109020.96878","168678615.065401","192057756.735252","195031936.470423","214747442.087254","226109339.574158","249806501.967644","254421759.876837","244967017.69303","246916025.824981","283966258.519539","281183945.215569","263128653.544293","259264822.146092","257666583.140291","262154353.119046","291479151.646694","286004850.667635","338465050.219548","314399356.116474","333560136.413956","","","","",
"Mali","MLI","Adjusted savings: carbon dioxide damage (current US$)","NY.ADJ.DCO2.CD","","","","","","","","","","","","","","","","","","","","","","","","","","","","","","","121175.989906207","128092.535091174","133959.41119973","140220.235004614","146436.858100429","152871.412251783","159173.023561696","165561.004716376","8160128.10595127","16745117.0819992","26171871.8737702","31245013.8744098","28213866.2244648","29418035.5306847","32652405.5106112","38389305.7310098","46349960.5405494","53309221.913873","55822496.4859169","69319866.9680211","79447513.5940953","93064564.2313052","96627847.7008566","104087744.005541","113807162.3677","126920792.496847","167706961.243722","193820534.388682","214307730.447919","237741105.013447","253700184.035392","291374164.603362","","","","",
"Malta","MLT","Adjusted savings: carbon dioxide damage (current US$)","NY.ADJ.DCO2.CD","","","","","","","","","","","","","","","","","","","","","","","","","","","","","","","27991653.6683338","28308450.2551494","29069192.2303413","39401886.0362966","36755651.3832078","36383396.1159244","36928141.4663135","40893568.1649449","40572385.1981292","42779928.0928842","39536231.9795251","48323033.8802984","46754406.3371369","54843622.1118475","57362331.1618334","61190230.2574255","64988042.7420072","70048835.6556462","72998652.696223","69319866.9680211","74017645.8659474","76658952.7675147","84510532.9184509","76611161.2389353","79462982.886127","57722878.3023139","48480599.1389067","56873980.3739436","60727053.8786704","67693007.127174","55983011.5575067","57456204.0873553","","","","",
"Myanmar","MMR","Adjusted savings: carbon dioxide damage (current US$)","NY.ADJ.DCO2.CD","","","","","","","","","","","","","","","","","","","","","","","","","","","","","","","49439803.8817324","51493199.1066519","57334627.9934843","67445933.0372194","82736824.8267426","106092760.102737","116355480.2236","120031728.419373","135412475.49249","154611275.389635","175221610.275454","162047121.646784","167267927.880289","220425136.599268","223933715.679462","249414165.838771","244502181.197716","267576256.932393","212018146.027929","206854896.293682","232341115.560926","259208671.084191","371597781.726838","439625262.609906","573749729.372404","662074504.712077","785026598.555717","1216055516.67605","1290547827.68104","1497402020.67715","1788278346.01572","1752641167.79016","","","","",
"Middle East, North Africa, Afghanistan & Pakistan (excluding high income)","MNA","Adjusted savings: carbon dioxide damage (current US$)","NY.ADJ.DCO2.CD","","","","","","","","","","","","","","","","","","","","","","","","","","","","","","","","","","","","","","","","","","","","","","","","","","","","","","","","","","","","","","","","","","",
"Montenegro","MNE","Adjusted savings: carbon dioxide damage (current US$)","NY.ADJ.DCO2.CD","","","","","","","","","","","","","","","","","","","","","","","","","","","","","","","23265790.0619917","17420584.7723996","19825992.85756","18088410.3155952","18451044.1206541","20331897.8294871","24671818.6520629","27648687.7876348","30129703.7758259","21478719.0839792","28213649.1121494","32409424.3293567","35670388.2354387","39714348.3421642","45007368.3362223","46532492.4675398","53461861.2896132","54081818.6210244","72193521.2736703","48330584.7230889","73731863.7125492","75764102.0089416","72393210.7283683","73378625.7167335","74749081.4076892","82063849.0826907","77209845.1342913","84936799.9895446","97946864.1078366","106025190.128865","90279506.7660702","105263089.528971","","","","",
"Mongolia","MNG","Adjusted savings: carbon dioxide damage (current US$)","NY.ADJ.DCO2.CD","","","","","","","","","","","","","","","","","","","","","","","","","","","","","","","157165258.90835","189064581.794573","172271802.802852","166160978.480468","151122837.559643","157151811.794833","138321357.475114","141057976.018352","146368731.410973","152836174.638893","167054501.321937","174079363.014569","193466522.235857","195629948.427968","210916896.189201","257324693.108401","304585459.157128","335307302.466584","348085490.810275","376702395.551957","408954663.514135","469200514.888651","532540613.016544","594140568.468768","610114144.317003","601569741.367785","652512944.070805","732626674.576595","844301938.718539","940769689.859766","907128151.114488","960771244.223429","","","","",
"Northern Mariana Islands","MNP","Adjusted savings: carbon dioxide damage (current US$)","NY.ADJ.DCO2.CD","","","","","","","","","","","","","","","","","","","","","","","","","","","","","","","","","","","","","","","","","","","","","","","","","","","","","","","","","","","","","","","","","","",
"Mozambique","MOZ","Adjusted savings: carbon dioxide damage (current US$)","NY.ADJ.DCO2.CD","","","","","","","","","","","","","","","","","","","","","","","","","","","","","","","13571710.8694952","12040698.2985703","14735535.2319703","18088410.3155952","16108054.3910472","17885955.2334586","18464070.7331567","21357369.6084125","21227745.8420592","21833739.2341276","26543104.09893","27363645.6912533","31639837.2904561","39924476.9705672","42139251.7781306","39785281.9472834","45614247.5772381","57429743.8254002","60116537.1381473","68767517.95509","76589692.0601143","99925093.825341","114337780.702337","135766615.244036","163639883.306159","191945959.960653","261436122.718335","269777240.665327","272292274.747033","305841905.82071","333599799.741245","389000107.072306","","","","",
"Mauritania","MRT","Adjusted savings: carbon dioxide damage (current US$)","NY.ADJ.DCO2.CD","","","","","","","","","","","","","","","","","","","","","","","","","","","","","","","11390543.0511834","12553068.438935","13529900.5311727","14723124.6754845","15668743.8167459","17885955.2334586","19578281.8980886","20364003.5801142","21227745.8420592","23076309.7596471","23573246.2976511","27169577.2820955","31236780.0338009","31099067.0628411","36182394.5136363","35132031.5911084","42426155.1460935","51248964.0281356","50991704.7512925","64901068.2800544","68587784.9513835","73377833.3194131","84821233.1075466","83722747.0947518","97645198.3861598","123791233.485112","117071666.621691","130585654.301434","144569573.664993","161076739.010065","167728256.882405","186304338.254287","","","","",
"Mauritius","MUS","Adjusted savings: carbon dioxide damage (current US$)","NY.ADJ.DCO2.CD","","","","","","","","","","","","","","","","","","","","","","","","","","","","","","","14056414.82912","16011566.8863967","17682642.2783643","20612374.5456783","22111965.5731648","23695068.8990264","25626856.7934331","26820882.7640529","30643278.2720048","39052216.5163258","45104715.3569231","49875581.153561","52598706.5286799","57785427.9193536","61112946.9432167","68868089.7394958","80928501.9742675","87561046.1045709","93126957.4558891","94451773.3944544","104596370.347464","108575332.048164","115891281.647815","123482972.552697","132999491.585379","137700364.382748","145082677.935374","156029279.91744","161808223.989798","170048102.7475","147514144.800766","160278087.018995","","","","",
"Malawi","MWI","Adjusted savings: carbon dioxide damage (current US$)","NY.ADJ.DCO2.CD","","","","","","","","","","","","","","","","","","","","","","","","","","","","","","","6664679.44484138","8197922.24583512","8439442.90558297","10095856.9203322","10836327.4994318","11465355.9188837","11778803.7435655","12748197.363161","12839362.4044713","14023295.9308625","13178743.993175","13196651.8227321","13703878.2579738","15759662.1598237","16988075.2002389","17682346.9157809","19128554.5868686","21375195.5196952","25764229.5164972","27065127.9716913","25434635.4999747","27740400.1844232","29516545.742871","31678878.9454678","28620144.2161549","32338721.8755659","40220940.9687459","44526342.5977769","54066668.8007071","59129437.069828","62637181.1456422","69765994.344334","","","","",
"Malaysia","MYS","Adjusted savings: carbon dioxide damage (current US$)","NY.ADJ.DCO2.CD","","","","","","","","","","","","","","","","","","","","","","","","","","","","","","","661863256.867702","833882403.443541","899805365.028584","1024168596.4737","1167687506.49282","1319433159.14514","1570082704.41257","1755277772.00302","1809322950.03809","2031602809.22431","2308321976.04401","2512409624.9572","2748433770.70237","3036151562.72445","3491821819.64145","3895234901.85598","4269591785.22982","4891572013.05224","5445645856.6612","5024447385.53587","5721935767.08542","6047407357.54635","6394526614.21801","7229895962.30154","7968184428.34497","8225162361.82531","8473690589.83717","8516878485.17019","9575677366.11538","10328077439.1879","9851523779.61182","10577800543.796","","","","",
"North America","NAC","Adjusted savings: carbon dioxide damage (current US$)","NY.ADJ.DCO2.CD","","","","","","","","","","","","","","","","","","","","","","","","","","","","","","","","","","","","","","","","","","","","","","","","","","","","","","","","","","","","","","","","","","",
"Namibia","NAM","Adjusted savings: carbon dioxide damage (current US$)","NY.ADJ.DCO2.CD","","","","","","","","","","","","","","","","","","","","","","","","","","","","","","","","14346363.9302115","16343048.166367","19771053.1356506","24015644.7284704","27058239.9685656","30561220.5238456","32615517.9291261","34580682.7427093","35146994.8646933","36009525.8405065","47740828.6528249","42925385.2216799","47699243.7362774","52508599.8989891","58863602.3057853","62045185.041836","67473507.1584218","79171333.33441","83404779.9667974","89449902.5901968","99328526.6529587","109677270.458226","122513211.896036","132999491.585379","146045832.972746","148314723.300556","159770985.631147","165726094.817735","172087037.119362","164829643.236501","181779966.767218","","","","",
"New Caledonia","NCL","Adjusted savings: carbon dioxide damage (current US$)","NY.ADJ.DCO2.CD","","","","","","","","","","","2773007.2763616","2979415.88246351","3407924.41690451","4349114.72291703","5894708.64486059","5571455.99862438","5947114.5925538","6868147.83895192","7547599.18514904","8974470.10888354","10778469.4474041","11638526.8232212","8757085.0895312","8426032.99498991","9480454.60924928","13323506.299394","13325594.2635381","15295825.7214041","15806441.4505286","18302635.0226241","19057107.3012684","21341257.5335518","22269863.6663481","22351763.7096067","23620692.0311096","24386819.6371749","28111203.813831","29490389.2815731","31738060.7114835","33596637.4366287","42504717.9292392","44639530.550147","50948300.3405519","58246382.698124","55371612.7389525","64147362.7215466","66169223.9101625","69785346.6383446","75445912.1964138","81195955.8945514","104456520.893161","109392142.78889","115371273.614751","127493228.453274","161166847.841939","160491234.782755","175664355.259881","173953419.920676","202770541.735311","220559099.844617","234754259.140923","257208225.200895","","","","",
"Niger","NER","Adjusted savings: carbon dioxide damage (current US$)","NY.ADJ.DCO2.CD","","","","","","","","","","","","","","","","","","","","","","","","","","","","","","","6907031.42465379","6916996.89492339","6697970.55998649","7992553.39526301","8054027.19552361","8102184.8493445","9709554.43726346","10264782.2924153","11469830.414661","11538154.8798235","12436279.5428553","13002583.4135743","14106933.1122324","15969790.7882269","17429324.8118848","17682346.9157809","18392841.6235575","21117663.2839781","23080456.5083341","29826876.3286054","39152192.4902514","42058024.7669662","58722391.2966466","63681011.4431557","72392130.6684703","73370644.3442898","75773375.7708874","71466646.0388005","76398555.8723009","87674683.5575845","92373511.4022047","98289765.2137511","","","","",
"Nigeria","NGA","Adjusted savings: carbon dioxide damage (current US$)","NY.ADJ.DCO2.CD","","","","","","","","","","","","","","","","","","","","","","","","","","","","","","","881797678.547467","1049462140.00199","1229881354.22472","1209259306.67979","1147039909.50066","1317292959.37361","1595391215.15888","1633259311.52705","1518468593.70214","1544692673.29576","1804559846.50208","1978527431.36402","1858890717.56623","2122301170.85626","2178224367.65423","2296843856.59895","2176976652.23953","2089103559.19528","2333004718.53393","2125164769.68483","2573756458.25767","2833696771.23874","2962218314.04726","3495343904.79224","3866413083.01606","3747119044.72306","3980077626.99498","4059754571.05695","4305352334.81124","4700993937.28925","4753567816.15314","5232703684.74056","","","","",
"Nicaragua","NIC","Adjusted savings: carbon dioxide damage (current US$)","NY.ADJ.DCO2.CD","","","","","","","","","","","","","","","","","","","","","","","","","","","","","","","23386966.0518979","24593766.7375054","30006908.1087395","30848451.7010151","37048525.0994086","40510924.2467225","44886792.6443983","49999423.4243455","60259407.5516518","62838566.5762698","69977274.4426337","76268884.7990252","81820212.2911876","95818744.7293614","99942839.1267281","100975512.204709","111583243.860457","121040261.308012","120769828.557997","121240720.275161","128887880.640638","142281405.734319","145718529.431701","144494468.860953","160272810.821561","183252755.222252","193204166.154915","205045669.371666","200203395.467345","213681535.533182","213824901.466952","247970284.498502","","","","",
"Netherlands","NLD","Adjusted savings: carbon dioxide damage (current US$)","NY.ADJ.DCO2.CD","","","","","","","","","","","","","","","","","","","","","","","","","","","","","","","1798009338.2283","1979157759.69373","2052927976.63586","2217583016.59797","2302866030.48735","2508772746.46401","2763562035.07817","2753445069.43805","2854275858.26333","2865900162.07309","3008837184.92067","3243271253.84557","3374176782.68875","3579754740.22201","3797386354.47395","3907100559.6299","4014544156.86115","4237697058.70117","4434131382.61696","4432329032.96935","4890023107.72708","4735853141.85719","4892600581.56335","5077994776.20098","5043542458.51597","5473589558.82859","5693417574.99875","5828086172.2298","5930094964.45768","5967587117.03685","5793357870.50952","6329285550.5224","","","","",
"Norway","NOR","Adjusted savings: carbon dioxide damage (current US$)","NY.ADJ.DCO2.CD","","","","","","","","","","","","","","","","","","","","","","","","","","","","","","","355166826.415092","350076898.404178","404557421.823184","454734222.119964","503889228.723577","525724786.733882","550738661.523468","604959911.233638","648644588.673889","704714998.044607","636477650.036581","673805516.595968","692650406.080907","781048818.165125","823811358.807857","845728015.096063","912284963.238619","972185116.980222","989507433.319388","1033722171.9626","1183425021.46288","1181204082.28606","1195886220.46497","1276852748.97137","1316863325.13612","1373178678.84283","1391931783.75163","1411372786.87579","1472729054.70363","1466002233.01245","1467502989.76842","1585407651.41612","","","","",
"Nepal","NPL","Adjusted savings: carbon dioxide damage (current US$)","NY.ADJ.DCO2.CD","","","","","","","","","","","","","","","","","","","","","","","","","","","","","","","11390543.0511834","15114919.1407585","16477007.5775668","19771053.1356506","25480013.3094747","29045568.3278388","31197912.6180924","36257860.0328863","39716427.7044978","55383143.423153","59768388.2507375","67147669.5686074","56226205.0218004","63458905.8961011","61995443.5364611","74219326.8170314","64252323.9317692","69276238.9484948","80244841.8978134","107155813.860904","132603041.82123","155107607.052176","186420291.24161","196861605.976403","240072500.956148","250016570.266126","373839274.611439","466965301.275415","595125129.879159","548476476.660511","605842526.126016","737047832.372402","","","","",
"Nauru","NRU","Adjusted savings: carbon dioxide damage (current US$)","NY.ADJ.DCO2.CD","","","","","","","","","","","","","","","","","","","","","","","","","","","","","","","1575287.86878069","1665202.95618526","1607512.93439676","1542422.58505076","1610805.43910472","1681585.53476961","1591730.23561696","1655610.04716376","1711914.98726284","1597590.67566787","1670545.01321937","1552547.2732626","1612220.91853229","1470901.80784587","1544370.51757934","1628637.24329778","1226189.45984215","1030129.90225186","1073509.56318738","1104699.05469294","1143129.67821489","1193135.45595818","1242801.91383194","1616269.3265797","1683537.87293264","2086369.09058223","2154693.20884812","2619196.50860726","2350724.68604529","2446735.19187689","2482792.47785917","2607668.17385477","","","","",
"New Zealand","NZL","Adjusted savings: carbon dioxide damage (current US$)","NY.ADJ.DCO2.CD","","","","","","","","","","","","","","","","","","","","","","","","","","","","","","","270343633.480747","289873406.911326","326593044.504941","335967683.071056","354816507.17734","371936146.008588","404458652.870269","458438422.059645","465298493.538039","507856324.78731","546639451.547895","613644309.757042","635618129.78893","701830320.247264","724530397.386157","796403597.931502","840430254.478521","856810577.138094","917045515.709019","860836759.71772","887354410.744758","903501871.527875","997659277.591668","1030856541.40172","1076454076.79284","1122466553.37504","1120081397.28082","1232144878.00778","1267824232.92465","1386891027.14892","1385214107.67487","1498854047.29806","","","","",
"OECD members","OED","Adjusted savings: carbon dioxide damage (current US$)","NY.ADJ.DCO2.CD","","","","","","","","","","","","","","","","","","","","","","","","","","","","","","","","","","","","","","","","","","","","","","","","","","","","","","","","","","","","","","","","","","",
"Oman","OMN","Adjusted savings: carbon dioxide damage (current US$)","NY.ADJ.DCO2.CD","","","","","","","","","","","","","","","","","","","","","","","","","","","","","","","144441779.968199","201361465.163325","199867441.509997","212854316.737004","237081273.264595","288468354.919115","308477319.662567","331453131.442185","334165805.513706","390167145.01311","466082058.688205","543973750.869383","603978261.267322","666108403.320107","689671750.392434","721486301.034426","961087250.624659","1088332222.82924","1108667063.01844","1203845825.97378","1345463713.66071","1599398082.60112","1881291415.40868","2036822520.74762","2235401533.81888","2438617697.70982","2590300311.83394","2691411498.01904","2961913110.83896","3100421296.82753","3149890508.54927","3521955371.74067","","","","",
"Other small states","OSS","Adjusted savings: carbon dioxide damage (current US$)","NY.ADJ.DCO2.CD","","","","","","","","","","","","","","","","","","","","","","","","","","","","","","","","","","","","","","","","","","","","","","","","","","","","","","","","","","","","","","","","","","",
"Pakistan","PAK","Adjusted savings: carbon dioxide damage (current US$)","NY.ADJ.DCO2.CD","","","","","","","","","","","","","","","","","","","","","","","","","","","","","","","715301868.416339","772526079.134869","897260136.21579","1034124233.15903","1116581043.01577","1264858064.97125","1366022888.20648","1479453138.14554","1543976127.01235","1753267011.50796","1825905699.44877","1937578997.03172","2062232165.41291","2220221282.02743","2617708049.81677","2830804136.66101","3248911439.60826","3766669930.30874","3815253171.12824","4008400592.69169","4018672334.0466","4226682356.17655","4468183604.72138","4721445807.53019","5193377737.99424","5707262944.64413","6503941618.20116","7439640634.0727","7338570750.76433","7771239230.97412","7932105687.32266","9007584095.11625","","","","",
"Panama","PAN","Adjusted savings: carbon dioxide damage (current US$)","NY.ADJ.DCO2.CD","","","","","","","","","","","","","","","","","","","","","","","","","","","","","","","32596341.2847696","39964870.9484462","48761225.6767016","53283689.3017534","59160490.6725734","66651935.7417774","70195303.3907079","76820306.1883985","97921537.2714342","88932547.6121784","98005307.4422032","120710550.496167","109026438.977609","116201246.733778","123770268.184706","165655670.521831","183683172.734211","192634296.518014","195915504.779643","240272044.498598","262634037.448292","297985579.958876","324992708.916435","331335207.011558","362297352.563076","372069156.171168","386767456.072169","379035154.556764","394138197.60999","543990809.375474","445320109.939494","528527611.860271","","","","",
"Peru","PER","Adjusted savings: carbon dioxide damage (current US$)","NY.ADJ.DCO2.CD","","","","","","","","","","","","","","","","","","","","","","","","","","","","","","","253015466.92416","259643568.629809","281716641.753032","305680112.310059","330068678.158368","392115172.425824","446639504.114119","462908569.186987","461703472.064787","516021788.240724","531418930.31634","515057557.904867","558836079.152012","570709895.808104","689230491.575624","728000865.955545","756313651.302717","870717354.707136","1027617076.90084","1137011476.88779","1286020916.73656","1444588794.69335","1495090702.57132","1608187955.98293","1790274085.74641","1896857247.38952","2041930998.47779","2030625644.51308","2138767730.63692","2314203754.04338","2103947070.45971","2511439607.95888","","","","",
"Philippines","PHL","Adjusted savings: carbon dioxide damage (current US$)","NY.ADJ.DCO2.CD","","","","","","","","","","","","","","","","","","","","","","","","","","","","","","","497790966.534698","520696155.145622","589689328.10121","670252723.322056","754296256.075311","943980970.65476","1069961064.38172","1238230754.27378","1270583303.54648","1270617117.38118","1338292171.7013","1367794147.74435","1442333165.33047","1547178508.72349","1657771417.91783","1783823056.14137","1703667640.05432","1885652859.65672","2016856177.86969","2107213578.20853","2341415424.45976","2464719541.31028","2677616792.68215","3087074367.76623","3428356463.07803","3860130706.32227","4379773127.53617","4995181891.57699","5428999070.72288","5930070584.59125","5605747378.94463","6385430615.03754","","","","",
"Palau","PLW","Adjusted savings: carbon dioxide damage (current US$)","NY.ADJ.DCO2.CD","","","","","","","","","","","","","","","","","","","","","","","","","","","","","","","","","2679188.22399459","2804404.70009228","2928737.16200859","3057428.24503566","3183460.47123392","3311220.09432752","3423829.97452567","3550201.50148417","3897938.36417854","4269505.00147215","4433607.60103868","4622834.20849898","5074360.3424941","6049223.79889597","6130947.2078525","6180779.41351115","5635925.15674458","5523495.47923093","6001430.75739706","6263961.08822075","6835410.64182063","7111584.89244492","7407566.4903836","7302291.75226838","8977888.57087194","9728443.77657117","9794686.41078366","10194730.1940237","9680047.85714166","9039777.61512874","","","","",
"Papua New Guinea","PNG","Adjusted savings: carbon dioxide damage (current US$)","NY.ADJ.DCO2.CD","","","","","","","","","","","","","","","","","","","","","","","","","","","","","","","26295189.8096469","27924172.6498759","29203151.6415411","30988671.9360197","30165992.7686884","32561610.8096298","35495584.2542582","39734641.1319302","45365747.1624652","46152619.5192942","52529359.8601203","65789190.7045026","72751468.4607828","85732560.5462852","109209053.355795","114702589.93857","117223715.759435","130053907.978271","127747647.017352","138915915.027027","143462777.277525","153914472.707411","151932533.213613","169385015.502825","198320753.980724","226371059.346826","275082500.331848","284744081.362019","296191314.820272","309104216.371613","312331739.996725","337180459.577404","","","","",
"Poland","POL","Adjusted savings: carbon dioxide damage (current US$)","NY.ADJ.DCO2.CD","","","","","","","","","","","","","","","","","","","","","","","","","","","","","","","4243704342.50527","4503989718.87585","4599764302.36512","4823856524.62874","4975192253.96209","5197628016.56062","5655735873.19418","5705728905.54047","5450908510.9436","5484706299.64289","5489967761.7766","5698430698.10121","5790291705.93506","6256165850.64684","6659546402.46736","7011283444.55247","7702676744.24877","8070553025.3314","8274879915.02711","8209571478.15073","8966137552.40291","9264398629.49193","9425099414.32692","9642662264.0906","9620745755.21856","10052126036.1876","10766283535.8162","11706311111.814","12220242697.027","12035083087.7647","11760604110.4237","12926891690.3065","","","","",
"Pre-demographic dividend","PRE","Adjusted savings: carbon dioxide damage (current US$)","NY.ADJ.DCO2.CD","","","","","","","","","","","","","","","","","","","","","","","","","","","","","","","","","","","","","","","","","","","","","","","","","","","","","","","","","","","","","","","","","","",
"Puerto Rico (US)","PRI","Adjusted savings: carbon dioxide damage (current US$)","NY.ADJ.DCO2.CD","","","","","","","","","","","3551324.09588785","4082835.81425186","4613691.79433738","4970407.11778041","5417523.92287182","5428797.60999627","5810990.37848612","5828597.77621707","6391884.18148079","6161707.73670173","6521880.67695699","7048718.95234501","6853492.77002937","7052846.43145243","7787301.74999199","7603948.71363856","7940269.10755858","9341875.55618517","10399428.9288516","11941320.6030991","10679014.6030928","11324832.6329799","11597821.9743757","12311131.6173995","13305993.0628169","14118315.7125509","14918025.3200301","15614972.2681036","15811116.203246","17807709.4441957","31164122.9856683","42671589.9386394","44340613.1210037","51255282.1698918","51490703.895525","54136700.0249104","57521234.1058731","60354641.7074014","65413527.5148508","60459085.4436851","67126684.1934599","72275283.034686","117142673.088482","137926850.477466","145211776.118606","145173466.112564","162895956.131686","46788988.0548708","48908454.6135929","50724476.3089655","50910885.5050088","56908502.8526614","","","","",
"Korea, Dem. People's Rep.","PRK","Adjusted savings: carbon dioxide damage (current US$)","NY.ADJ.DCO2.CD","","","","","","","","","","","","","","","","","","","","","","","","","","","","","","","1494463483.51325","1503037806.75983","1402421075.84997","1356069892.72962","1299627115.64131","1275253321.00437","1178039547.38011","1117867903.84497","1043240993.23797","1181862079.84408","1333094920.54906","1443674895.72506","1434876588.06438","1528477055.78574","1639680227.23614","1805227960.07467","1935907950.22404","1690185604.16492","1954592630.00335","1528903542.72506","1475208852.18495","1106633114.62189","1195575453.60678","893150389.430418","1051537724.35134","872797769.000226","1077346628.50463","2031374003.49768","1979701969.52198","2285250757.62656","2421899012.67752","2646135761.53775","","","","",
"Portugal","PRT","Adjusted savings: carbon dioxide damage (current US$)","NY.ADJ.DCO2.CD","","","","","","","","","","","","","","","","","","","","","","","","","","","","","","","497669790.544792","547851772.58495","626528166.181136","642068456.086128","692646338.815031","774905188.704288","775809316.839706","843202197.020503","951824732.918137","1104290177.03665","1144508950.16785","1191191895.41073","1322021151.99528","1271699681.50231","1370739164.26083","1523241169.3261","1482463053.5689","1514290970.5091","1525457127.48101","1554863933.16377","1455775638.49955","1487541631.10486","1498197778.53904","1505070018.87588","1546497877.30681","1733424971.77803","1751047326.58651","1995453628.64608","1939347909.33516","1820370998.55539","1707962180.63354","1901365017.31572","","","","",
"Paraguay","PRY","Adjusted savings: carbon dioxide damage (current US$)","NY.ADJ.DCO2.CD","","","","","","","","","","","","","","","","","","","","","","","","","","","","","","","25083429.9105848","25874692.0884171","33087974.5663332","39542106.2713012","48909910.6055434","57785393.831174","59212364.7649509","68045572.9384305","73098769.9561231","75796802.056687","65336871.6281355","70058695.7059748","76177439.5267739","82790759.7486407","87587871.0410224","86085112.1743699","96868967.0534549","95802083.7875726","115939040.02268","126211874.560578","144034341.584322","155704174.224558","160942846.105062","171324552.230091","189566365.520769","221502852.755021","257844953.590815","301581783.836496","331843986.059204","334794941.12733","353806795.619548","404804226.396959","","","","",
"West Bank and Gaza","PSE","Adjusted savings: carbon dioxide damage (current US$)","NY.ADJ.DCO2.CD","","","","","","","","","","","","","","","","","","","","","","","","","","","","","","","","","","","","","","6622440.18865504","8559574.93631418","8875503.75371042","11136966.7547958","23288209.098939","20152761.9321029","25215459.4557179","46331115.3301267","62818864.8311788","71118987.611089","71788227.9172686","80513219.0386644","55234953.9692445","65729957.9665354","70491757.2995354","68005657.4680831","78050228.1230467","88846074.8129609","108377383.698808","118570363.859083","122639591.3995","128413647.2128","136255275.213867","136985187.771237","148917809.63665","","","","",
"Pacific island small states","PSS","Adjusted savings: carbon dioxide damage (current US$)","NY.ADJ.DCO2.CD","","","","","","","","","","","","","","","","","","","","","","","","","","","","","","","","","","","","","","","","","","","","","","","","","","","","","","","","","","","","","","","","","","",
"Post-demographic dividend","PST","Adjusted savings: carbon dioxide damage (current US$)","NY.ADJ.DCO2.CD","","","","","","","","","","","","","","","","","","","","","","","","","","","","","","","","","","","","","","","","","","","","","","","","","","","","","","","","","","","","","","","","","","",
"French Polynesia","PYF","Adjusted savings: carbon dioxide damage (current US$)","NY.ADJ.DCO2.CD","","","","","","","","","","","379802.713804718","408337.718240436","464186.626284398","600931.624926954","819916.773602946","759067.859241344","807566.486701941","925728.563652407","1006229.47310094","1196524.05589654","1435418.19373219","2422259.48844559","3369489.8410198","4708651.67186826","6664957.65271871","6742451.98876912","7728715.26457803","9215865.56176985","9683295.87241093","9991377.13504433","10144439.1622398","10832127.1689377","10756930.9001135","11014261.2215544","9589515.13572305","10010030.821107","10462481.9475222","11784090.6332164","12623835.4746176","12708228.3203209","14433678.4002878","17155731.5758344","18545939.3986373","20470521.9863657","20434703.5496661","22604618.8943123","22356624.089281","23526590.8537241","26243380.8177571","27672086.8998524","28740723.8208977","29591988.4479432","29540218.0725372","31170296.2095303","31360226.3812837","33172457.8580075","33186819.2927635","33256545.9185413","35659871.7732916","38087528.5203354","39653350.2616964","43922796.4361641","","","","",
"Qatar","QAT","Adjusted savings: carbon dioxide damage (current US$)","NY.ADJ.DCO2.CD","","","","","","","","","","","","","","","","","","","","","","","","","","","","","","","151954691.342383","191882617.566578","196652415.641203","232905810.342664","270761750.627694","291220040.339647","333308311.338191","420359390.974879","453657471.624652","514779217.715204","531975778.65408","556005992.237168","654964762.793345","729987586.512461","817854491.023173","896681151.150376","1073406248.37692","1283284401.5695","1423473737.17427","1493276972.13034","1731269988.68168","2033997786.83131","2332739301.2943","2462224596.23195","2749554136.40803","2948039548.43922","3121432232.56473","3275492339.78933","3385827126.74127","3750437393.55639","3755501103.60078","4089489810.83358","","","","",
"Romania","ROU","Adjusted savings: carbon dioxide damage (current US$)","NY.ADJ.DCO2.CD","","","","","","","","","","","","","","","","","","","","","","","","","","","","","","","2091861113.75085","1828649030.9616","1690433809.92939","1650392166.00431","1686366857.88454","1847909631.29955","1977088125.65983","1880938574.58275","1704040178.32143","1508658128.0557","1652354634.18654","1848113460.40997","1889119860.46438","2062204312.99489","2103653226.68186","2203546159.49947","2434231331.79422","2491111778.25319","2560857071.08175","2229006542.14431","2218243268.65009","2507374143.91709","2543083425.61183","2330336961.95878","2408805983.52451","2549543075.06639","2570908039.64285","2776722423.9753","2945849980.55853","3015601066.94482","2869600365.00021","3073267253.95935","","","","",
"Russian Federation","RUS","Adjusted savings: carbon dioxide damage (current US$)","NY.ADJ.DCO2.CD","","","","","","","","","","","","","","","","","","","","","","","","","","","","","","","26216788944.1776","27366201567.0187","27204611185.8523","26364909686.7426","24675342774.2128","25001966602.3669","25486466186.6516","24660477213.5089","25472781435.9748","27047565159.2073","29027575765.8124","30413818877.9868","31545923673.9829","33830741436.4216","35321518150.6294","37504723149.4936","40583191348.9336","42702749018.6951","44421556767.6785","42715124341.4642","46234736960.2072","50681113159.8858","52065944845.2585","52777013032.1909","54275912069.0119","55377802590.2208","56435726488.9842","59663427184.4156","65075896513.2466","69470560251.1364","69121256563.2331","76340677318.3827","","","","",
"Rwanda","RWA","Adjusted savings: carbon dioxide damage (current US$)","NY.ADJ.DCO2.CD","","","","","","","","","","","","","","","","","","","","","","","","","","","","","","","6664679.44484138","6404626.75455869","6697970.55998649","7151231.98523532","6882532.33072018","7032084.96358202","7640305.13096141","8443611.24053518","8730766.43504046","9408033.97893304","10023270.0793162","10867830.9128382","11285546.7300256","11557085.8343638","12354964.1406347","12796435.7059287","13488084.1496218","14936883.4867136","15029134.2845369","16294310.6966299","17146946.2378459","20283303.4180055","23302536.4052012","26183562.7774953","28956851.4646147","34077363.2377704","41657401.7701684","44526342.5977769","50540580.3850932","54235966.3822472","55719515.1324252","67747293.2067862","","","","",
"South Asia","SAS","Adjusted savings: carbon dioxide damage (current US$)","NY.ADJ.DCO2.CD","","","","","","","","","","","","","","","","","","","","","","","","","","","","","","","","","","","","","","","","","","","","","","","","","","","","","","","","","","","","","","","","","","",
"Saudi Arabia","SAU","Adjusted savings: carbon dioxide damage (current US$)","NY.ADJ.DCO2.CD","","","","","","","","","","","","","","","","","","","","","","","","","","","","","","","2077077642.98229","2407243011.96843","2706515943.87934","2850116496.70379","3021871003.76046","3131265137.15327","3464400857.82031","3643501030.79329","4004169155.20777","4251721318.17744","4634091866.67054","4931084208.29117","5486589436.01502","5985099148.48805","6616304216.68104","7335614973.85358","8226259785.48069","9132616726.79548","10459203940.677","11227332884.8457","12749611508.0685","13833510741.7418","15301066842.5532","16266457237.9564","18199718207.9861","19653249629.2818","20154640909.1243","20394935057.8852","20422313336.5453","21359184318.7978","20997738143.0124","22930848555.8836","","","","",
"Sudan","SDN","Adjusted savings: carbon dioxide damage (current US$)","NY.ADJ.DCO2.CD","","","","","","","","","","","","","","","","","","","","","","","","","","","","","","","65071506.5796331","61484416.8437634","60683613.2734776","45010695.4364811","68825323.3072018","68945006.9255542","68603573.155091","86753966.471381","81658344.8924373","94257849.8644046","105615568.05798","121292755.723641","155377795.26528","166632157.629436","194811307.062017","244295585.454584","316356866.570106","359515344.904102","401224203.090451","427518531.079674","469254745.57622","474867924.361205","490906772.862381","491992384.311411","542772630.403165","650599410.786458","758811111.87192","784262231.267627","817268658.028599","840861380.626106","878192295.487792","963332608.210333","","","","",
"Senegal","SEN","Adjusted savings: carbon dioxide damage (current US$)","NY.ADJ.DCO2.CD","","","","","","","","","","","","","","","","","","","","","","","","","","","","","","","28234005.6481462","29845560.6762435","34427568.6783305","35195278.9861582","38220019.9642121","42192509.7814921","46637695.9035769","53145082.5139567","61628939.5414621","70293989.7293865","75360141.7074517","86554510.4843899","92299648.1114976","94347839.3206773","118916526.401672","131919617.920549","136597508.000741","159670133.505902","172835045.072001","184208573.594477","200905051.432799","225800895.207511","231471855.698857","258926349.658458","288558376.8453","323039486.752499","363784049.001482","366687516.780598","398839642.603516","433072133.97535","452760936.454755","511075126.207865","","","","",
"Singapore","SGP","Adjusted savings: carbon dioxide damage (current US$)","NY.ADJ.DCO2.CD","","","","","","","","","","","","","","","","","","","","","","","","","","","","","","","351046842.758281","390297954.422807","420766510.578351","507036369.776685","556167187.065431","574490767.242201","613134486.759653","631780793.997691","634264502.780881","670988083.780508","781815066.186666","815669523.690338","832107558.626934","801851607.485519","874113685.663168","858524521.527584","911549185.95911","986091894.549264","1031105909.34713","1072386681.88199","1212003264.05703","1335416902.58444","1357450378.0561","1419407696.519","1494981660.26472","1579729175.67403","1655522597.6721","1838675918.3766","1857072603.2666","1932105309.92795","1870206773.93644","2096281284.32733","","","","",
"Solomon Islands","SLB","Adjusted savings: carbon dioxide damage (current US$)","NY.ADJ.DCO2.CD","","","","","","","","","","","","","","","","","","","","","","","","","","","","","","","1817639.8485931","2049480.56145878","2277309.9903954","2523964.23008305","2782300.30390816","3057428.24503566","3342633.49479562","3476781.0990439","3766212.97197824","4082731.72670679","4454786.70191833","4851710.22894562","5239717.91015505","5673478.60298031","6839355.17276252","7910523.80268836","8338088.29038331","8756104.45695578","8588076.50549908","9113767.76707392","9716602.58421335","10439935.2951938","10874516.803902","12606900.0970458","11448057.4857686","10779573.958522","12928160.0557745","13095982.2642573","14104348.9919849","14680412.0627413","14258071.9496507","14753710.0463615","","","","",
"Sierra Leone","SLE","Adjusted savings: carbon dioxide damage (current US$)","NY.ADJ.DCO2.CD","","","","","","","","","","","","","","","","","","","","","","","","","","","","","","","3877631.67699862","4355146.19309991","4286701.15839135","4627267.75515227","5125290.03351503","3668913.89404279","4934363.73041258","3807903.10847665","4279787.46815709","3550201.50148417","6125331.7151377","8539010.00294429","10076380.9660515","11557085.8343638","11693090.3806778","10469810.5278412","14469034.7673699","12876624.0659632","13955624.1214793","14361087.505242","16003815.9208575","22073006.7130621","26720242.1890913","33618400.2587889","38721369.6976838","31643266.1597327","33397745.7405031","35172067.162344","33693721.8135523","36701027.72624","37233831.4862074","41377070.1650216","","","","",
"El Salvador","SLV","Adjusted savings: carbon dioxide damage (current US$)","NY.ADJ.DCO2.CD","","","","","","","","","","","","","","","","","","","","","","","","","","","","","","","28839885.5976772","39324408.2729904","44876402.7519095","54966332.1218088","65310838.7127915","75824220.4768844","69876957.3435845","88078454.509112","97065579.7778028","99583152.1166309","104501871.382501","113918156.175643","119707407.029842","136793872.356737","147377067.834278","159141127.789134","177552225.526358","196497286.193824","185448777.09061","184484741.516422","186901705.47554","202236470.563494","210344228.025002","208821995.115522","221890293.483849","243409732.675225","257485846.952442","238721056.478759","266807255.587921","318075589.831501","298492799.113277","347003226.846556","","","","",
"San Marino","SMR","Adjusted savings: carbon dioxide damage (current US$)","NY.ADJ.DCO2.CD","","","","","","","","","","","","","","","","","","","","","","","","","","","","","","","","","","","","","","","","","","","","","","","","","","","","","","","","","","","","","","","","","","",
"Somalia, Fed. Rep.","SOM","Adjusted savings: carbon dioxide damage (current US$)","NY.ADJ.DCO2.CD","","","","","","","","","","","","","","","","","","","","","","","","","","","","","","","8845847.2631531","9094569.99147334","9109239.96158162","8974095.04029531","9225522.06032705","9172284.73510698","9072862.34301667","9105855.25940068","8901957.93376675","8875503.75371042","9095189.51641658","9897488.86704907","11487074.1571549","12187471.7195733","12796212.4372569","13494422.4272892","14223797.1129329","15967013.9645954","16639398.7292963","16846661.3556907","18004292.6980402","18791883.7091398","19574130.4322155","21011500.161743","21885991.2192242","22602331.4907937","23701626.7689199","24695282.2430313","25857973.1519724","28137455.2382808","29384061.5651658","31649448.856962","","","","",
"Serbia","SRB","Adjusted savings: carbon dioxide damage (current US$)","NY.ADJ.DCO2.CD","","","","","","","","","","","","","","","","","","","","","","","","","","","","","","","750200553.509327","668643033.175927","642871214.347503","599020843.939712","569639378.01067","681042141.581693","822128666.69616","932274017.557913","962267414.34044","710217810.371908","816525279.239113","873307841.210212","979021211.56237","1095821874.24286","1243218227.6938","1179365989.63847","1300006004.79068","1325262125.29113","1337324617.37359","1294431116.7706","1346035182.57733","1528108255.71997","1422697551.10436","1502160729.19893","1311812660.21508","1578338231.08042","1674196622.33852","1771325179.84613","1807315578.36521","1873791440.7734","1881096609.4783","2114011244.46364","","","","",
"Sub-Saharan Africa (excluding high income)","SSA","Adjusted savings: carbon dioxide damage (current US$)","NY.ADJ.DCO2.CD","","","","","","","","","","","","","","","","","","","","","","","","","","","","","","","","","","","","","","","","","","","","","","","","","","","","","","","","","","","","","","","","","","",
"South Sudan","SSD","Adjusted savings: carbon dioxide damage (current US$)","NY.ADJ.DCO2.CD","","","","","","","","","","","","","","","","","","","","","","","","","","","","","","","5210567.56596689","5251793.93873813","4822538.80319027","3505505.87511535","4978853.1754146","5503370.84106419","5889401.87178275","7450245.21223692","6676468.45032506","7455423.15311675","8538341.17867679","10285625.6853647","13502350.8308445","15759662.1598237","20959313.8149097","21172284.6829122","24523788.83141","30131299.2091445","33278797.4585925","35626544.2566396","37437496.1630709","38180334.5906618","44119467.5937992","46871811.3137614","51516257.1807586","68502454.3334574","62126989.5953925","56873980.3739436","60727053.8786704","69324167.2638517","73647038.4881924","80651255.2075574","","","","",
"Sub-Saharan Africa","SSF","Adjusted savings: carbon dioxide damage (current US$)","NY.ADJ.DCO2.CD","","","","","","","","","","","","","","","","","","","","","","","","","","","","","","","","","","","","","","","","","","","","","","","","","","","","","","","","","","","","","","","","","","",
"Small states","SST","Adjusted savings: carbon dioxide damage (current US$)","NY.ADJ.DCO2.CD","","","","","","","","","","","","","","","","","","","","","","","","","","","","","","","","","","","","","","","","","","","","","","","","","","","","","","","","","","","","","","","","","","",
"Sao Tome and Principe","STP","Adjusted savings: carbon dioxide damage (current US$)","NY.ADJ.DCO2.CD","","","","","","","","","","","","","","","","","","","","","","","","","","","","","","","605879.949531034","640462.675455869","535837.644798919","560880.940018457","732184.290502147","764357.061258915","795865.11780848","827805.02358188","855957.493631418","887550.375371042","928080.562899651","970342.045789124","1209165.68889922","1470901.80784587","1544370.51757934","1861299.6570983","1961903.06266085","2060259.80450372","2415396.66713917","2485573.0273838","2857824.30199948","2982838.75101485","3728405.74149583","3879046.23928553","4040490.74451832","4172738.18116446","4668501.88561376","5238393.01721451","5485024.41339119","6116838.3594755","6536827.09737807","7125282.76196725","","","","",
"Suriname","SUR","Adjusted savings: carbon dioxide damage (current US$)","NY.ADJ.DCO2.CD","","","","","","","","","","","","","","","","","","","","","","","","","","","","","","","21326974.2234924","26258969.6936906","27461679.2959446","28885368.4109505","30312429.6267889","31950125.1606227","33585507.9715179","35264494.0045881","36463789.2286984","38164666.1409548","27471184.6618297","29498398.1919894","22571093.4600511","25845846.3428999","30666785.545764","39319957.4663765","37521396.210426","36312079.0064089","39183100.9559285","40045342.9446063","49726142.386357","58165356.2003868","75810920.216097","74025132.8211741","88217379.3738164","94582068.5486601","105939086.848685","93542732.0520035","86585029.365878","108064143.945632","96860701.8365803","103667481.49013","","","","",
"Slovak Republic","SVK","Adjusted savings: carbon dioxide damage (current US$)","NY.ADJ.DCO2.CD","","","","","","","","","","","","","","","","","","","","","","","","","","","","","","","664165600.67592","614075613.227087","617552885.630754","621456081.54045","610641698.27879","647716173.710805","671232640.359672","699826366.936121","708732804.726814","721755965.251731","706640540.591794","748715922.530888","767215640.605024","805423839.257129","825796981.402752","896215815.57526","928715856.851265","957763262.659639","995680101.160343","936508640.334447","1012527143.83197","1017744534.82054","1005116022.86855","1064151649.57343","1024937859.75075","1069264182.82331","1131213959.92986","1256466045.43526","1292898606.22344","1267408854.60984","1225071370.3529","1302172337.90531","","","","",
"Slovenia","SVN","Adjusted savings: carbon dioxide damage (current US$)","NY.ADJ.DCO2.CD","","","","","","","","","","","","","","","","","","","","","","","","","","","","","","","163951114.343098","163189889.706155","171869924.569253","190138638.666257","199300563.874684","221204933.52833","243375553.025833","260427460.418859","265346823.02574","264667521.935645","269885827.691219","298477213.284735","312770874.41144","323808521.970866","346380238.9743","370398641.81669","399492542.515867","419262897.271114","465903177.217529","428347074.352629","450964660.504407","468305671.241719","469779130.373172","470334373.191742","441423612.145275","456914852.988652","499170590.84131","528329346.34767","551244939.242499","554593338.110811","530145421.824231","591191152.313307","","","","",
"Sweden","SWE","Adjusted savings: carbon dioxide damage (current US$)","NY.ADJ.DCO2.CD","","","","","","","","","","","","","","","","","","","","","","","","","","","","","","","646473906.149614","694773910.334527","760219658.558466","792244327.77607","856509183.029411","890170233.542133","1013136294.97019","949989045.062565","999073586.566591","1016422689.87492","988962647.825868","1018859148.07858","1088652208.7974","1159911150.99458","1182325941.71955","1168198202.0967","1199213311.27628","1214008101.22047","1238561727.1626","1184237442.59925","1375470846.58109","1329749550.00502","1309291826.52325","1310471180.05805","1315853243.52941","1362746727.03852","1392650031.27631","1432700518.36486","1410826564.84905","1427262227.16332","1372504547.57439","1462205065.76171","","","","",
"Eswatini","SWZ","Adjusted savings: carbon dioxide damage (current US$)","NY.ADJ.DCO2.CD","","","","","","","","","","","","","","","","","","","","","","","","","","","","","","","6785855.43474758","7173181.96510573","7769645.84958432","8272993.86527224","8932648.34412619","9630898.97186233","7321959.08383801","9768099.27826618","10613872.9210296","12070685.1050462","12807511.7680152","11838172.9586273","12494712.4939997","13238116.1140547","13899334.4938361","15355723.1244697","15940462.1557238","16997144.4424773","16907775.8701472","19332233.5600096","18575857.0048364","19686736.2456234","21127633.2296127","24244039.5374311","25253067.7176896","26775069.9310359","30165704.6563117","33301212.0752574","35652659.562756","39147763.0700302","40792187.0024933","48048952.6409981","","","","",
"Sint Maarten (Dutch part)","SXM","Adjusted savings: carbon dioxide damage (current US$)","NY.ADJ.DCO2.CD","","","","","","","","","","","","","","","","","","","","","","","","","","","","","","","","","","","","","","","","","","","","","","","","","","","","","","","","","","","","","","","","","","",
"Seychelles","SYC","Adjusted savings: carbon dioxide damage (current US$)","NY.ADJ.DCO2.CD","","","","","","","","","","","","","","","","","","","","","","","","","","","","","","","1817639.8485931","2177573.09654995","2411269.40159513","2664184.46508767","3075174.02010902","3057428.24503566","3820152.5654807","4635708.13205853","4964553.46306222","5502812.32730046","5382867.26481798","6210189.0930504","7053466.55611622","7144380.25426802","8383725.52596389","8841173.45789045","9564277.29343428","10301299.4062719","11271850.3134892","12427864.313854","12574426.6732883","12229638.5902504","13360121.0945456","13576661.7170779","15825255.7296134","17734137.3347184","20828700.8850842","21701913.2115997","22723671.8191522","24875142.2567649","23844959.1678275","27549596.4404712","","","","",
"Syrian Arab Republic","SYR","Adjusted savings: carbon dioxide damage (current US$)","NY.ADJ.DCO2.CD","","","","","","","","","","","","","","","","","","","","","","","","","","","","","","","392489031.306204","458186998.021129","470867330.36705","503110203.196556","548259596.728007","595892764.95745","668845045.006247","696515146.841794","764027658.815404","778736699.350552","824135539.85489","868067994.162951","892162779.9594","932551764.648148","1022814540.46807","1331294637.89749","1476577303.087","1637906541.89418","1751967613.52043","1676380874.03703","1745844844.43706","1697831737.16058","1461224344.92151","992389376.394493","895978863.174626","878709150.875296","945910345.306736","1097817509.07171","1073105819.25265","1048426015.81918","1046194403.63737","995829807.101469","","","","",
"Turks and Caicos Islands","TCA","Adjusted savings: carbon dioxide damage (current US$)","NY.ADJ.DCO2.CD","","","","","","","","","","","","","","","","","","","","","","","","","","","","","","","","","","","","","","","","","","322347.627611147","258761.463208202","269805.416176182","283281.676589918","298738.601641606","303604.505732856","1882820.5890031","2086902.63748218","5523495.39692445","5715648.51882917","5688923.67226148","5925735.58368734","6216532.1331264","6956893.01114888","7404489.29516139","7909663.47715531","8884688.69029929","9302993.15296232","9979898.68359106","8705510.75259394","9899546.00456472","","","","",
"Chad","TCD","Adjusted savings: carbon dioxide damage (current US$)","NY.ADJ.DCO2.CD","","","","","","","","","","","","","","","","","","","","","","","","","","","","","","","4725863.60634207","5123701.40364695","5492335.85918892","5749029.63518918","6296784.89831846","6726342.13907845","7162786.06027632","7781367.22166967","8046000.44013533","8697993.67863621","5382867.26481798","6598325.91136604","8061104.89296099","9455797.04540114","9928095.87916528","11167797.9425898","12507132.070142","12876624.0659632","14492380.002835","21817807.4104583","35437021.0892841","32811226.4834022","57790290.7293594","70792597.2989722","76095910.4015286","83107040.9469263","79364536.3364249","80446753.133095","85801455.2002907","91752571.7462131","97986890.8542091","108376583.818969","","","","",
"East Asia & Pacific (IDA & IBRD countries)","TEA","Adjusted savings: carbon dioxide damage (current US$)","NY.ADJ.DCO2.CD","","","","","","","","","","","","","","","","","","","","","","","","","","","","","","","","","","","","","","","","","","","","","","","","","","","","","","","","","","","","","","","","","","",
"Europe & Central Asia (IDA & IBRD countries)","TEC","Adjusted savings: carbon dioxide damage (current US$)","NY.ADJ.DCO2.CD","","","","","","","","","","","","","","","","","","","","","","","","","","","","","","","","","","","","","","","","","","","","","","","","","","","","","","","","","","","","","","","","","","",
"Togo","TGO","Adjusted savings: carbon dioxide damage (current US$)","NY.ADJ.DCO2.CD","","","","","","","","","","","","","","","","","","","","","","","","","","","","","","","11875247.0108083","11912605.7634792","10046955.8399797","8833874.80529069","13325754.0871391","14981398.4006747","21647531.2043907","12582636.3584446","20542979.847154","30354222.8376896","23573246.2976511","22900072.2806233","27004701.6616889","38453576.5717449","39271135.2200389","40715930.9090974","38502349.7516377","38629872.1978896","42135252.7045966","77881283.2529693","75160781.2931239","75167534.8365593","69596909.0265079","56569425.5873392","53536504.6853846","63634260.1773819","82596573.1396253","77453379.6411986","90502900.1938152","96646037.5725673","95861577.5962695","101456591.14703","","","","",
"Thailand","THA","Adjusted savings: carbon dioxide damage (current US$)","NY.ADJ.DCO2.CD","","","","","","","","","","","","","","","","","","","","","","","","","","","","","","","1081132181.94318","1256203491.63914","1446091843.90108","1720782723.97663","2007063577.12448","2381430860.05828","2780911894.64639","2945992517.92319","2684111508.5294","2907437519.64046","3053199435.82727","3360488572.9769","3712944969.07307","4033002457.21033","4637303449.69162","5066690541.73221","5392290807.9955","5783921903.63815","6107732845.41446","6083025328.92556","6698168638.75811","6967911400.59877","7788639540.51061","8427228537.80803","8646649975.51693","9180024203.75134","9394462819.74714","9684292237.93081","10070896089.3116","10891641800.7503","10377396979.1604","11038915559.4345","","","","",
"Tajikistan","TJK","Adjusted savings: carbon dioxide damage (current US$)","NY.ADJ.DCO2.CD","","","","","","","","","","","","","","","","","","","","","","","","","","","","","","","133535940.87664","130270108.187724","103014787.212592","72493861.4973855","44516804.8625305","38370724.4751975","35654757.2778199","41555812.1838104","47420045.1471806","45087559.0688489","40835544.7675847","41724707.9689323","42925385.2216799","45808086.0806488","57362331.1618334","57467628.8630644","65968993.3597553","84213120.9001951","81586727.6020682","66558121.9033667","70016695.7183742","76360669.1813235","93831545.9989959","103441236.901101","154212064.293816","170386816.188852","218701371.066109","275763969.80726","340071524.138813","384137436.821997","457586893.929318","588083562.580547","","","","",
"Turkmenistan","TKM","Adjusted savings: carbon dioxide damage (current US$)","NY.ADJ.DCO2.CD","","","","","","","","","","","","","","","","","","","","","","","","","","","","","","","541050794.931214","484061690.109546","376425945.47124","378173973.807444","491295658.92694","519609930.243811","487228625.122351","504961064.384947","545073731.944487","669035472.954691","714807649.545311","759195616.625411","834525868.533315","973947089.413991","1089222435.41018","1177039400.51657","1273275071.22241","1506049938.96615","1590941175.4431","1446879602.36799","1691260405.44294","1952267842.41915","2144144116.1367","2269888647.88425","2404092098.10154","2552324964.25361","2633753259.63895","2735937929.82611","2862007488.79503","2971560068.95667","3131399508.13307","3402689244.8311","","","","",
"Latin America & the Caribbean (IDA & IBRD countries)","TLA","Adjusted savings: carbon dioxide damage (current US$)","NY.ADJ.DCO2.CD","","","","","","","","","","","","","","","","","","","","","","","","","","","","","","","","","","","","","","","","","","","","","","","","","","","","","","","","","","","","","","","","","","",
"Timor-Leste","TLS","Adjusted savings: carbon dioxide damage (current US$)","NY.ADJ.DCO2.CD","","","","","","","","","","","","","","","","","","","","","","","","","","","","","","","","","","","","","","","","","","","3425969.56449344","3572190.127134","4412487.24004896","4885911.55654628","4904757.83936858","5150649.70313594","5635925.15674458","6352019.8216922","6858778.06928936","7457096.76641773","9321014.93246432","14869677.8527018","17845500.2238392","18081865.192635","21546933.4262908","22824427.1559447","23899035.4027686","25282931.0756278","37497969.6950585","45787243.3221273","","","","",
"Middle East, North Africa, Afghanistan & Pakistan (IDA & IBRD)","TMN","Adjusted savings: carbon dioxide damage (current US$)","NY.ADJ.DCO2.CD","","","","","","","","","","","","","","","","","","","","","","","","","","","","","","","","","","","","","","","","","","","","","","","","","","","","","","","","","","","","","","","","","","",
"Tonga","TON","Adjusted savings: carbon dioxide damage (current US$)","NY.ADJ.DCO2.CD","","","","","","","","","","","","","","","","","","","","","","","","","","","","","","","969407.919249655","1152832.81582056","1071675.28959784","1261982.11504153","1317931.72290386","1528714.12251783","1273384.18849357","1490049.04244738","1540723.48853655","1952610.82581629","1856161.1257993","1746615.68242042","2015276.22324025","2521545.88921085","2868116.55809166","3024611.89944797","3678568.47088466","3347922.13434937","3488906.0303698","3866446.7943084","3429389.03464468","3281122.55944471","3417705.32091033","3879046.23928553","3703783.24519181","4172738.18116446","5386733.35657269","6735076.97537214","6268599.16278742","6524627.17833836","6981566.80556599","7463573.00345648","","","","",
"South Asia (IDA & IBRD)","TSA","Adjusted savings: carbon dioxide damage (current US$)","NY.ADJ.DCO2.CD","","","","","","","","","","","","","","","","","","","","","","","","","","","","","","","","","","","","","","","","","","","","","","","","","","","","","","","","","","","","","","","","","","",
"Sub-Saharan Africa (IDA & IBRD countries)","TSS","Adjusted savings: carbon dioxide damage (current US$)","NY.ADJ.DCO2.CD","","","","","","","","","","","","","","","","","","","","","","","","","","","","","","","","","","","","","","","","","","","","","","","","","","","","","","","","","","","","","","","","","","",
"Trinidad and Tobago","TTO","Adjusted savings: carbon dioxide damage (current US$)","NY.ADJ.DCO2.CD","","","","","","","","","","","","","","","","","","","","","","","","","","","","","","","159346426.726662","167160758.293982","176156625.727645","150316091.924946","128717998.270277","131775157.361037","146280008.653199","160428613.570168","169821966.736473","175734974.323466","189328434.831529","225507491.441392","255537027.4492","324649036.484478","355205225.947122","409253274.802161","491947190.860969","527941586.704492","537291560.67003","525836787.071761","613289059.906208","663979902.90901","668627458.809313","717946794.573686","742103514.157001","741704225.62741","657540539.751822","682861943.979626","696598124.436843","700989669.919361","652061223.505115","670711985.938469","","","","",
"Tunisia","TUN","Adjusted savings: carbon dioxide damage (current US$)","NY.ADJ.DCO2.CD","","","","","","","","","","","","","","","","","","","","","","","","","","","","","","","176189889.323625","192523080.242034","215808611.442765","230101405.642572","240449321.000905","256518229.758492","275687676.808857","296023076.43288","319443336.623245","348984807.595894","384225353.040456","418605558.553428","437516443.095551","451776981.914946","495963548.291689","534425660.014032","586118543.715616","637392891.265179","677652926.908759","698446018.22565","786473249.272975","785679719.861223","863436677.379533","900262013.821096","1008439196.54849","1059875505.7881","1063341144.25275","1121016066.65484","1171052683.36048","1219697514.19062","1147416722.0968","1271099128.30964","","","","",
"Turkiye","TUR","Adjusted savings: carbon dioxide damage (current US$)","NY.ADJ.DCO2.CD","","","","","","","","","","","","","","","","","","","","","","","","","","","","","","","1686769779.4944","1841970654.61108","2006711979.77195","2181546416.20179","2252491751.3008","2570532797.01373","2950112818.69247","3202446514.22886","3315808138.82939","3419731596.30462","4016732676.22969","3838090927.9143","4193991297.99022","4605183488.88075","4955223231.39484","5467567864.93593","6402670458.80561","7441916144.11984","7707530524.09317","7949138029.64368","8490881238.52008","9477075174.91657","10218317715.6327","10284968513.556","11469607143.029","12225775288.5556","13452108987.5397","15561768675.7955","16131065374.0784","16182706771.4486","16802706542.0318","19657226516.367","","","","",
"Tuvalu","TUV","Adjusted savings: carbon dioxide damage (current US$)","NY.ADJ.DCO2.CD","","","","","","","","","","","","","","","","","","","","","","","","","","","","","","","121175.989906207","128092.535091174","133959.41119973","140220.235004614","146436.858100429","152871.412251783","159173.023561696","165561.004716376","171191.498726284","177510.075074208","185616.11257993","194068.409157825","201527.614816536","210128.824100904","220624.35378355","232662.457137288","245237.882832606","257532.475562965","268377.390796846","276174.763673235","285782.419553723","298283.863989545","310700.478457986","323253.853273794","336707.562043193","347728.181763705","359115.53480802","374170.919844642","391787.447674214","407789.198646148","411605.394568309","434736.044279055","","","","",
"Tanzania","TZA","Adjusted savings: carbon dioxide damage (current US$)","NY.ADJ.DCO2.CD","","","","","","","","","","","","","","","","","","","","","","","","","","","","","","","22902262.0922731","23953304.0620495","24916450.4831497","26922285.1208859","27969439.897182","41733895.5447368","48866118.2334407","47847130.3630327","46050513.1573703","44732538.9187005","54756753.2110794","60743412.0663992","71945358.7522655","79008439.4275218","112077172.543933","131686950.13299","148368927.107572","152201692.530051","163173455.204136","163771633.777956","197475651.964854","244294477.551356","306661375.536763","349437436.763779","360613808.293045","406494238.97637","402209401.125476","442644205.215385","470144947.717616","507697555.884416","532952290.409624","589983723.907675","","","","",
"Uganda","UGA","Adjusted savings: carbon dioxide damage (current US$)","NY.ADJ.DCO2.CD","","","","","","","","","","","","","","","","","","","","","","","","","","","","","","","9572903.20259034","10375495.3423851","10984671.7183778","11357839.0353737","10689890.6413313","14522784.1639194","16713167.4739781","18377271.5235177","21570128.8395117","22898799.6845729","24130094.6353909","25228893.1905172","30027615.471025","32990227.2234006","35961770.3653251","46997816.9484467","58857095.5341547","73911819.1914034","79708087.6161117","92794719.7711422","95165545.6581586","111558167.910075","117444782.593293","119280676.373834","138386815.58847","164127698.165381","177762186.853679","193446372.738241","229587454.699696","238964481.192488","259349167.020722","291980700.64416","","","","",
"Ukraine","UKR","Adjusted savings: carbon dioxide damage (current US$)","NY.ADJ.DCO2.CD","","","","","","","","","","","","","","","","","","","","","","","","","","","","","","","8344421016.92122","8350736640.19889","7697843605.18127","7001336554.01539","6086940880.66055","6103391134.15244","5509137518.49386","5434374418.81033","5294781864.10523","5427015525.24377","5519851955.90197","5832726037.23843","6125230510.84444","6939084544.2392","6776256876.74933","6873081885.1215","7454986327.3702","8038619249.14437","8083527519.09103","6949109424.0197","7685261382.15874","8451575081.9524","8609820695.86609","8736581732.57137","8004548907.51145","6644042772.14878","7241924168.32017","6545746309.42131","7272358574.9762","7125300652.98068","6786843724.46731","7163426148.86518","","","","",
"Upper middle income","UMC","Adjusted savings: carbon dioxide damage (current US$)","NY.ADJ.DCO2.CD","","","","","","","","","","","","","","","","","","","","","","","","","","","","","","","","","","","","","","","","","","","","","","","","","","","","","","","","","","","","","","","","","","",
"Uruguay","URY","Adjusted savings: carbon dioxide damage (current US$)","NY.ADJ.DCO2.CD","","","","","","","","","","","","","","","","","","","","","","","","","","","","","","","46652756.1138896","55976437.834843","63898639.1422711","62958885.5170718","62528538.4088833","71696692.3460862","86749297.8411243","92051918.6223051","98948686.2637919","120351830.900313","101346397.468642","96063862.5331233","91292015.780644","94347839.3206773","120460900.699945","126103056.362107","155235581.431809","150656499.115748","207992482.51655","211826050.579099","179471369.48719","226994029.552275","264716827.785825","237914845.643228","218859920.219976","230891513.209256","234143333.243381","228244262.638517","256228995.01155","264655186.5033","247500327.261805","265414083.255432","","","","",
"United States","USA","Adjusted savings: carbon dioxide damage (current US$)","NY.ADJ.DCO2.CD","","","","","","","","","","","","","","","","","","","","","","","","","","","","","","","58703950662.0417","61580486245.0818","65367236167.2537","70042952009.7399","74196773699.1836","78224913134.8864","83939734802.2368","91776259549.4523","95705292128.9238","99565756129.2736","107208339920.029","111555567362.556","112714997739.415","118911699012.655","126600655998.82","133862120496.559","138634942082.988","147728867797.194","149174352334.996","142407591702.45","154097023767.138","154320146235.884","153985026588.993","164604101461.513","171963625322.684","173541053921.626","175769102440.531","180326819012.601","194926407281.374","196461430962.503","191739981483.617","210317902107.058","","","","",
"Uzbekistan","UZB","Adjusted savings: carbon dioxide damage (current US$)","NY.ADJ.DCO2.CD","","","","","","","","","","","","","","","","","","","","","","","","","","","","","","","1427089633.1254","1518921281.11114","1514813021.84654","1606783672.91787","1594404510.99747","1500432911.25125","1585363314.67449","1667696000.50806","1990272364.19177","2067814864.53945","2298113089.85212","2439439903.11386","2617642235.06057","2561680628.82361","2754274413.40163","2773103945.40539","3123349760.53652","3156833203.16715","3458848020.94469","3218264559.30529","3607717284.03527","3836825573.90369","3515265272.88228","3615917703.27259","3531052374.55163","3448420391.95793","3778972977.80413","4098294130.98722","4406433570.30896","4759307806.44381","4663872349.9586","4970217378.13951","","","","",
"St. Vincent and the Grenadines","VCT","Adjusted savings: carbon dioxide damage (current US$)","NY.ADJ.DCO2.CD","","","","","","","","","","","","","","","","","","","","","","","","","","","","","","","969407.919249655","1152832.81582056","1607512.93439676","1822863.05505998","2050116.01340601","2293071.18377675","2387595.35342544","2648976.07546202","3252638.47579939","3372691.42640996","2969857.80127888","3881368.1831565","4635135.32846755","4832963.15001852","5515608.96787223","5816561.55844248","6130947.2078525","6953377.27192251","6709434.9198887","24579554.1212426","7144560.64853646","8053664.82775502","11185217.9189572","7434838.92635088","9091104.73961627","8693204.73840089","9337003.77122755","8605931.5049006","9794686.41078366","10602519.0128865","10053394.087994","10524779.7902914","","","","",
"Venezuela, RB","VEN","Adjusted savings: carbon dioxide damage (current US$)","NY.ADJ.DCO2.CD","","","","","","","","","","","","","","","","","","","","","","","","","","","","","","","1231511585.41678","1293606511.88576","1381255488.88041","1505825103.71455","1559991849.34387","1743345585.31933","1939364119.0757","2112392859.17624","2213506078.53085","2227041401.88102","2441223112.65124","2635448996.36326","2836501241.94349","2852919198.36241","3080136685.48442","3428979483.53774","3617994536.36165","3667004985.78646","4055450859.358","4214150711.94529","4689689784.12709","4773734865.72615","5627718043.80803","5832469168.22671","6035146661.91722","5672490125.69052","5425158768.63058","5269075285.07624","5176687853.12987","4581103810.64963","4497760657.35808","4541098095.48959","","","","",
"British Virgin Islands","VGB","Adjusted savings: carbon dioxide damage (current US$)","NY.ADJ.DCO2.CD","","","","","","","","","","","","","","","","","","","","","142779.528679106","252143.238333153","271397.324107148","290867.57188083","282771.675389626","304317.635484676","366087.984824241","447562.30651843","507746.703312498","575622.067366003","610605.813137376","645458.284324425","724720.414590538","758731.691609967","792662.712897624","826422.854633139","961405.062312644","999822.907482195","1033311.88631185","1071450.81314792","1120750.08775762","1171785.05449495","1217025.2930797","1468800.51329557","1962453.67076894","2217505.92854061","2452378.883141","2862631.91233963","2683773.96795548","2761747.69846222","5715648.51882917","5328908.76143688","5521418.80498933","5728451.51706347","6056144.33542398","6394999.58811933","6693267.31046501","6520229.74387313","8487499.9428841","7051894.69191798","6151895.86298553","6995680.64423353","","","","",
"Virgin Islands (U.S.)","VIR","Adjusted savings: carbon dioxide damage (current US$)","NY.ADJ.DCO2.CD","","","","","","","","","","","","","","","","","","","","","13601537.3238353","15181932.1746097","16482610.5883549","17513583.8552747","18604526.4117624","19571104.788594","20414465.6297467","22540978.5979466","19788578.1056032","17356797.2532044","24046327.3759844","30057773.6414189","32909009.4145701","31220839.0240983","36659208.6688539","41290759.7372047","42160265.3012084","43725378.8704332","45714936.0149028","43922640.8937029","174463522.554062","219378623.804174","216455824.879698","277201164.857911","292437363.542862","291761939.676767","324063646.515316","306430317.765542","176737283.949836","172934179.768964","165083704.442277","125758480.309647","82828303.87474","44324299.7902397","98493858.7252083","102091009.320268","87556868.5581331","91227560.135005","95522690.4262889","99424117.8799873","96214487.269231","108326527.080523","","","","",
"Viet Nam","VNM","Adjusted savings: carbon dioxide damage (current US$)","NY.ADJ.DCO2.CD","","","","","","","","","","","","","","","","","","","","","","","","","","","","","","","234233188.488698","253623219.480524","278769534.706638","339893849.651185","390693537.411945","480016234.470599","557583101.536621","676151143.26168","778407744.708412","823824258.419401","950540112.521823","1100756016.74318","1340158668.48485","1489813428.23845","1876410238.19934","2149103228.51598","2326571913.79246","2707696492.8722","3155849710.63612","3653515844.87561","4327031815.83626","4652333567.0443","4832014081.72809","5311061026.64916","6090029646.39004","7672622289.87617","8034132968.13922","8622768926.36577","11189449994.8074","13721698653.7165","14981796859.076","16822516856.5012","","","","",
"Vanuatu","VUT","Adjusted savings: carbon dioxide damage (current US$)","NY.ADJ.DCO2.CD","","","","","","","","","","","","","","","","","","","","","","","","","","","","","","","848231.929343448","896647.745638217","803756.467198378","841321.410027685","878621.148602576","1070099.88576248","1432557.21205526","1490049.04244738","1369531.98981027","1597590.67566787","1670545.01321937","1746615.68242042","1612220.91853229","1891159.53432677","1544370.51757934","1628637.24329778","1716665.22550736","2832857.27916179","2683774.00794683","3590271.87631049","3715171.40096727","3877690.17630437","3728405.74149583","3555792.44622248","5387320.99269108","4868194.6742307","6464080.02788724","6360905.8464432","8227536.3281824","8563573.09561245","8716289.25001457","9716335.0733908","","","","",
"World","WLD","Adjusted savings: carbon dioxide damage (current US$)","NY.ADJ.DCO2.CD","","","","","","","","","","","","","","","","","","","","","","","","","","","","","","","","","","","","","","","","","","","","","","","","","","","","","","","","","","","","","","","","","","",
"Samoa","WSM","Adjusted savings: carbon dioxide damage (current US$)","NY.ADJ.DCO2.CD","","","","","","","","","","","","","","","","","","","","","","","","","","","","","","","1090583.90915586","1280925.35091174","1339594.1119973","1542422.58505076","1464368.58100429","1834456.9470214","2069249.30630205","2152293.06131289","2567872.48089425","2662651.12611313","2784241.68869895","3105094.5465252","3425969.56449344","3572190.127134","4191862.76298194","4885911.55654628","4904757.83936858","5150649.70313594","4562415.79351393","4971146.05476758","5429866.02475186","5965677.5020297","6214009.80064961","6465077.30631877","7070858.74019039","8345476.36232892","10773466.7131454","11599298.8636577","11361835.9095761","12233676.718951","12807707.4291186","13263051.4356677","","","","",
"Kosovo","XKX","Adjusted savings: carbon dioxide damage (current US$)","NY.ADJ.DCO2.CD","","","","","","","","","","","","","","","","","","","","","","","","","","","","","","","","","","","","","","","","","94794334.310683","125695838.011136","129764722.329955","142399348.235807","151036192.79814","154541550.222294","164423960.311867","181147394.48979","203176128.078178","232312610.046814","249156150.137405","256515866.301553","252060211.799868","267995972.799945","249411956.984518","299765866.489236","326846820.706353","304975386.203228","323634539.592779","351077473.290583","367723658.414768","401886518.383355","","","","",
"Yemen, Rep.","YEM","Adjusted savings: carbon dioxide damage (current US$)","NY.ADJ.DCO2.CD","","","","","","","","","","","","","","","","","","","","","","","","","","","","","","","80460857.2977214","108878654.827498","122304942.425353","119888300.928945","136772025.465801","160973597.101128","171906865.446632","192713009.489862","213304607.412949","249579165.554337","278981017.207635","311867933.516625","324257942.562604","392940925.883163","433085597.641794","491150472.195474","537561453.055523","599278095.81883","650010036.610804","733796355.053227","726744717.890517","684561505.914402","652781726.942405","899615491.302713","923588873.603799","471171703.453718","389640377.675012","374545107.700314","380817418.113123","","","","","","","",
"South Africa","ZAF","Adjusted savings: carbon dioxide damage (current US$)","NY.ADJ.DCO2.CD","","","","","","","","","","","","","","","","","","","","","","","","","","","","","","","3001044566.01712","3104066402.86442","3199218658.27195","3456288572.62873","3692258940.14422","4040544297.22688","4363091748.84965","4785209719.31742","5075656745.73558","4942058000.14103","5283748260.70029","6220668787.14492","6677013230.94759","7419438739.06474","8383504791.3536","8786497748.17731","9313889969.83506","10225584640.3886","11452736768.7659","11162984534.3117","12154612287.9451","12207565981.7893","13260075278.0884","14123608106.9825","15082141917.1009","14771841134.7858","15267438714.1302","16300756259.0063","17017288409.2236","17928045327.3498","17201215297.8154","19069010757.614","","","","",
"Zambia","ZMB","Adjusted savings: carbon dioxide damage (current US$)","NY.ADJ.DCO2.CD","","","","","","","","","","","","","","","","","","","","","","","","","","","","","","","33202221.2343007","36890650.1062581","38178432.191923","35195278.9861582","31337487.6334919","32561610.8096298","28014452.1468585","37913470.0800501","37148555.2236035","31241773.2130607","33596516.3769674","35708587.2850398","38693302.044775","43706794.7867553","46551737.3744001","53279702.9877963","53461861.2896132","50991431.7924186","58774651.4338929","68767517.95509","76018127.7533182","90976579.1279679","125212302.136037","137059629.452917","157915852.054608","172473183.336351","191049474.952782","254810399.968634","302851704.568706","277296669.055406","299257607.798629","358422257.962462","","","","",
"Zimbabwe","ZWE","Adjusted savings: carbon dioxide damage (current US$)","NY.ADJ.DCO2.CD","","","","","","","","","","","","","","","","","","","","","","","","","","","","","","","200425087.304866","234409339.216848","247423032.485901","239496161.387881","233713225.528285","236644946.16576","236531113.01268","228970869.522748","240866438.707881","280820938.767398","254294074.234504","269755088.729377","251707991.919365","213911154.128631","215550008.563828","244528253.242142","241068842.341743","251351707.662053","203966819.00517","214035446.630822","274351139.805534","340341891.867854","373151290.079991","396955732.061063","406742741.470713","432226150.205115","395745344.643041","386892745.476482","485032875.545658","479560117.660427","444307696.634941","499609945.771402","","","","",
            