"Data Source","World Development Indicators",

"Last Updated Date","2026-04-08",

"Country Name","Country Code","Indicator Name","Indicator Code","1960","1961","1962","1963","1964","1965","1966","1967","1968","1969","1970","1971","1972","1973","1974","1975","1976","1977","1978","1979","1980","1981","1982","1983","1984","1985","1986","1987","1988","1989","1990","1991","1992","1993","1994","1995","1996","1997","1998","1999","2000","2001","2002","2003","2004","2005","2006","2007","2008","2009","2010","2011","2012","2013","2014","2015","2016","2017","2018","2019","2020","2021","2022","2023","2024","2025",
"Aruba","ABW","Adjusted savings: particulate emission damage (current US$)","NY.ADJ.DPEM.CD","","","","","","","","","","","","","","","","","","","","","","","","","","","","","","","","","","","","","","","","","","","","","","","","","","","","","","","","","","","","","","","","","","",
"Africa Eastern and Southern","AFE","Adjusted savings: particulate emission damage (current US$)","NY.ADJ.DPEM.CD","","","","","","","","","","","","","","","","","","","","","","","","","","","","","","","","","","","","","","","","","","","","","","","","","","","","","","","","","","","","","","","","","","",
"Afghanistan","AFG","Adjusted savings: particulate emission damage (current US$)","NY.ADJ.DPEM.CD","","","","","","","","","","","","","","","","","","","","","","","","","","","","","","","","","","","","","","","","","","","226452777.509695","258858045.738751","291360732.397528","305789660.408424","315179707.321553","382006874.522007","386383556.667305","388751420.844167","465695495.147069","563965976.802424","572865974.350237","576499437.950909","558204849.511446","518911676.30335","447976055.428407","446552343.466214","411169323.875626","398763777.205266","434986717.76098","","","","","",
"Africa Western and Central","AFW","Adjusted savings: particulate emission damage (current US$)","NY.ADJ.DPEM.CD","","","","","","","","","","","","","","","","","","","","","","","","","","","","","","","","","","","","","","","","","","","","","","","","","","","","","","","","","","","","","","","","","","",
"Angola","AGO","Adjusted savings: particulate emission damage (current US$)","NY.ADJ.DPEM.CD","","","","","","","","","","","","","","","","","","","","","","","","","","","","","","","232717456.556421","220407071.865252","178410004.935478","150370461.620504","112442611.552678","115454184.168988","130706461.514604","120949658.654739","101426945.819957","99890376.0707969","147604223.743344","138160619.273602","209966211.444159","240431194.334438","296362872.254531","400823081.842641","515795506.432725","574346588.429313","721435964.278254","624714140.707536","745655765.478685","990320494.62444","1055335413.26996","1062185943.99879","972563586.277813","609590361.450956","349750523.43539","470525237.077658","521078684.261564","454503055.602906","343176920.328905","396085580.594131","","","","",
"Albania","ALB","Adjusted savings: particulate emission damage (current US$)","NY.ADJ.DPEM.CD","","","","","","","","","","","","","","","","","","","","","","","","","","","","","","","16638929.4890735","11567105.3911275","7119100.39767878","11019568.7415866","14775865.605412","14861389.7172709","18039250.6551666","14079303.8721531","14485355.1401822","15290415.4295963","14792030.5393194","14569020.3102981","15775999.3368692","19955085.3009366","24154729.9527344","25532934.0857363","25543243.2744904","27889137.9630185","32221625.4724588","29752325.3251565","28019771.1262703","34572005.27845","34093597.7867898","32349048.606078","33258200.9264936","28289397.8728105","29883923.2346395","32397852.1367774","37403847.0249333","36657749.1555419","36614593.7488053","40411911.2601736","","","","",
"Andorra","AND","Adjusted savings: particulate emission damage (current US$)","NY.ADJ.DPEM.CD","","","","","","","","","","","","","","","","","","","","","","","","","","","","","","","","","","","","","","","","","","","","","","","","","","","","","","","","","","","","","","","","","","",
"Arab World","ARB","Adjusted savings: particulate emission damage (current US$)","NY.ADJ.DPEM.CD","","","","","","","","","","","","","","","","","","","","","","","","","","","","","","","","","","","","","","","","","","","","","","","","","","","","","","","","","","","","","","","","","","",
"United Arab Emirates","ARE","Adjusted savings: particulate emission damage (current US$)","NY.ADJ.DPEM.CD","","","","","","","","","","","","","","","","","","","","","","","","","","","","","","","95539340.8206008","98174619.7709174","108246798.351902","110098417.60367","110686807.7739","115030781.632854","121175738.847762","116133903.577057","116856088.594646","131589423.595738","146553178.71896","146494208.632553","155536621.100944","161298986.147751","175173205.114226","208870663.550641","241030214.369976","294953782.102736","362917668.780116","317137854.096607","359577436.727692","418120998.237709","461776262.057095","517016578.105538","587359351.140011","583190534.366948","651621738.566613","789733427.408405","987093909.500479","1071616979.63182","1004965529.44833","1217086742.71432","","","","",
"Argentina","ARG","Adjusted savings: particulate emission damage (current US$)","NY.ADJ.DPEM.CD","","","","","","","","","","","","","","","","","","","","","","","","","","","","","","","404226852.911684","511827959.903172","584075614.864722","551510069.833217","556964906.142148","571839498.583827","562011308.388534","534256474.096786","506352908.145468","474334837.948055","449679533.221925","435194357.3504","166965343.419894","185957987.451289","198657262.208679","207048997.394748","216895198.348111","262235826.783845","336867779.84177","359729672.033895","442174307.125568","571063125.805796","633242881.822345","677403677.499212","702440085.689129","808618161.132093","793528400.604435","872661630.803755","727131724.673013","638265406.354461","600474771.190237","676972642.263864","","","","",
"Armenia","ARM","Adjusted savings: particulate emission damage (current US$)","NY.ADJ.DPEM.CD","","","","","","","","","","","","","","","","","","","","","","","","","","","","","","","15650469.5633372","15185000.6344894","13930830.9977358","13037391.3074608","12256718.0181151","10667891.4902532","9721713.45698239","9438766.01627089","10160753.4484603","9816427.13129642","9521118.2603851","9991244.52480554","10141753.7102856","11107547.7678476","13755125.9584763","18257753.029222","23447968.9465271","32180366.7594276","41489156.6389227","37439049.525129","41968322.2948771","42885445.6178463","41350392.880383","41187749.3429543","41189757.8611549","37869001.3853926","37696473.0089874","36925151.1281606","36734026.5184014","37707782.010711","37322263.8334343","38735290.7340725","","","","",
"American Samoa","ASM","Adjusted savings: particulate emission damage (current US$)","NY.ADJ.DPEM.CD","","","","","","","","","","","","","","","","","","","","","","","","","","","","","","","","","","","","","","","","","","","","","","","","","","","","","","","","","","","","","","","","","","",
"Antigua and Barbuda","ATG","Adjusted savings: particulate emission damage (current US$)","NY.ADJ.DPEM.CD","","","","","","","","","","","","","","","","","","","","","","","","","","","","","","","","","","","","","","","","","","","","","","","","","","","","","","","","","","","","","","","","","","",
"Australia","AUS","Adjusted savings: particulate emission damage (current US$)","NY.ADJ.DPEM.CD","","","","","","","","","","","","","","","","","","","","","","","","","","","","","","","156448165.506873","151359412.595055","145815196.861323","123702047.298828","123426266.657521","132761300.123378","138107276.821434","144985643.94296","126736248.18574","117006559.948181","121557104.516092","107135838.322601","106461231.578463","118843986.158281","146303565.904952","163108087.310668","171512095.579831","193184738.254413","231394609.955755","201494091.253004","243215845.169348","288273691.3888","306351174.484092","311263285.354032","293467561.579549","272676489.770613","230392777.07379","244508819.459928","269379379.241776","266570490.526378","259168104.846833","300018142.754571","","","","",
"Austria","AUT","Adjusted savings: particulate emission damage (current US$)","NY.ADJ.DPEM.CD","","","","","","","","","","","","","","","","","","","","","","","","","","","","","","","193267350.403405","195392759.346981","215020236.240023","210100941.33881","235920866.849858","269096760.039962","246921502.173679","193264340.728564","183741615.735977","172722985.53036","153459896.304902","140880186.488238","146541632.100564","168908157.299524","167195195.421303","179084847.70308","183355721.612116","221859663.649821","246037047.155476","245816641.090071","232111117.575578","232696160.932268","211744561.338165","222461801.046319","219667307.235158","178775190.245348","169690541.79134","165013755.03581","182637224.659287","176647687.838166","186255680.097652","199616598.808679","","","","",
"Azerbaijan","AZE","Adjusted savings: particulate emission damage (current US$)","NY.ADJ.DPEM.CD","","","","","","","","","","","","","","","","","","","","","","","","","","","","","","","110673432.067831","111541940.754357","7006245.15747917","30704243.0700217","27697258.4352536","52522142.4283507","51462602.4802266","46772926.2717868","37921384.2491921","31398288.0920524","30571283.6637547","28809540.9910268","28425759.9024807","30683504.4015674","34190882.2642774","43556593.5447014","55049123.3549727","67350733.5025152","94394485.1887626","84196987.8942728","114270052.499534","137733643.626973","143623581.121137","142067983.87072","135963737.681019","97683985.6455908","71511253.3627098","78047159.644791","88278179.2034435","86977675.3049065","75908069.2663643","88894407.4096075","","","","",
"Burundi","BDI","Adjusted savings: particulate emission damage (current US$)","NY.ADJ.DPEM.CD","","","","","","","","","","","","","","","","","","","","","","","","","","","","","","","53461903.46119","50864408.8032082","44181355.5112637","41215620.1524814","38710226.3416551","41991145.0759103","36323941.4968697","38634217.2066242","32225937.7818501","28260408.3545218","30197561.7799134","29712128.99221","27771093.3862076","27105494.532704","31123446.3052269","39269324.7601117","43171343.3267965","42690793.5198882","46056986.9848647","45900882.3118017","47223435.1105781","49657160.1414615","50254838.6704893","51122399.1724962","54253918.4501583","63532274.2614356","53026561.7157195","53979687.0042463","53435981.88464","50212750.3508571","50868139.4609602","51736746.8322612","","","","",
"Belgium","BEL","Adjusted savings: particulate emission damage (current US$)","NY.ADJ.DPEM.CD","","","","","","","","","","","","","","","","","","","","","","","","","","","","","","","269054705.251589","264741543.363144","288008119.990394","261473078.613246","275283476.021143","315788858.276604","290422994.969305","243153796.432556","231049133.884189","247587284.490748","202476489.017711","196486041.952043","200698732.893545","246702480.158451","265551677.262201","291828313.146622","285049802.396929","331257616.310542","361940753.787888","354817338.051393","349181216.710937","360002468.254322","325421452.04653","314507820.251092","290240351.759343","235693930.477104","226899641.955397","240917899.784865","255604873.991425","251835419.405367","255031384.359857","269280725.109899","","","","",
"Benin","BEN","Adjusted savings: particulate emission damage (current US$)","NY.ADJ.DPEM.CD","","","","","","","","","","","","","","","","","","","","","","","","","","","","","","","110438649.598023","108131053.144941","90049775.1483306","113239910.527325","76542149.8095468","95351471.1794282","95355235.3754157","82549616.0688718","80900895.2061874","108492918.338805","93793841.0818634","89808946.9697009","98280110.0340221","121557698.718209","139360827.743157","146393817.220244","151653518.665119","167233798.478089","195364127.553913","195381803.077643","191962574.094049","215697612.041448","225533572.210731","248428220.092518","263688057.734261","251856034.717249","277437664.991777","304437872.790338","332830127.640476","329416060.111813","349010611.950005","361364825.198689","","","","",
"Burkina Faso","BFA","Adjusted savings: particulate emission damage (current US$)","NY.ADJ.DPEM.CD","","","","","","","","","","","","","","","","","","","","","","","","","","","","","","","138053980.737929","130052906.53047","139340206.905101","129524426.03583","75920823.5078602","92397826.9355596","92312231.6198243","85667908.8761803","95945458.8900347","114868699.84252","105587534.058599","109931655.577731","125600756.029556","156155811.230402","174181503.29037","189231112.118504","196076401.089401","216575346.476033","261523983.591305","257191237.277968","259544636.955072","298502964.627021","310024594.33607","327589007.270982","346217684.600872","303727255.558149","330424993.270539","355999236.566554","389689871.581811","377883977.592879","412521865.156316","429618433.804323","","","","",
"Bangladesh","BGD","Adjusted savings: particulate emission damage (current US$)","NY.ADJ.DPEM.CD","","","","","","","","","","","","","","","","","","","","","","","","","","","","","","","1384521800.85042","1243480249.61326","1240212313.4498","1223575262.32584","1182583586.66206","1270701588.76426","1486319586.49782","1458831415.41315","1401151520.46765","1343098916.66746","1316105533.38967","1242546537.12819","1195455942.62767","1237946783.47295","1260825431.23051","1260736349.46773","1222135238.62916","1273127759.73044","1380979878.7766","1482390187.97881","1593100531.45186","1666114664.09909","1614002581.6051","1678145010.14933","1783842478.27497","1872668307.73324","2365846031.45902","2407487501.55796","2458195240.85312","2505868718.77849","2583111683.41737","2693721184.29102","","","","",
"Bulgaria","BGR","Adjusted savings: particulate emission damage (current US$)","NY.ADJ.DPEM.CD","","","","","","","","","","","","","","","","","","","","","","","","","","","","","","","78646335.7438582","43392314.5298563","43177789.7963031","45008273.3197731","39407038.9843431","71175354.0298856","42489525.1990117","48588208.4579645","61110919.9116714","59943770.0593581","56167785.8535263","58130434.5389412","64462252.9932026","84238357.8798193","94645778.0088154","98282122.3852843","111972780.388619","137854159.45332","169019082.814885","163085665.401836","149473392.356152","161661111.43428","147283934.219546","159444935.878487","177272472.721904","150798514.76288","159212951.150671","180225368.139255","204286272.806391","215667677.311018","228557709.641998","255317921.568658","","","","",
"Bahrain","BHR","Adjusted savings: particulate emission damage (current US$)","NY.ADJ.DPEM.CD","","","","","","","","","","","","","","","","","","","","","","","","","","","","","","","20301068.0231982","19918655.2927052","19694491.4643289","19459642.6294079","20770922.2915798","21038375.8603037","21003167.6036405","21166406.73601","19809812.6387471","21193696.2882199","28219165.0043003","27822197.4933463","28344649.4531432","30384537.962405","33513367.6794229","37677510.3227496","40376147.6387439","42755007.5631694","46727203.6975388","40038440.1956376","42806013.9079397","47361316.5362317","49124094.6002085","50130483.6140458","51243198.9920394","48360734.7826117","49910315.8781841","54941705.2692851","60825034.3743298","64190316.0930297","63620817.3943945","74680768.7468064","","","","",
"Bahamas, The","BHS","Adjusted savings: particulate emission damage (current US$)","NY.ADJ.DPEM.CD","","","","","","","","","","","","","","","","","","","","","","","","","","","","","","","","5794762.31013081","6009896.40522319","5926359.71882731","5973760.81154519","6103346.45295336","6098618.96202759","9999301.59978972","11090504.8255898","10905951.1170103","10430563.165184","10492086.5971133","10726791.1738169","11402933.5404541","11559025.0141959","12126590.9713549","12535426.4402973","12807049.5940819","12804080.755627","12731147.2714788","12786758.0492098","12719269.4084256","13181924.1230693","13835720.1967511","14668879.4639278","15548417.6520766","15306078.9274015","15031918.2554313","15223693.1242932","15428579.7393455","14518855.9275168","14482894.7545231","","","","",
"Bosnia and Herzegovina","BIH","Adjusted savings: particulate emission damage (current US$)","NY.ADJ.DPEM.CD","","","","","","","","","","","","","","","","","","","","","","","","","","","","","","","","","","","10732013.249008","13756477.2116073","14021004.8246423","16317447.1522654","16911947.955787","20967113.2807723","26501061.4888452","28903190.5467151","33670575.7472096","41267191.7850352","46694338.6417036","53412684.0522509","58356163.1939442","77739367.3245715","86930647.4206813","73400677.3293729","73287235.1297757","73037556.8079448","73084355.7515808","75757877.9875446","78604156.9450495","64393477.216141","66554236.3431321","67721767.9331124","71557533.5319526","77345115.3870472","76616432.2450223","81098598.4370543","","","","",
"Belarus","BLR","Adjusted savings: particulate emission damage (current US$)","NY.ADJ.DPEM.CD","","","","","","","","","","","","","","","","","","","","","","","","","","","","","","","55305425.252763","45226417.0446047","48197000.222006","58492155.8185622","61087908.9882955","64801457.2131831","63519665.2209519","52006083.2950589","48986409.2729863","38701375.9675229","37516158.5744408","38472313.1202874","48318889.4657935","55218727.932583","66381408.9706731","87099532.0034713","99624341.9911235","113817318.87252","150822438.164174","137730539.930673","158975394.993315","168838043.715275","150873673.918262","168731712.806353","167986130.206631","113267984.597031","91612400.9887139","99423387.0372567","108091357.767742","113440984.221475","109381032.074998","120772503.440819","","","","",
"Belize","BLZ","Adjusted savings: particulate emission damage (current US$)","NY.ADJ.DPEM.CD","","","","","","","","","","","","","","","","","","","","","","","","","","","","","","","3865822.83951752","3851285.39682496","4048284.52842736","4124166.09565258","4194960.32036688","4697583.67328534","5039888.02651589","5111403.08686931","5282172.40235588","5240872.05639038","5373585.98130972","5294874.93519901","5304263.22997322","5120028.06904966","5277033.12337394","5456595.59367159","5648804.65522518","5799025.10129298","5742634.71291233","5501257.49796121","5546559.35083367","5762017.89281432","5679057.13555046","5842366.4548187","5958268.83224745","6226072.17005703","6456989.66878639","6559086.56660243","6593561.97479126","6729691.29668071","6626164.48898415","7026137.19980035","","","","",
"Bermuda","BMU","Adjusted savings: particulate emission damage (current US$)","NY.ADJ.DPEM.CD","","","","","","","","","","","","","","","","","","","","","","","","","","","","","","","","","","","","","","","","","","","","","","","","","","","","","","","","","","","","","","","","","","",
"Bolivia","BOL","Adjusted savings: particulate emission damage (current US$)","NY.ADJ.DPEM.CD","","","","","","","","","","","","","","","","","","","","","","","","","","","","","","","113651495.565237","116254033.94098","116893900.663023","110345273.601865","105940798.307482","109925035.67453","111515278.560536","108974719.321741","104694634.76548","96937485.2967348","92909324.1693977","85429549.7062865","77484569.62006","74385334.7253129","74528769.1674457","74362957.1462454","79981316.7160723","85235263.6388232","98786866.6269422","96427127.3969464","102189822.105115","118027199.375167","126250146.731397","137035681.324807","138981148.68283","136290434.431908","139575445.105741","154984653.084673","166500157.209591","172076844.090153","167547486.475279","170788485.507253","","","","",
"Brazil","BRA","Adjusted savings: particulate emission damage (current US$)","NY.ADJ.DPEM.CD","","","","","","","","","","","","","","","","","","","","","","","","","","","","","","","2878666746.36396","2282542555.45083","2127690227.66255","2227415168.48253","2844751861.05467","3839107797.25449","4057689919.67742","3914138801.30499","3663738715.81823","2454656875.58039","2458945010.4143","1983868176.79667","1673271413.34978","1735685561.53675","1887348209.51461","2350887745.06728","2815366479.89024","3272087376.88333","3833152079.45924","3805764013.30274","4622364379.23041","5181353267.88382","4725181338.39082","4477251706.5282","4212600143.96514","3115926182.53021","3169743496.05943","3489210973.02746","3170090672.26292","3055120663.38909","2447643182.28732","2586087710.72061","","","","",
"Barbados","BRB","Adjusted savings: particulate emission damage (current US$)","NY.ADJ.DPEM.CD","","","","","","","","","","","","","","","","","","","","","","","","","","","","","","","6252879.84931257","6317756.75500278","6082849.99742839","5964444.56794128","5870058.39901984","5919753.77486816","5543578.09732606","5757553.30965937","6286554.30457172","6521041.57419011","6440786.29489821","6280020.65027391","6473157.57968027","6733421.29219652","6812153.12815862","7366121.5647473","8206678.23774148","9386862.61692051","9833789.81897195","9991014.940569","10223134.4573214","10568616.8627529","10254013.8804104","11466138.4440179","10894998.6220744","11409354.6457549","11954928.0057656","12115516.7969985","12684918.6869587","13522911.0975149","13743512.4256423","14375278.0308701","","","","",
"Brunei Darussalam","BRN","Adjusted savings: particulate emission damage (current US$)","NY.ADJ.DPEM.CD","","","","","","","","","","","","","","","","","","","","","","","","","","","","","","","4917226.89979239","4742437.35878504","4740990.77462074","4237830.33522396","3743688.58642259","3829315.40234768","3738922.22302351","3505589.42842436","2494022.3282358","2473665.84040994","2868331.80659054","2466411.41018265","2497742.80574615","2795092.78319269","3333848.61580344","3973747.02517918","4489954.2513573","4608054.28530977","5234241.81146176","3787882.64028169","4657477.89850776","6495815.04436519","7452245.48907353","8175710.26844632","8755075.72662971","6938868.78865389","5873954.05540588","5774358.87538349","7533512.44441736","7090897.54247014","6669233.291408","8379686.5009482","","","","",
"Bhutan","BTN","Adjusted savings: particulate emission damage (current US$)","NY.ADJ.DPEM.CD","","","","","","","","","","","","","","","","","","","","","","","","","","","","","","","6912421.63825003","5458540.47659183","5020374.88136442","4595249.64782942","4996027.97373203","5397046.32442408","5572368.83083224","6368410.28751043","6288025.08832078","6190355.62047738","6366333.19052618","6294456.5086493","6179571.3348666","6545070.30389892","6725997.63346134","7061605.58703878","6924548.76234507","8111347.57698295","8160982.84157109","7728876.50852256","8970752.24186911","10027242.8709334","9091295.26175443","10086642.0734599","11292476.853722","11027466.3575563","11124319.9578939","12142886.7970043","12021417.3017719","11997166.4799506","12314184.3180217","12986616.7543222","","","","",
"Botswana","BWA","Adjusted savings: particulate emission damage (current US$)","NY.ADJ.DPEM.CD","","","","","","","","","","","","","","","","","","","","","","","","","","","","","","","50789803.247733","49110330.661394","50378405.6109022","50988072.5329443","50134835.3358085","52723645.7134586","50926585.5866438","47451904.6915656","43897447.8397309","45007446.9353897","44065081.2731636","40369482.7706035","37829140.1301193","50235196.6567445","57833559.296605","62242297.2042384","59676661.7588968","60335133.8129899","59741450.4559907","63944029.9517668","70703662.6043518","83063558.623238","78290326.7092828","75608202.9725679","82306451.3169596","77126519.4087612","79543756.6143584","82778925.7210938","84328876.006404","80097546.0059365","77771216.1427865","81935026.6702381","","","","",
"Central African Republic","CAF","Adjusted savings: particulate emission damage (current US$)","NY.ADJ.DPEM.CD","","","","","","","","","","","","","","","","","","","","","","","","","","","","","","","31702812.0263986","30249404.0634934","31964423.058466","28342435.1361832","17706004.1997203","21045841.9465828","19336316.9837106","16878180.074861","16672949.6545473","16849717.0285502","15605343.1820765","15358548.6138626","16048554.0625237","19384878.4721478","20207547.9601674","21180396.0978056","21309825.3866816","22525540.6249096","25081636.5549472","23204807.9958227","22289218.6840933","25116319.1861786","25128141.7755067","24986319.6368921","26154525.8638545","21846758.4962598","21013993.7203638","21050462.6183216","22282350.280056","22099365.3379867","22981538.4145567","24422921.8877621","","","","",
"Canada","CAN","Adjusted savings: particulate emission damage (current US$)","NY.ADJ.DPEM.CD","","","","","","","","","","","","","","","","","","","","","","","","","","","","","","","494939233.651423","500018558.609932","490736369.899652","478644685.831204","479177378.793596","452717319.92897","427029898.256471","372369707.628046","341996544.155966","348649216.349871","363369194.921908","363237984.468929","383377671.537736","459758777.111417","508588690.135368","563087163.982553","596757289.93687","641241053.769911","653432543.633726","579891336.300902","638580664.89717","661908198.249144","651701749.483983","642321026.924115","605584740.101511","520036825.723992","522013081.778655","554903958.813891","569216205.229731","568258982.387939","546857665.279566","607910112.634247","","","","",
"Central Europe and the Baltics","CEB","Adjusted savings: particulate emission damage (current US$)","NY.ADJ.DPEM.CD","","","","","","","","","","","","","","","","","","","","","","","","","","","","","","","","","","","","","","","","","","","","","","","","","","","","","","","","","","","","","","","","","","",
"Switzerland","CHE","Adjusted savings: particulate emission damage (current US$)","NY.ADJ.DPEM.CD","","","","","","","","","","","","","","","","","","","","","","","","","","","","","","","474478379.662639","476432633.869158","450884683.925906","420150631.750973","442447375.048367","463049896.04827","411720165.809707","336603126.626564","312716554.350815","292430742.71209","252882298.485126","248111192.678098","251061570.251986","297275340.284204","299490379.9506","282907874.433316","284247503.554078","308855452.278013","345103638.270371","356695266.407504","353426237.019589","416107463.926358","386636054.626197","383696218.055715","373213214.063107","333327440.380944","297433679.567499","273476202.598746","282251804.640235","276579096.517923","294936668.613731","314387941.213784","","","","",
"Channel Islands","CHI","Adjusted savings: particulate emission damage (current US$)","NY.ADJ.DPEM.CD","","","","","","","","","","","","","","","","","","","","","","","","","","","","","","","","","","","","","","","","","","","","","","","","","","","","","","","","","","","","","","","","","","",
"Chile","CHL","Adjusted savings: particulate emission damage (current US$)","NY.ADJ.DPEM.CD","","","","","","","","","","","","","","","","","","","","","","","","","","","","","","","91835531.5141343","91335595.368789","97682304.6633057","98306129.4939566","109401603.3395","135427852.293539","140767863.649671","144884909.580181","141773154.921154","132120594.683993","130473411.408259","119158611.066991","111607635.306392","120049329.786681","145530339.101494","171147180.379786","203434115.680271","217700017.151267","218882046.909026","221341130.087913","276516596.81013","322554152.157","343128780.091155","360130924.040576","343272653.410078","321948626.494424","320077337.259704","346422846.772281","360275809.177839","347584217.709386","347046938.790973","405764191.259102","","","","",
"China","CHN","Adjusted savings: particulate emission damage (current US$)","NY.ADJ.DPEM.CD","","","","","","","","","","","","","","","","","","","","","","","","","","","","","","","5104899832.36479","5062749395.06458","5378430431.36092","5092853010.25817","5912716313.54302","7546923222.03022","8719743744.89226","9277850952.94865","9626553561.94913","9892208985.94086","10432340132.7716","10756319242.6036","11014372704.6694","11500078976.4069","12663205695.1305","13885741862.0727","15454669757.1388","18486007646.9546","23510321113.7887","25871041701.2135","30068183097.5428","37019153411.4461","41891682257.6388","47017879515.3299","51469130144.616","55106162510.364","56062099911.3174","60267636913.9911","66751858020.2767","68350177325.4642","72157274751.7171","83796153616.4421","","","","",
"Cote d'Ivoire","CIV","Adjusted savings: particulate emission damage (current US$)","NY.ADJ.DPEM.CD","","","","","","","","","","","","","","","","","","","","","","","","","","","","","","","390618040.633549","375848135.03476","397795585.711394","393658133.718837","293928065.852695","356269387.918354","537087988.255609","494321332.381458","528503306.529263","512631011.648105","458055620.909516","475834910.493403","514379625.709985","613577601.614298","637878512.894843","625897394.952736","632151154.907329","695595153.064172","767483796.953035","722894772.223134","688711716.21817","731684056.539124","668107718.361354","721202983.705971","754564710.723651","656351925.193845","629566303.629506","609804817.762581","650864735.828066","615924195.823272","625335721.109338","657134604.644195","","","","",
"Cameroon","CMR","Adjusted savings: particulate emission damage (current US$)","NY.ADJ.DPEM.CD","","","","","","","","","","","","","","","","","","","","","","","","","","","","","","","295923823.94797","283650930.176572","288355639.624624","408116756.140231","217372266.6225","240121726.861062","228429850.583204","211345565.831895","217516278.275824","219104670.574697","201654674.313636","206459810.365831","241655978.042944","302220881.683003","339258182.725956","351659199.685476","371035640.455167","411431822.287154","473590028.475388","476943755.176868","470881918.823487","527028472.256391","516556096.775746","570804279.709971","599952175.408443","502245274.454716","514539523.110216","528327970.815274","566607314.686962","550615943.966033","565310119.720749","604428155.988721","","","","",
"Congo, Dem. Rep.","COD","Adjusted savings: particulate emission damage (current US$)","NY.ADJ.DPEM.CD","","","","","","","","","","","","","","","","","","","","","","","","","","","","","","","260623948.413806","280440661.456483","254533940.238905","361480385.957882","195285909.427804","168275734.97565","155515158.478392","163155023.06996","162894307.009966","125114117.641836","528866079.718381","200576100.531281","217415679.958991","205310118.678977","216978170.643648","240011778.75316","282855892.361661","316710080.478441","362411789.584378","340320874.904365","374371332.852593","424901981.249327","458483861.157514","480140490.277322","489314200.749233","487608714.832259","465504042.792161","454605879.15874","544685919.98684","564612757.876777","511898823.104494","535215565.099158","","","","",
"Congo, Rep.","COG","Adjusted savings: particulate emission damage (current US$)","NY.ADJ.DPEM.CD","","","","","","","","","","","","","","","","","","","","","","","","","","","","","","","61373722.7794401","57475251.6622908","60069215.9324055","54824357.6754068","38614107.9518766","43617722.342792","49696524.3483445","42119915.0768377","34878328.9657904","44396987.2173047","55884053.3307551","45457140.5981075","46762116.4902441","53879571.1839601","69767380.7058658","93805149.8578884","106825503.667104","124501026.779616","155269757.518827","116591498.288468","143435897.018545","167008721.144849","176426309.395602","183935355.502542","174308908.561976","118372023.656864","109456917.520754","116482170.181773","141246057.319018","122384688.973122","98672533.7124574","120164357.962163","","","","",
"Colombia","COL","Adjusted savings: particulate emission damage (current US$)","NY.ADJ.DPEM.CD","","","","","","","","","","","","","","","","","","","","","","","","","","","","","","","267730441.485281","274083876.058635","311080228.439386","333395956.977313","390766012.836432","422710007.928245","447788571.247199","468009483.280769","430678987.202731","394003953.192567","430208195.931618","393441552.789517","383796502.762244","327400697.204513","359988814.371851","401205277.338463","415851661.421786","480859284.345211","559743512.085863","571028522.176661","668163664.819321","696017452.289764","718370419.817958","676001304.955921","633852152.215496","484450687.585544","463186933.551184","513749940.12067","538708234.243774","507258544.716491","461184334.766806","489809229.157066","","","","",
"Comoros","COM","Adjusted savings: particulate emission damage (current US$)","NY.ADJ.DPEM.CD","","","","","","","","","","","","","","","","","","","","","","","","","","","","","","","21143677.576871","21333993.5882457","21576114.0548956","20619584.6459349","15270498.5940011","17813693.2256314","17316507.2387843","14783031.1759459","13884273.4395736","13648696.3221991","11157879.3821923","11581063.2819081","12516816.6003811","15375143.3897207","17183856.1707608","17078064.5516306","16865056.1316728","19474042.5711116","21160663.574534","18668490.6393298","16940834.2433929","17998191.5666551","16801561.5541102","17141782.7029395","18310370.8022328","14815486.9693017","14457316.9664299","14298411.0112995","14472975.0661171","13846443.7549081","13738929.8722059","13718219.7084332","","","","",
"Cabo Verde","CPV","Adjusted savings: particulate emission damage (current US$)","NY.ADJ.DPEM.CD","","","","","","","","","","","","","","","","","","","","","","","","","","","","","","","6392519.69980196","6365224.19965349","6436083.71358141","8375416.17304727","6148321.20675961","7186271.99747307","7395968.17479806","7192111.91810007","7253172.58661371","7928315.26756668","6401866.70993244","6524030.52239511","6690213.36443357","8098631.0777906","8119721.70671891","7656761.79694558","7789274.43346771","8992143.65530397","9687497.97690736","9053203.65004673","8713540.13384203","9439776.94881439","9214301.44033697","9892414.40685315","10103662.4490202","8585319.90206648","8220664.03473814","7993449.60191432","8444100.70530949","7979925.25810909","7935380.10553077","8397222.20068844","","","","",
"Costa Rica","CRI","Adjusted savings: particulate emission damage (current US$)","NY.ADJ.DPEM.CD","","","","","","","","","","","","","","","","","","","","","","","","","","","","","","","16723503.1611121","19298444.0361695","19763410.9794978","20430205.3155282","22278755.6244621","25158749.0722206","22823213.6388593","25221919.2930356","25107225.8963635","26187012.3617686","23497334.3435645","25087987.3367312","24870761.6034661","23852959.2258755","24942466.3224358","25400190.1453061","28028580.4318853","28730429.4556405","32711617.7016365","31119026.1694773","43219697.4454353","45070008.456399","53602006.7199424","57258264.2839674","56851729.0762142","62276394.6567418","61502613.190458","63863819.2237938","68782116.672162","71424809.1800517","73030255.5881037","70565738.8732255","","","","",
"Caribbean small states","CSS","Adjusted savings: particulate emission damage (current US$)","NY.ADJ.DPEM.CD","","","","","","","","","","","","","","","","","","","","","","","","","","","","","","","","","","","","","","","","","","","","","","","","","","","","","","","","","","","","","","","","","","",
"Cuba","CUB","Adjusted savings: particulate emission damage (current US$)","NY.ADJ.DPEM.CD","","","","","","","","","","","","","","","","","","","","","","","","","","","","","","","85755254.3271031","74662909.3950631","71531469.1524979","79669466.0411298","96350888.8128792","90148903.7650146","62819882.1968032","60666251.9649936","62490265.4527549","65158873.9168049","64279948.8297223","62866504.4039523","60804844.6872259","61882552.7483099","60889957.4905939","63335047.7242992","62878462.7292264","67346855.5995046","69747264.3905839","75733249.6969607","78380980.6769311","86717650.176261","96947131.5656815","104866308.465783","113225309.440378","124494873.626598","126660180.285322","130665961.049752","130846452.064484","133797597.867189","150906400.609576","","","","","",
"Curacao","CUW","Adjusted savings: particulate emission damage (current US$)","NY.ADJ.DPEM.CD","","","","","","","","","","","","","","","","","","","","","","","","","","","","","","","","","","","","","","","","","","","","","","","","","","","","","","","","","","","","","","","","","","",
"Cayman Islands","CYM","Adjusted savings: particulate emission damage (current US$)","NY.ADJ.DPEM.CD","","","","","","","","","","","","","","","","","","","","","","","","","","","","","","","","","","","","","","","","","","","","","","","","","","","","","","","","","","","","","","","","","","",
"Cyprus","CYP","Adjusted savings: particulate emission damage (current US$)","NY.ADJ.DPEM.CD","","","","","","","","","","","","","","","","","","","","","","","","","","","","","","","8892520.13581169","9463449.36502676","10721714.3435439","10374117.8828044","11447593.1851352","14185996.9249769","14510690.1810787","13974720.30194","14334649.6336253","14213871.981693","12857805.0764552","12984684.7082305","14009607.9628877","18753709.154041","20681780.9459585","21458525.1878531","21961442.172928","26747052.0913964","31982723.1872871","30486271.989496","30277249.5609053","29791605.3783088","26165101.0975577","25400520.9957739","23121418.2721186","18088115.9753961","16731073.5460805","16959728.6706185","19646727.2532058","20887049.9175837","22151172.4872875","24843216.0698457","","","","",
"Czechia","CZE","Adjusted savings: particulate emission damage (current US$)","NY.ADJ.DPEM.CD","","","","","","","","","","","","","","","","","","","","","","","","","","","","","","","106338393.813489","79104560.5600009","88101846.1716702","95817425.0058134","107045435.588486","124284353.536149","132430958.344614","121991718.886191","120650475.978542","108227207.146288","94930353.7066898","98187121.5676878","118938658.182018","144761860.106894","160985876.155156","178423954.639366","191308286.149757","231235870.774105","289739054.372785","263481988.571353","251267551.392976","261587681.030877","231925590.49173","227344802.508541","206430575.291065","175547026.988688","179959326.614676","191862355.198397","231063098.725109","236996573.417447","248670282.4235","275508628.32361","","","","",
"Germany","DEU","Adjusted savings: particulate emission damage (current US$)","NY.ADJ.DPEM.CD","","","","","","","","","","","","","","","","","","","","","","","","","","","","","","","3322109026.15018","3134397247.17957","3298038065.00351","3085602800.78075","3075252944.00119","3399294474.6144","3160671488.02878","2616691896.70852","2450749012.85576","2260126278.64852","1890208781.33645","1803584187.3544","1919957389.18692","2290421324.9382","2490205896.8711","2522373810.52838","2517521869.89007","2842717086.21964","3120442043.40207","3060923367.42905","2918890863.37258","3100845836.63346","2808694689.09702","2872697460.34385","2778056502.1786","2305517056.73767","2270803160.35753","2315291263.30861","2518217180.63852","2472387741.41924","2541985361.08465","2697251293.63787","","","","",
"Djibouti","DJI","Adjusted savings: particulate emission damage (current US$)","NY.ADJ.DPEM.CD","","","","","","","","","","","","","","","","","","","","","","","","","","","","","","","19984280.3171459","19649092.3384581","19849763.6749703","21239211.5572887","21870887.450279","22754441.9079827","23315789.1910292","23220612.5796907","23362682.5830579","22838409.0119004","22375457.7797948","21753002.6105855","20983637.7036185","20453077.2356885","21059041.2472367","21528789.6100989","22497917.9498613","24155968.8186785","26042971.3129393","27553770.3593111","29846415.6460518","32194603.5407483","34868070.5131266","40944165.1863372","45146984.165104","50574930.1252149","55020909.4248488","59073659.4740944","60316272.2910827","61273695.8221572","63542199.8879254","67019484.1000994","","","","",
"Dominica","DMA","Adjusted savings: particulate emission damage (current US$)","NY.ADJ.DPEM.CD","","","","","","","","","","","","","","","","","","","","","","","","","","","","","","","","","","","","","","","","","","","","","","","","","","","","","","","","","","","","","","","","","","",
"Denmark","DNK","Adjusted savings: particulate emission damage (current US$)","NY.ADJ.DPEM.CD","","","","","","","","","","","","","","","","","","","","","","","","","","","","","","","191551040.111137","178080559.717215","184277527.898236","167171624.166793","164557182.909763","197598555.918471","184186066.576021","165765189.033951","161885064.607227","145186969.414824","123667651.388403","133202972.900645","152063230.594757","177689906.778462","198245758.823367","194968714.181632","199122382.073997","222901027.342718","245560956.509632","234257293.604749","227864574.095045","228649661.243524","201037873.667816","187450817.662643","175869432.598695","144066599.894402","147464174.744135","154680977.173187","167428433.011719","158777491.10608","158331606.560941","161472933.843622","","","","",
"Dominican Republic","DOM","Adjusted savings: particulate emission damage (current US$)","NY.ADJ.DPEM.CD","","","","","","","","","","","","","","","","","","","","","","","","","","","","","","","92021327.9953954","120083271.591525","121022358.305701","124065100.592581","132007831.243472","141440304.786453","148109625.660913","152432544.152175","155549365.571514","147796174.83219","151845215.407622","151621423.573669","146358051.31002","113696286.720714","118456313.112965","169925338.447366","165677829.76728","173819862.592308","172672664.232057","176399803.348279","183795130.546091","205362635.766262","232883727.997156","250662669.503502","261994625.189726","273313780.831049","279353298.813967","280148981.849332","283567977.605468","281110845.422165","266161239.924922","285306596.207104","","","","",
"Algeria","DZA","Adjusted savings: particulate emission damage (current US$)","NY.ADJ.DPEM.CD","","","","","","","","","","","","","","","","","","","","","","","","","","","","","","","566738197.710429","410054038.704968","420315690.359004","446490309.667783","380979272.622523","353749622.973858","376550806.940502","370787599.984288","347193670.673883","342293274.733962","366864457.317838","350473947.404358","342912257.019291","378048868.928128","446031105.156013","493605355.962379","537467030.17426","584885675.087797","702590957.391419","546041922.685283","627412719.790615","745327352.620439","746537127.029574","762821390.475012","736633782.737097","570731979.000875","541460363.587907","578528379.336622","606628047.975065","600470770.260357","539987679.400767","590749738.995624","","","","",
"East Asia & Pacific (excluding high income)","EAP","Adjusted savings: particulate emission damage (current US$)","NY.ADJ.DPEM.CD","","","","","","","","","","","","","","","","","","","","","","","","","","","","","","","","","","","","","","","","","","","","","","","","","","","","","","","","","","","","","","","","","","",
"Early-demographic dividend","EAR","Adjusted savings: particulate emission damage (current US$)","NY.ADJ.DPEM.CD","","","","","","","","","","","","","","","","","","","","","","","","","","","","","","","","","","","","","","","","","","","","","","","","","","","","","","","","","","","","","","","","","","",
"East Asia & Pacific","EAS","Adjusted savings: particulate emission damage (current US$)","NY.ADJ.DPEM.CD","","","","","","","","","","","","","","","","","","","","","","","","","","","","","","","","","","","","","","","","","","","","","","","","","","","","","","","","","","","","","","","","","","",
"Europe & Central Asia (excluding high income)","ECA","Adjusted savings: particulate emission damage (current US$)","NY.ADJ.DPEM.CD","","","","","","","","","","","","","","","","","","","","","","","","","","","","","","","","","","","","","","","","","","","","","","","","","","","","","","","","","","","","","","","","","","",
"Europe & Central Asia","ECS","Adjusted savings: particulate emission damage (current US$)","NY.ADJ.DPEM.CD","","","","","","","","","","","","","","","","","","","","","","","","","","","","","","","","","","","","","","","","","","","","","","","","","","","","","","","","","","","","","","","","","","",
"Ecuador","ECU","Adjusted savings: particulate emission damage (current US$)","NY.ADJ.DPEM.CD","","","","","","","","","","","","","","","","","","","","","","","","","","","","","","","64134058.771858","68047613.8554438","68159300.0006897","67142549.6044526","76436354.8626548","80709973.3571816","84811496.6859472","86482946.9020615","87103012.9597835","63574132.1561943","58460293.1838625","73114111.3506749","87653653.7228871","100804474.657601","111074906.73542","127129546.101021","148877150.134737","167452473.378457","203128232.029756","210776554.265396","237066220.979165","255849195.948218","287633010.118372","302086024.403578","317212262.655854","318284208.321876","317276069.935263","314295598.747217","309968610.347232","305147437.468636","307476831.96102","316497138.632128","","","","",
"Egypt, Arab Rep.","EGY","Adjusted savings: particulate emission damage (current US$)","NY.ADJ.DPEM.CD","","","","","","","","","","","","","","","","","","","","","","","","","","","","","","","911095329.242442","763074043.571929","785196884.195438","842293381.062926","900207633.98227","969600266.376399","1001266816.28999","1093355558.4942","1095099266.49145","1123995412.76887","1113644891.55764","1039838825.64789","896078895.652779","857884788.536795","818652818.825241","891998555.931054","1006176542.92643","1109398491.96513","1257301258.19915","1450755803.69596","1638340504.98923","1739223495.60732","2049379974.69819","2078187347.83726","2179577667.28727","2389069735.90454","2366202265.78404","1620236703.73442","1669838433.1088","1970918005.40607","2376230424.16758","2643045336.24624","","","","",
"Euro area","EMU","Adjusted savings: particulate emission damage (current US$)","NY.ADJ.DPEM.CD","","","","","","","","","","","","","","","","","","","","","","","","","","","","","","","","","","","","","","","","","","","","","","","","","","","","","","","","","","","","","","","","","","",
"Eritrea","ERI","Adjusted savings: particulate emission damage (current US$)","NY.ADJ.DPEM.CD","","","","","","","","","","","","","","","","","","","","","","","","","","","","","","","","","20979866.2445418","19046416.5362309","19219070.3850716","20835000.8518516","22979665.7448133","22153935.2412881","24141805.6999325","20074307.524606","24121377.2253432","24443776.4674747","23839399.6076455","28922304.311978","36413410.3666978","34745069.941328","37899382.634472","39876891.5974015","44991988.0982369","55852252.8789652","45388366.5558913","52767808.2332354","","","","","","","","","","","","","","",
"Spain","ESP","Adjusted savings: particulate emission damage (current US$)","NY.ADJ.DPEM.CD","","","","","","","","","","","","","","","","","","","","","","","","","","","","","","","719055675.710334","721211352.8221","723675239.630446","571652730.728054","533700838.193146","590956184.835839","603898626.901318","532609786.213306","542367299.057931","542843440.739426","492925774.009893","496204166.671864","535473175.801592","662944852.367357","724897063.223197","749039107.722111","757669477.465328","819354421.55187","868085270.984135","771148674.926888","702322882.840649","712297076.632008","633775036.613814","614517819.462785","586097183.334009","480915862.304588","445343488.168844","446306025.933311","477560623.866626","464081907.355438","466844258.657125","482587833.134426","","","","",
"Estonia","EST","Adjusted savings: particulate emission damage (current US$)","NY.ADJ.DPEM.CD","","","","","","","","","","","","","","","","","","","","","","","","","","","","","","","","","","","","12242080.5967621","10866223.4051186","10645368.3822804","10584592.3912899","10116626.0128504","7958534.83750976","9562340.41299878","9567238.36742992","12369372.9784075","14126746.9325429","14090577.5958997","16891066.2907157","20342122.5312108","21969578.6236606","18580895.2673932","15042881.0008208","16137316.2569212","14484407.3388341","12881692.7735742","12318501.4154362","8509880.43004361","7883881.69991105","8117920.55856072","9304583.79177949","9625117.23945571","10169784.0797819","11776408.6100215","","","","",
"Ethiopia","ETH","Adjusted savings: particulate emission damage (current US$)","NY.ADJ.DPEM.CD","","","","","","","","","","","","","","","","","","","","","","","","","","","","","","","530006116.725828","617339669.143034","507581932.32995","373904922.222468","282685004.271154","285262506.757268","284332424.059389","284645564.159616","267352399.612148","246832976.218321","245408286.569995","226709399.869553","209234577.010592","229221157.21361","233604414.411482","262309572.682265","294959804.589108","354266676.766263","462750905.104913","526075324.697508","440219161.639873","438098202.846192","558813539.815142","565691969.96948","629041508.887751","677298158.773087","730605573.058959","763689005.912047","758935531.475585","810642125.642816","862901393.451216","832033751.269282","","","","",
"European Union","EUU","Adjusted savings: particulate emission damage (current US$)","NY.ADJ.DPEM.CD","","","","","","","","","","","","","","","","","","","","","","","","","","","","","","","","","","","","","","","","","","","","","","","","","","","","","","","","","","","","","","","","","","",
"Fragile and conflict affected situations","FCS","Adjusted savings: particulate emission damage (current US$)","NY.ADJ.DPEM.CD","","","","","","","","","","","","","","","","","","","","","","","","","","","","","","","","","","","","","","","","","","","","","","","","","","","","","","","","","","","","","","","","","","",
"Finland","FIN","Adjusted savings: particulate emission damage (current US$)","NY.ADJ.DPEM.CD","","","","","","","","","","","","","","","","","","","","","","","","","","","","","","","105088586.440654","89529307.7565391","72903725.3216568","52468373.3238247","52380640.3515719","60557671.6010681","52868288.6326522","47673627.035445","45356083.1742033","42288055.2455058","37570099.9889629","36077794.9998036","37252185.9231726","45600447.495957","49968787.2150246","50797610.5716225","51601422.934522","60861673.9243801","68180577.5324789","62200834.9257282","59528357.4223541","61176742.4018263","52387400.2579743","46043694.7097065","39742604.4594595","28615116.7683693","25034242.4281771","24299190.1989161","27513849.7362839","29718891.0411181","33740119.1066715","39110588.2130017","","","","",
"Fiji","FJI","Adjusted savings: particulate emission damage (current US$)","NY.ADJ.DPEM.CD","","","","","","","","","","","","","","","","","","","","","","","","","","","","","","","19621291.8052121","20115569.8324785","20456810.398704","21235982.9108607","22461147.6974433","23647762.4765548","25006779.7575231","25286727.8269287","19579771.2061391","22095277.3220006","19864487.7450439","18089769.7505559","18472503.2612306","22275677.6847519","23849088.44924","26049426.1352001","26827588.3236582","29738648.1363684","30768688.2871989","24287459.1980846","24964147.992202","28010363.0293706","26682029.2849645","24931069.4016721","25513079.1289168","23761088.0223319","25257684.5037229","26798405.7668631","27550023.2370332","27678756.0613955","26524792.9030343","25505663.1411524","","","","",
"France","FRA","Adjusted savings: particulate emission damage (current US$)","NY.ADJ.DPEM.CD","","","","","","","","","","","","","","","","","","","","","","","","","","","","","","","1047469811.9281","1012011294.48006","1078105062.07535","1002024324.23048","998519455.730104","1107900227.29975","1115020565.75352","976179984.286196","994320280.401808","948217622.994429","840317214.224169","838527935.167423","923516171.210785","1127843918.41608","1212646865.08648","1217825206.77951","1238889794.69992","1404872688.88526","1568626242.72938","1525932351.15297","1481265172.67657","1560467339.57978","1443470816.85452","1420010135.82959","1337687040.22656","1105787841.08795","1012712983.71618","1008360199.86331","1085853888.07595","1073607607.63973","1112707075.85984","1160695174.1832","","","","",
"Faroe Islands","FRO","Adjusted savings: particulate emission damage (current US$)","NY.ADJ.DPEM.CD","","","","","","","","","","","","","","","","","","","","","","","","","","","","","","","","","","","","","","","","","","","","","","","","","","","","","","","","","","","","","","","","","","",
"Micronesia, Fed. Sts.","FSM","Adjusted savings: particulate emission damage (current US$)","NY.ADJ.DPEM.CD","","","","","","","","","","","","","","","","","","","","","","","","","","","","","","","","","","","","","","","","","","","","","","","","","","","","","","","","","","","","","","","","","","",
"Gabon","GAB","Adjusted savings: particulate emission damage (current US$)","NY.ADJ.DPEM.CD","","","","","","","","","","","","","","","","","","","","","","","","","","","","","","","97433669.4058847","78130727.0125676","79585238.9689642","56946630.2542195","51039009.2374487","55105164.538812","58517329.4357793","50372190.42508","39593328.5198732","43320537.9575953","45650217.5734654","41375706.9504273","40898766.3393376","46333541.7572161","52090186.6419557","59312090.0179805","62320126.5551659","66107329.0956113","79131796.7641136","57015488.4895052","59816653.1819656","68852759.1143555","59519377.1353877","56696146.1981225","56822545.9317809","43562001.5700842","40080601.5980492","40850304.731176","45771780.5913485","44492527.7630935","41465341.9011859","54196305.5037239","","","","",
"United Kingdom","GBR","Adjusted savings: particulate emission damage (current US$)","NY.ADJ.DPEM.CD","","","","","","","","","","","","","","","","","","","","","","","","","","","","","","","1871283458.32677","1873177085.51465","1842786643.54489","1501817088.42019","1483276125.88506","1688856037.10663","1667186063.90969","1695110730.13254","1679612095.59968","1648297394.39178","1514756439.77852","1428340579.10458","1535700162.70389","1775407583.36514","1959764258.38985","1975685073.5437","2073396102.30371","2297960306.10413","2182702874.88697","1803738448.66308","1765660452.31763","1753565893.79822","1642461775.08835","1596082042.14093","1619031774.65427","1496690731.58491","1351025129.97751","1289338850.37298","1394769917.90655","1361952927.83638","1424703903.69504","1513724671.45148","","","","",
"Georgia","GEO","Adjusted savings: particulate emission damage (current US$)","NY.ADJ.DPEM.CD","","","","","","","","","","","","","","","","","","","","","","","","","","","","","","","92251487.7229045","86596082.5613388","78632952.6246661","69492479.3143968","67682690.2313265","50466102.2342206","41046117.2107818","40407040.7540664","42211254.8572124","32194310.5156556","37097539.628371","37224846.2675137","35217015.9639166","32810539.2812794","35760766.1816527","35952972.6456186","36289269.3564641","41313017.775781","54427758.6101944","53351909.434269","59809766.9235885","73854603.9092588","80076404.9366018","83088171.9892612","81760035.0372224","69476209.5766701","77119329.7807896","78710478.7151261","80280204.1922211","80173186.6368009","80283691.4734378","87926410.5957745","","","","",
"Ghana","GHA","Adjusted savings: particulate emission damage (current US$)","NY.ADJ.DPEM.CD","","","","","","","","","","","","","","","","","","","","","","","","","","","","","","","111463392.500196","117345536.0694","109474366.906287","97039606.2405861","85626358.5614509","99889806.2004545","105693581.585803","104637964.65717","111566925.804436","114417373.892354","73638230.3800381","77569550.6688042","88007821.453572","106764333.914585","119641740.824456","139304878.665643","254501803.177484","301437813.526278","317407440.443347","278523862.742055","324689839.406321","360044253.369266","357553337.279034","527945710.887278","471029485.563895","438209306.675454","498676059.417668","500063569.756343","513347071.156474","489097088.012349","491216903.018517","510921391.376999","","","","",
"Gibraltar","GIB","Adjusted savings: particulate emission damage (current US$)","NY.ADJ.DPEM.CD","","","","","","","","","","","","","","","","","","","","","","","","","","","","","","","","","","","","","","","","","","","","","","","","","","","","","","","","","","","","","","","","","","",
"Guinea","GIN","Adjusted savings: particulate emission damage (current US$)","NY.ADJ.DPEM.CD","","","","","","","","","","","","","","","","","","","","","","","","","","","","","","","87513243.4328903","95275362.7658667","101081562.866379","96396687.6802105","96300285.3055884","100174709.410989","100832348.865064","92739237.5727758","84167243.9748387","76431641.6779633","61707713.8558339","54460318.7960699","53446743.2254442","62671679.8746682","67637536.2340184","54174431.4556299","81165382.947412","120152165.095546","132988499.671219","134138667.151395","141103021.144878","136089942.561621","147616590.290014","166119951.440533","173587597.066622","176284123.075016","158594464.959058","178777378.51077","205112277.804429","229942747.379398","239123153.948139","270807420.450092","","","","",
"Gambia, The","GMB","Adjusted savings: particulate emission damage (current US$)","NY.ADJ.DPEM.CD","","","","","","","","","","","","","","","","","","","","","","","","","","","","","","","10197168.3320814","21978907.0805979","22449108.8514572","22775271.6728515","21976116.3170565","23647640.7430177","23288993.7083022","20686106.6466322","21013043.4598699","19577360.6638227","17173144.7979705","14221279.782746","12345576.8483638","9951603.04349523","20022395.1285318","21988376.7188788","21823950.1021525","25382099.1331979","27919884.2500756","23770004.1716188","23371053.3400045","21461708.1709726","20271314.7092622","18972422.6682299","17430036.19301","17369245.3672282","18234313.7857724","17651237.8812599","17541345.6572005","17723374.6023977","17455230.3215473","18724781.4909018","","","","",
"Guinea-Bissau","GNB","Adjusted savings: particulate emission damage (current US$)","NY.ADJ.DPEM.CD","","","","","","","","","","","","","","","","","","","","","","","","","","","","","","","12196380.4370078","12397716.343149","10765537.9796071","10974793.8488326","10515299.9013209","10794248.2963175","10356916.4819257","9746753.22174172","9835621.13581274","10119081.3998157","15585639.98378","15212467.5110049","15013746.1169149","16884972.0104213","18151626.7442494","18676282.1159516","18189358.4123751","21781569.0984633","26273650.7421252","24001075.6585038","23348529.3021818","27642298.9463551","24842774.5331643","25712425.5310381","25662747.9754395","23681731.1245363","25168918.7055608","26890932.5432199","28904813.1659655","26385389.5573783","26377273.8829923","28332110.6394427","","","","",
"Equatorial Guinea","GNQ","Adjusted savings: particulate emission damage (current US$)","NY.ADJ.DPEM.CD","","","","","","","","","","","","","","","","","","","","","","","","","","","","","","","4562845.43740379","4521168.79360601","4484798.21279262","4365803.20702659","2950949.31919614","3941085.53797282","4802013.87356283","5551841.73191585","5201011.33378862","9184094.56104031","16360621.6718281","17506688.1622229","20716039.3096851","28232387.9237586","42750023.7306818","80056271.5728379","98068943.1946231","116584440.075407","157080152.232754","118402210.321551","137070938.936127","171997678.045194","165321263.793659","156596602.764777","144385797.78128","90953988.9496551","75867722.2525907","75208930.1365823","77399484.3745582","63443092.2944303","53374354.9439948","60145802.779618","","","","",
"Greece","GRC","Adjusted savings: particulate emission damage (current US$)","NY.ADJ.DPEM.CD","","","","","","","","","","","","","","","","","","","","","","","","","","","","","","","187952076.380618","192015278.39723","215068161.377578","196211397.025541","211871930.943543","243693393.433255","251005446.159924","232530498.191933","219770503.185193","214380813.706742","190919254.864935","191755477.375367","212433137.238045","278825748.09303","314560384.986084","336362838.195237","367350800.784621","438390987.175194","493454820.554163","481594898.417382","438306544.941903","429274230.945305","352166977.635699","318413210.338805","284316121.474195","223605062.194425","208632085.796849","210650223.49403","225817961.485205","221597122.896732","218861734.191757","226162027.084802","","","","",
"Grenada","GRD","Adjusted savings: particulate emission damage (current US$)","NY.ADJ.DPEM.CD","","","","","","","","","","","","","","","","","","","","","","","","","","","","","","","","","","","","","","","","","","","","","","","","","","","","","","","","","","","","","","","","","","",
"Greenland","GRL","Adjusted savings: particulate emission damage (current US$)","NY.ADJ.DPEM.CD","","","","","","","","","","","","","","","","","","","","","","","","","","","","","","","","","","","","","","","","","","","","","","","","","","","","","","","","","","","","","","","","","","",
"Guatemala","GTM","Adjusted savings: particulate emission damage (current US$)","NY.ADJ.DPEM.CD","","","","","","","","","","","","","","","","","","","","","","","","","","","","","","","207744130.080869","248296322.587092","265617858.168108","281206183.660381","304537081.844482","319112350.524074","332736826.989839","369211941.721043","388997278.173336","352741273.716721","363306409.835803","332311309.596696","339527241.1027","335075130.809288","343378418.405525","356798597.922977","365102368.827709","371558359.183223","400033482.720668","377997610.648478","402643129.015698","437943972.30345","444859286.603457","422608314.673257","430705042.427273","443730440.527183","448608381.296343","473964137.104829","462738379.082026","472576921.114158","486176042.514482","505494744.665123","","","","",
"Guam","GUM","Adjusted savings: particulate emission damage (current US$)","NY.ADJ.DPEM.CD","","","","","","","","","","","","","","","","","","","","","","","","","","","","","","","","","","","","","","","","","","","5337577.25263477","5554634.88936107","5761125.82578507","6183233.71473428","6545904.70591029","6872308.45479572","7328362.61756466","7742515.1930514","7837232.8607883","8479587.2626924","9991628.34745495","11703375.6092628","13471487.3513058","14635144.7035277","12721644.4816332","10741401.4429058","11007550.7275961","12062337.6313072","13206930.49584","14277043.6686625","","","","",
"Guyana","GUY","Adjusted savings: particulate emission damage (current US$)","NY.ADJ.DPEM.CD","","","","","","","","","","","","","","","","","","","","","","","","","","","","","","","4214277.72636426","3440048.18476663","3379199.30204233","3938299.1590562","4282608.40083539","4894221.79555006","5476479.64697411","5863984.49065967","5824923.13738285","5516616.53548143","5860192.08396212","5454560.32233777","5368699.63981645","5358549.26234312","5477548.84813503","5684231.35900958","15067208.6026031","16001530.9371121","17458666.7879379","17577427.6081438","18714936.404467","19588142.4251641","21416281.2840363","21529790.7325311","22136325.9072633","23280301.1128891","23488544.5880057","23829042.9121608","23023310.466125","23872465.1858713","19252692.0968446","26415803.9435179","","","","",
"High income","HIC","Adjusted savings: particulate emission damage (current US$)","NY.ADJ.DPEM.CD","","","","","","","","","","","","","","","","","","","","","","","","","","","","","","","","","","","","","","","","","","","","","","","","","","","","","","","","","","","","","","","","","","",
"Hong Kong SAR, China","HKG","Adjusted savings: particulate emission damage (current US$)","NY.ADJ.DPEM.CD","","","","","","","","","","","","","","","","","","","","","","","","","","","","","","","","","","","","","","","","","","","","","","","","","","","","","","","","","","","","","","","","","","",
"Honduras","HND","Adjusted savings: particulate emission damage (current US$)","NY.ADJ.DPEM.CD","","","","","","","","","","","","","","","","","","","","","","","","","","","","","","","77561387.8271922","71631015.953823","71231371.2888761","65393128.8624444","60240790.709907","65417761.4933544","61948770.6342571","64261373.6697688","63723347.2938137","67326604.3443248","68536419.4705223","70726052.6403119","70469542.7878469","72382622.7710682","76361660.8177231","81481713.4869879","88207440.9795187","97370275.1479311","107845684.705292","120769222.025232","128223757.539609","142240569.668651","140813167.985993","143330349.329874","146887858.883389","152407232.12059","141298553.503762","147025492.646715","140185284.264442","142533078.106446","149878559.638115","160593189.523805","","","","",
"Heavily indebted poor countries (HIPC)","HPC","Adjusted savings: particulate emission damage (current US$)","NY.ADJ.DPEM.CD","","","","","","","","","","","","","","","","","","","","","","","","","","","","","","","","","","","","","","","","","","","","","","","","","","","","","","","","","","","","","","","","","","",
"Croatia","HRV","Adjusted savings: particulate emission damage (current US$)","NY.ADJ.DPEM.CD","","","","","","","","","","","","","","","","","","","","","","","","","","","","","","","","","","","","76701335.008247","77922726.8979095","74019744.3219507","73976178.4799652","66014274.1730411","58628038.9462058","60611501.8155351","67123467.6772951","89167526.9189425","103156105.763813","111079303.563141","112924152.850193","126295599.000742","144131445.570421","133514552.519487","118184944.563495","119202915.944004","104259677.896829","91986620.2369158","83378896.2873707","72376507.1357169","60872295.9191434","60735972.2232222","66474225.6451706","66861000.5455777","67086767.1272036","69894563.3863591","","","","",
"Haiti","HTI","Adjusted savings: particulate emission damage (current US$)","NY.ADJ.DPEM.CD","","","","","","","","","","","","","","","","","","","","","","","","","","","","","","","103973146.038682","110388719.262823","72719484.2180414","60220409.402234","73884709.9807832","82518324.5296383","77382098.1154836","84263240.7293818","88325488.9127575","97697517.4114359","158363108.457978","148462877.292582","140421261.445146","109044774.756558","137043459.633805","161137183.597589","167375425.688565","205432452.326434","222284879.446096","236026334.366034","157255181.223234","269894925.936247","281672476.617481","294761664.371735","294454669.476144","283935592.382954","264855637.893428","276728432.914606","297161047.767804","270453754.625394","270306984.238492","387791669.677923","","","","",
"Hungary","HUN","Adjusted savings: particulate emission damage (current US$)","NY.ADJ.DPEM.CD","","","","","","","","","","","","","","","","","","","","","","","","","","","","","","","","188683911.892856","217466866.11378","214625852.705103","203026986.027004","198177438.651224","167061629.208905","153065799.065708","147379604.069339","140995102.23598","124391871.007387","128242162.311401","157072560.077921","202104035.581419","239604493.071431","268337471.052285","261787162.185806","322961352.418248","340434034.033206","298379983.535463","277839121.729561","284759050.848948","251033385.894708","244337702.839604","242708842.928238","216177610.998187","213890237.033794","227147472.755245","251831028.746156","263350671.119857","262543548.401447","281962844.237656","","","","",
"IBRD only","IBD","Adjusted savings: particulate emission damage (current US$)","NY.ADJ.DPEM.CD","","","","","","","","","","","","","","","","","","","","","","","","","","","","","","","","","","","","","","","","","","","","","","","","","","","","","","","","","","","","","","","","","","",
"IDA & IBRD total","IBT","Adjusted savings: particulate emission damage (current US$)","NY.ADJ.DPEM.CD","","","","","","","","","","","","","","","","","","","","","","","","","","","","","","","","","","","","","","","","","","","","","","","","","","","","","","","","","","","","","","","","","","",
"IDA total","IDA","Adjusted savings: particulate emission damage (current US$)","NY.ADJ.DPEM.CD","","","","","","","","","","","","","","","","","","","","","","","","","","","","","","","","","","","","","","","","","","","","","","","","","","","","","","","","","","","","","","","","","","",
"IDA blend","IDB","Adjusted savings: particulate emission damage (current US$)","NY.ADJ.DPEM.CD","","","","","","","","","","","","","","","","","","","","","","","","","","","","","","","","","","","","","","","","","","","","","","","","","","","","","","","","","","","","","","","","","","",
"Indonesia","IDN","Adjusted savings: particulate emission damage (current US$)","NY.ADJ.DPEM.CD","","","","","","","","","","","","","","","","","","","","","","","","","","","","","","","1385235495.33577","1411352083.52408","1452106814.26148","1672166652.998","1735734215.72621","1887932148.82414","2031003441.83313","1903317386.38173","965685651.589668","1365094082.20617","1502090632.6481","1365239286.96734","1547800200.45873","1807331748.18555","1948309184.4588","2104129176.89336","2662300759.11899","3128291176.28736","3637429821.24506","3832308927.94519","5218305605.82747","5971901628.11563","6011024364.06511","5788552025.53373","5485135049.7576","5184079271.86929","5296346646.0902","5581426929.4247","5609798285.81328","5922455677.49028","5779557318.67729","6304049458.82648","","","","",
"IDA only","IDX","Adjusted savings: particulate emission damage (current US$)","NY.ADJ.DPEM.CD","","","","","","","","","","","","","","","","","","","","","","","","","","","","","","","","","","","","","","","","","","","","","","","","","","","","","","","","","","","","","","","","","","",
"Isle of Man","IMN","Adjusted savings: particulate emission damage (current US$)","NY.ADJ.DPEM.CD","","","","","","","","","","","","","","","","","","","","","","","","","","","","","","","","","","","","","","","","","","","","","","","","","","","","","","","","","","","","","","","","","","",
"India","IND","Adjusted savings: particulate emission damage (current US$)","NY.ADJ.DPEM.CD","","","","","","","","","","","","","","","","","","","","","","","","","","","","","","","12813694916.4268","10484619698.0976","10535309191.9135","9663006048.25823","10587376510.0265","10812907478.0318","11064884030.345","11495796338.5313","11005995996.7468","11010685229.0186","10762660586.1929","10612936669.7583","10783866895.6227","11779165000.1743","12659363717.3419","13872579181.8314","14994081770.1358","18695593421.7251","18604495823.7851","20027009104.3301","24190828098.3263","26495255045.5618","26626084748.894","26233818666.7407","27085459052.7427","26770653730.7772","27307395803.4496","30248568761.1619","30317568107.6846","31945681467.4647","33040076162.5398","36773699404.9093","","","","",
"Not classified","INX","Adjusted savings: particulate emission damage (current US$)","NY.ADJ.DPEM.CD","","","","","","","","","","","","","","","","","","","","","","","","","","","","","","","","","","","","","","","","","","","","","","","","","","","","","","","","","","","","","","","","","","",
"Ireland","IRL","Adjusted savings: particulate emission damage (current US$)","NY.ADJ.DPEM.CD","","","","","","","","","","","","","","","","","","","","","","","","","","","","","","","80122378.0741001","77057644.3358638","81193619.2077783","70391413.6735601","70423098.12263","77944307.4893866","77989054.3773727","74368104.7376379","72544505.8235269","71873050.5836657","64596556.6404354","63356902.8116782","68498635.8622222","79388630.8329993","85743879.9584611","86922288.812323","90914326.6495492","104127624.808864","113230685.047415","99578613.4929693","85159708.1780698","89747809.4174398","80240305.1773902","79027635.4159018","71349733.2767791","60475800.2680661","53165182.0609602","51998559.7697007","56500924.7320508","58565042.7641153","63232089.6036057","71909538.4537262","","","","",
"Iran, Islamic Rep.","IRN","Adjusted savings: particulate emission damage (current US$)","NY.ADJ.DPEM.CD","","","","","","","","","","","","","","","","","","","","","","","","","","","","","","","2094592511.32249","","","847915846.400926","960565641.682168","1287272399.26675","1502246253.80776","1395627753.72259","1327187326.28032","1319656104.74564","1154115811.8001","1242283335.54373","1093917351.93578","1113541050.42974","1259984010.95602","1387321458.97138","1482392250.24194","1743671574.08584","1957637563.06261","2008124289.47482","2201775764.44839","2755280241.72307","2972825887.83242","2305400141.04756","2030111658.37878","1844441712.28039","1871911759.54878","1913912112.2695","1315453427.73614","1163025487.04756","923427537.408808","1285524609.83422","","","","",
"Iraq","IRQ","Adjusted savings: particulate emission damage (current US$)","NY.ADJ.DPEM.CD","","","","","","","","","","","","","","","","","","","","","","","","","","","","","","","1498550612.08103","6757104.51201856","6434722.68265401","9333665.70445749","35189022.2146077","98719137.7371037","79267643.8082305","138788018.395261","110110151.967457","165943001.51118","177750182.876029","133198642.796518","135194736.525218","135147404.209864","167061641.367715","243904984.51689","318468890.196844","464385722.802805","737922330.421109","676572526.335906","867606554.121729","1160157506.47224","1276196255.69408","1342611285.67145","1305058423.70954","949976497.939998","874118248.41712","1012762219.51772","1240759406.60776","1231107051.5013","1099856384.23341","1190957094.01147","","","","",
"Iceland","ISL","Adjusted savings: particulate emission damage (current US$)","NY.ADJ.DPEM.CD","","","","","","","","","","","","","","","","","","","","","","","","","","","","","","","3943603.12689363","3966515.93100756","3980911.82073935","3512050.16912672","3320115.67651256","3317491.21949772","3292952.14581771","2941949.72627619","3080177.4329909","3091149.45273842","2996392.46121873","2523535.80993943","2834334.38392346","3300026.2298305","3624558.19396001","4173450.58046108","4210802.62120556","4873226.28479173","4051514.5927726","3111631.39644512","3229897.03192898","3147226.22758121","2715563.59616205","2685945.18532714","2940974.54509462","2721274.64194898","3128785.34645428","3615971.08299263","3801965.5923654","3570231.72605674","3402198.32008112","3899020.55480264","","","","",
"Israel","ISR","Adjusted savings: particulate emission damage (current US$)","NY.ADJ.DPEM.CD","","","","","","","","","","","","","","","","","","","","","","","","","","","","","","","","","","","","192839529.353313","191397035.711877","183107566.85523","177370023.649979","169416603.490941","176993161.811247","179134749.71351","167824111.603912","168752967.028302","169700109.379521","172058102.825193","176617985.462981","197018270.951399","236265713.708661","225904539.478023","248170520.064857","274272173.326838","270705774.206675","298762381.494444","299443068.605758","283881470.179822","290269980.960632","308435720.097818","326156556.863308","344467717.329737","373533862.365461","422143419.345285","","","","",
"Italy","ITA","Adjusted savings: particulate emission damage (current US$)","NY.ADJ.DPEM.CD","","","","","","","","","","","","","","","","","","","","","","","","","","","","","","","2095973176.098","2173402903.37352","2083822792.21034","1588148806.64054","1506665322.89485","1467754841.08591","1566602036.88433","1438540776.49015","1379150207.22557","1289956354.63611","1090530692.21689","1053586088.49896","1124458630.67024","1350246961.85219","1438927129.99951","1390534619.04108","1408554706.13164","1539649003.46615","1671140467.33945","1565554956.64243","1448167549.79546","1520486068.76384","1424265948.20386","1454301843.82804","1444463151.21005","1221665935.70033","1137908777.94009","1141899812.97831","1236203848.20423","1192330814.83226","1227444247.30295","1286894193.64096","","","","",
"Jamaica","JAM","Adjusted savings: particulate emission damage (current US$)","NY.ADJ.DPEM.CD","","","","","","","","","","","","","","","","","","","","","","","","","","","","","","","23530190.4730011","18186849.0140381","15344205.4409383","21356448.9668213","20810256.6037637","24470480.6960937","27137465.9288287","30465661.2670129","31572245.7126329","31039407.473762","29944759.3636434","28998682.3715454","27937626.9153731","24833731.8589462","24290116.2402976","24801152.9956049","25998737.2281241","30149217.9141997","36028079.6033195","34371263.4953907","33799947.9093429","38825217.8309982","37767611.0900845","36287931.7810663","38816422.6230628","39263192.8162113","37043522.77787","37790529.9477442","37893088.5500275","37210859.6996598","35312788.5041088","34913090.8340092","","","","",
"Jordan","JOR","Adjusted savings: particulate emission damage (current US$)","NY.ADJ.DPEM.CD","","","","","","","","","","","","","","","","","","","","","","","","","","","","","","","36811105.122959","38734029.7292682","39759109.221692","40775565.3085927","42653296.5404693","41581000.6844249","40461453.5429735","39058370.8888992","39897980.407229","38641857.1050169","37752617.788111","37162087.3782249","38950288.1741374","40563617.7692031","44927293.1789081","49615275.7526317","56868580.2115885","62530295.6734228","77367502.3403864","84767101.2917563","91389988.9697626","97158989.8807864","104587046.363981","103648630.345917","111074397.391734","115225160.029125","117165935.294368","116637978.946654","115630217.181018","116711297.961664","116861802.352041","119565601.180384","","","","",
"Japan","JPN","Adjusted savings: particulate emission damage (current US$)","NY.ADJ.DPEM.CD","","","","","","","","","","","","","","","","","","","","","","","","","","","","","","","3676337816.84298","4174602464.47069","4556055770.01181","5190475170.12932","5667981932.46843","6238220302.68494","5285008011.58222","4788856010.97529","4502353089.87752","5146299062.78253","5165653163.87914","4384943427.7868","3980359688.52611","4107073648.67496","4187040779.34565","4039415556.4534","3676053317.53175","3581618985.96061","3965832843.65389","4232171828.41075","4329161678.09791","4718125993.07082","4741750599.10699","4022216712.8473","3908160663.24197","3534734084.04059","3944649570.03739","3779373201.17066","3901590239.58496","3997459539.50272","4038395612.37363","3804604470.41885","","","","",
"Kazakhstan","KAZ","Adjusted savings: particulate emission damage (current US$)","NY.ADJ.DPEM.CD","","","","","","","","","","","","","","","","","","","","","","","","","","","","","","","176230037.82975","171127382.272404","181669686.478057","196665602.145203","202367269.127872","204857366.949215","200560234.24181","190475159.004449","174180419.684463","123742298.179471","119412008.890832","124758447.516858","121775892.935198","137619274.277503","174020678.867357","222588817.967148","291704039.433266","363963522.923724","432808067.909662","347335017.695444","419690236.508436","504240072.549803","501576470.098585","522197271.895924","453270982.298106","364921642.755014","256362324.574564","285678761.002458","301868884.632045","300412645.218499","292063036.668552","330475263.431423","","","","",
"Kenya","KEN","Adjusted savings: particulate emission damage (current US$)","NY.ADJ.DPEM.CD","","","","","","","","","","","","","","","","","","","","","","","","","","","","","","","217522149.781561","192392861.924254","184199091.337228","121734328.711268","141639545.521826","165753529.250003","204785186.219105","219601814.515028","229580707.026169","205964455.757397","201522307.941432","196378365.083497","198234420.091079","219899378.695013","225412433.010501","251219548.141292","337315899.091592","408709210.938251","466751207.967657","551455521.03662","579270136.416769","590800066.341903","693852277.09508","754884450.526025","822509527.293285","815534012.22955","839273920.202377","895923912.222977","963810945.206974","1012739927.19138","1025963510.51529","1058851551.21789","","","","",
"Kyrgyz Republic","KGZ","Adjusted savings: particulate emission damage (current US$)","NY.ADJ.DPEM.CD","","","","","","","","","","","","","","","","","","","","","","","","","","","","","","","44216214.961769","42111061.8007077","39005676.4368822","39020089.4930295","40544170.0902852","36699674.9800942","31834164.6916535","25817356.0603514","22594455.5608395","16349256.0508175","16552092.9442314","16362387.6929008","16752084.199603","17860410.4532216","17739749.1135188","19842901.5357667","23604264.403573","28632081.7747612","33151457.6715954","28159045.4860756","28936962.6044606","33799269.1662238","35013581.2190914","34232323.0283119","32788687.4332355","28724173.6093136","27437872.5689818","29289409.5806331","31526586.3180363","32995493.8162627","31612201.4760428","33279116.3792763","","","","",
"Cambodia","KHM","Adjusted savings: particulate emission damage (current US$)","NY.ADJ.DPEM.CD","","","","","","","","","","","","","","","","","","","","","","","","","","","","","","","","","","55899661.7191194","76302470.4776157","79202284.3689322","72677082.1030539","66909554.1964874","54725796.6768108","57117600.7092379","54155946.8091609","57328526.0009819","59051047.666839","58627287.9225857","60618422.0645128","63930105.0375492","66496557.1296318","71154728.0355386","77316703.8527496","73697826.5930794","77281292.3591191","84806587.5085207","87619969.5837612","88020566.3204318","97734032.5361067","102722894.986871","118817647.09571","123188234.340367","131388474.194905","138127140.191042","134173203.081664","134416938.682101","","","","",
"Kiribati","KIR","Adjusted savings: particulate emission damage (current US$)","NY.ADJ.DPEM.CD","","","","","","","","","","","","","","","","","","","","","","","","","","","","","","","","","","","","","","","","","","","","","","","","","","","","","","","","","","","","","","","","","","",
"St. Kitts and Nevis","KNA","Adjusted savings: particulate emission damage (current US$)","NY.ADJ.DPEM.CD","","","","","","","","","","","","","","","","","","","","","","","","","","","","","","","","","","","","","","","","","","","","","","","","","","","","","","","","","","","","","","","","","","",
"Korea, Rep.","KOR","Adjusted savings: particulate emission damage (current US$)","NY.ADJ.DPEM.CD","","","","","","","","","","","","","","","","","","","","","","","","","","","","","","","986477016.714828","1049032991.73313","1055395766.07964","1068520643.62405","1169114369.93915","1325413323.20458","1363266199.80731","1243444904.95003","865216101.92068","1018087019.03215","1076267739.25212","967128660.205019","1052066607.58187","1125709579.94987","1241499764.32092","1395416302.09363","1505506612.05197","1627633677.00512","1416802237.36259","1286075307.13043","1463380754.36867","1577240013.30165","1640985798.80814","1794927539.81449","1958926640.05553","1927194857.78744","1903741926.49233","2091259857.29707","2291834281.00938","2315596771.36691","2460078948.03186","2758571645.02401","","","","",
"Kuwait","KWT","Adjusted savings: particulate emission damage (current US$)","NY.ADJ.DPEM.CD","","","","","","","","","","","","","","","","","","","","","","","","","","","","","","","49284192.2022709","34716418.9207987","33697296.9003901","35137464.7660871","39739241.6012484","46642892.7776565","59298610.4968673","66972405.2196067","54104901.2347209","72029420.3034747","85804814.5742242","70991720.7821524","81205494.9815189","85075994.3986493","101606125.535201","138365981.071494","174661213.451423","","289207188.563542","","","277707103.799043","302715935.424071","301390077.723558","286789103.442347","214033933.621106","197432635.009805","236003453.612067","265497280.864796","265111893.178099","219229369.108764","","","","","",
"Latin America & Caribbean (excluding high income)","LAC","Adjusted savings: particulate emission damage (current US$)","NY.ADJ.DPEM.CD","","","","","","","","","","","","","","","","","","","","","","","","","","","","","","","","","","","","","","","","","","","","","","","","","","","","","","","","","","","","","","","","","","",
"Lao PDR","LAO","Adjusted savings: particulate emission damage (current US$)","NY.ADJ.DPEM.CD","","","","","","","","","","","","","","","","","","","","","","","","","","","","","","","37784203.7065977","43203933.7073437","44999868.9112804","50280668.7589578","54446111.8711638","59563508.2380153","60752455.1440984","58722112.4049807","42365932.2635807","45576186.8317199","51755653.3601602","50459830.4626941","44679015.0497131","47906428.4262608","51661852.1082645","54203421.9124539","61384055.4020704","67882949.9229644","82346479.4257595","82286505.3731046","93474845.1780284","107804275.41489","118402237.797536","131332675.933901","137815390.003529","142528359.298403","149145349.106514","152636057.867586","156940890.911954","158188935.417625","162404815.765945","158789414.719035","","","","",
"Lebanon","LBN","Adjusted savings: particulate emission damage (current US$)","NY.ADJ.DPEM.CD","","","","","","","","","","","","","","","","","","","","","","","","","","","","","","","23271076.3986367","31813750.3085592","35626377.0287971","45499957.281241","51516252.919873","62820888.3552885","65526560.7362447","76182881.6883454","81212065.2379113","83610305.5337703","81761433.6773496","79940833.7115548","83968207.0062707","84101019.8179944","80930606.7909151","80260093.0234248","81336047.7547858","86791201.2931573","95407784.5333565","106783791.994815","111058855.957283","125603454.790958","146943110.836739","158252931.879753","162007927.74351","167258197.774254","162892228.237695","162969692.970414","175720477.311639","188689476.350562","148971981.84129","117545355.017217","","","","",
"Liberia","LBR","Adjusted savings: particulate emission damage (current US$)","NY.ADJ.DPEM.CD","","","","","","","","","","","","","","","","","","","","","","","","","","","","","","","","","","","","","","","","","18456252.6359622","17538432.1205444","15755695.0949463","15937729.0398867","17600991.7842116","16559938.3153535","16734700.8205092","17190286.5778422","20304535.6337093","20622191.9366657","22934536.7796778","26016078.6219883","29122223.0373477","30982686.7632706","29480171.8257318","30322220.2014917","33847931.1695178","31778477.14461","30988265.2175101","30297362.4540493","27907505.6490536","30227040.6235586","","","","",
"Libya","LBY","Adjusted savings: particulate emission damage (current US$)","NY.ADJ.DPEM.CD","","","","","","","","","","","","","","","","","","","","","","","","","","","","","","","239825921.977416","240287790.34203","234459683.039089","221143811.320303","206612107.219564","187436650.862505","165756827.425461","156138564.345731","144252996.210791","140249386.111346","150746764.694321","140393263.387514","86476346.4899789","102862852.95023","121937206.836034","158620739.080897","200006703.157223","249132892.827797","332200137.554823","257816698.986094","301262631.364162","348868199.931745","352706136.601938","336825930.850073","309203641.069249","245481947.299812","265876731.54501","260763716.035436","282276252.281112","303482148.248836","294738858.99028","203095162.514924","","","","",
"St. Lucia","LCA","Adjusted savings: particulate emission damage (current US$)","NY.ADJ.DPEM.CD","","","","","","","","","","","","","","","","","","","","","","","","","","","","","","","3487496.80224923","3511048.88726449","3449103.13823805","3319323.36050925","3219855.17148324","3242118.39882834","3107778.86137096","3079519.78444282","3071949.16767652","3075528.67318405","2954845.56889172","2787905.38781461","2694450.69037675","2754897.81078388","2740955.12239019","2932152.79257615","3050223.79519746","3148595.89222106","3215679.21235388","3175236.57052218","3301653.88040308","3426764.56113929","3627997.20851084","4070408.14592018","4386558.67313771","4746316.35495068","4720863.40716658","4844830.9965299","5053286.88722025","5242132.70988432","4976397.39174843","4955448.64326329","","","","",
"Latin America & Caribbean","LCN","Adjusted savings: particulate emission damage (current US$)","NY.ADJ.DPEM.CD","","","","","","","","","","","","","","","","","","","","","","","","","","","","","","","","","","","","","","","","","","","","","","","","","","","","","","","","","","","","","","","","","","",
"Least developed countries: UN classification","LDC","Adjusted savings: particulate emission damage (current US$)","NY.ADJ.DPEM.CD","","","","","","","","","","","","","","","","","","","","","","","","","","","","","","","","","","","","","","","","","","","","","","","","","","","","","","","","","","","","","","","","","","",
"Low income","LIC","Adjusted savings: particulate emission damage (current US$)","NY.ADJ.DPEM.CD","","","","","","","","","","","","","","","","","","","","","","","","","","","","","","","","","","","","","","","","","","","","","","","","","","","","","","","","","","","","","","","","","","",
"Liechtenstein","LIE","Adjusted savings: particulate emission damage (current US$)","NY.ADJ.DPEM.CD","","","","","","","","","","","","","","","","","","","","","","","","","","","","","","","","","","","","","","","","","","","","","","","","","","","","","","","","","","","","","","","","","","",
"Sri Lanka","LKA","Adjusted savings: particulate emission damage (current US$)","NY.ADJ.DPEM.CD","","","","","","","","","","","","","","","","","","","","","","","","","","","","","","","40463796.957364","39185563.2895042","39007032.9568522","40943448.2667552","44396392.6300481","51215696.8370261","55103581.1341699","60092510.1345508","56144456.8449987","57849961.1557599","56091097.4364657","53042284.3907086","53467412.97145","62471608.1908476","66140699.2950139","87428387.3599451","95054515.2181844","106237580.024739","137121729.225167","143847124.856529","196496046.711993","217041677.230067","216520450.850183","227240200.153279","233862769.861278","252950520.159593","264182001.096382","279538530.06241","277326126.511525","272396846.545248","273160166.113903","279244878.75626","","","","",
"Lower middle income","LMC","Adjusted savings: particulate emission damage (current US$)","NY.ADJ.DPEM.CD","","","","","","","","","","","","","","","","","","","","","","","","","","","","","","","","","","","","","","","","","","","","","","","","","","","","","","","","","","","","","","","","","","",
"Low & middle income","LMY","Adjusted savings: particulate emission damage (current US$)","NY.ADJ.DPEM.CD","","","","","","","","","","","","","","","","","","","","","","","","","","","","","","","","","","","","","","","","","","","","","","","","","","","","","","","","","","","","","","","","","","",
"Lesotho","LSO","Adjusted savings: particulate emission damage (current US$)","NY.ADJ.DPEM.CD","","","","","","","","","","","","","","","","","","","","","","","","","","","","","","","18693134.294513","21359670.5562647","23811249.6257475","23185377.7521469","23073683.0329801","25966644.960414","23223051.5274839","23352621.7427908","21354649.5641233","20573126.9518832","19206027.5844185","17133509.680946","15949406.7051264","22857256.0429841","29764867.0794789","32464572.8632038","33798755.7322895","31410811.7283531","32470928.7199207","32797857.0681179","41210316.03114","46955993.0777602","44144921.4317149","43042261.2212854","44835619.9848988","42937639.7584965","37677672.0827422","42136992.3697257","45338446.4081248","42141439.1779923","39895873.0029883","41613932.4929801","","","","",
"Late-demographic dividend","LTE","Adjusted savings: particulate emission damage (current US$)","NY.ADJ.DPEM.CD","","","","","","","","","","","","","","","","","","","","","","","","","","","","","","","","","","","","","","","","","","","","","","","","","","","","","","","","","","","","","","","","","","",
"Lithuania","LTU","Adjusted savings: particulate emission damage (current US$)","NY.ADJ.DPEM.CD","","","","","","","","","","","","","","","","","","","","","","","","","","","","","","","","","","","","21261099.188387","19093460.8520081","18843581.4481972","19059894.1755268","17934765.9726933","18626563.429311","19461414.9504022","21514367.327482","28538651.8089074","31274299.6370863","38681172.4046837","45889897.1026178","66569473.7635264","79440596.8536619","64452681.1501181","61973859.9136403","68804671.6483628","62096524.558552","61053617.7076302","55330874.9594435","45378456.9970888","44483242.5603752","41943753.5137202","48019563.3940205","48529873.6119575","52169474.8117538","59888882.2655945","","","","",
"Luxembourg","LUX","Adjusted savings: particulate emission damage (current US$)","NY.ADJ.DPEM.CD","","","","","","","","","","","","","","","","","","","","","","","","","","","","","","","","","","","13430383.6989256","15740089.4714877","15012662.0679027","12965979.7970465","11916866.0849154","11222108.8328087","10478274.9118888","9328057.90402346","11213216.7298777","13614117.3891085","14811619.0055711","15311489.4913944","16185878.4680713","17094470.6735749","20511440.102647","26375286.2667379","25235386.6885901","26369720.5295927","23677410.5826382","24054867.791116","22578061.8569341","15397018.1829092","13552100.0404072","14354784.7745244","15257483.7380484","16149377.6972401","17898136.3729353","20360426.5129832","","","","",
"Latvia","LVA","Adjusted savings: particulate emission damage (current US$)","NY.ADJ.DPEM.CD","","","","","","","","","","","","","","","","","","","","","","","","","","","","","","","","","","","","33208735.7564772","28749162.0332302","25630414.5553389","23723808.0350576","22504421.1720605","20151877.9225937","20819136.1376015","25035159.0141356","25827549.6937176","33781836.6586243","40680424.2289995","55306991.5085524","80113339.0960788","95465698.578411","67369652.7368682","54683075.1879319","57137386.4178708","52351978.1198513","50982965.2878152","44981598.6327992","36468278.0922552","32718638.3462597","33540382.7960616","39555158.0880749","42220478.0546573","44863675.9407946","51321018.3565698","","","","",
"Macao SAR, China","MAC","Adjusted savings: particulate emission damage (current US$)","NY.ADJ.DPEM.CD","","","","","","","","","","","","","","","","","","","","","","","","","","","","","","","","","","","","","","","","","","","","","","","","","","","","","","","","","","","","","","","","","","",
"St. Martin (French part)","MAF","Adjusted savings: particulate emission damage (current US$)","NY.ADJ.DPEM.CD","","","","","","","","","","","","","","","","","","","","","","","","","","","","","","","","","","","","","","","","","","","","","","","","","","","","","","","","","","","","","","","","","","",
"Morocco","MAR","Adjusted savings: particulate emission damage (current US$)","NY.ADJ.DPEM.CD","","","","","","","","","","","","","","","","","","","","","","","","","","","","","","","456579649.029318","452185340.33917","480033354.450911","450438658.452469","444263527.52752","520799205.237453","497102757.043821","466463303.911188","464123675.625748","458532283.07743","416400463.342359","386465846.765344","400291575.217834","463458330.318756","508567262.188205","520773145.526038","529774717.419961","587745279.931133","643614786.155203","622482597.40596","604235995.498028","623394482.7581","598987040.822245","632592227.349945","613828270.404536","565411700.374253","591205799.948007","625834292.230455","675988835.402966","677524807.593494","695924886.747051","769253046.17954","","","","",
"Monaco","MCO","Adjusted savings: particulate emission damage (current US$)","NY.ADJ.DPEM.CD","","","","","","","","","","","","","","","","","","","","","","","","","","","","","","","","","","","","","","","","","","","","","","","","","","","","","","","","","","","","","","","","","","",
"Moldova","MDA","Adjusted savings: particulate emission damage (current US$)","NY.ADJ.DPEM.CD","","","","","","","","","","","","","","","","","","","","","","","","","","","","","","","","","","","","12653415.4425866","13072190.5801095","13723861.3746728","12795320.2287181","8920142.89290364","9134140.71790048","8989454.13475085","8686060.96982057","9586511.05353702","12119777.316414","14260872.2326647","15801456.9141222","19667578.6598741","24851081.1417211","23828046.7013016","29192858.6744426","31157851.1194094","31331880.6107682","30006569.6205934","32109180.4203757","27918009.0588197","25170985.9175378","23811375.7525745","20661742.9441451","24104969.941082","26651823.720286","28465784.8573027","","","","",
"Madagascar","MDG","Adjusted savings: particulate emission damage (current US$)","NY.ADJ.DPEM.CD","","","","","","","","","","","","","","","","","","","","","","","","","","","","","","","113088582.293663","96826322.3544826","108278197.694433","116468220.887493","99865905.966125","101685284.976999","126201452.676438","104178447.911198","102955987.666673","95429747.9014173","98863350.4113804","109542187.679881","120582451.057197","128266377.065177","94749974.6595676","104099635.394023","106220620.041605","138217884.651866","169548884.694463","162460977.429491","167320166.934738","189067905.396881","177607370.607259","178642096.787476","169175632.171875","144563967.499864","143130592.491088","152066659.834713","153565440.619369","150727229.017165","147050188.362073","152654141.885641","","","","",
"Maldives","MDV","Adjusted savings: particulate emission damage (current US$)","NY.ADJ.DPEM.CD","","","","","","","","","","","","","","","","","","","","","","","","","","","","","","","3417138.27005599","3528837.72964527","3619326.14193321","3679001.99282878","3680600.69831815","2488293.88722483","2969035.68055955","3369290.61842307","3491413.9230703","3706319.33878164","3584891.13160167","4675539.81003735","3935389.56506774","3635926.22404679","3586811.52840555","3574915.84063701","3702393.56080172","3974030.22947784","4309630.35002213","4614399.58363707","4937886.22790392","4814351.271066","4683973.47064922","4692745.88497251","4763925.59528597","5057886.61771131","5250240.97737679","5521227.34005689","5719718.20968616","5590664.02332688","5188947.0049306","5112047.66422212","","","","",
"Middle East, North Africa, Afghanistan & Pakistan","MEA","Adjusted savings: particulate emission damage (current US$)","NY.ADJ.DPEM.CD","","","","","","","","","","","","","","","","","","","","","","","","","","","","","","","","","","","","","","","","","","","","","","","","","","","","","","","","","","","","","","","","","","",
"Mexico","MEX","Adjusted savings: particulate emission damage (current US$)","NY.ADJ.DPEM.CD","","","","","","","","","","","","","","","","","","","","","","","","","","","","","","","1942113147.47011","2143831994.71399","2374506423.8887","3120089333.39366","2984975959.5341","1962255398.54778","1939297415.8356","2086753711.46296","2001437664.69204","2061841774.67496","2221018422.61135","2368867331.94901","2418599462.74019","2190611421.3651","2151108314.6116","2286367887.77729","2334378820.7461","2376490062.93377","2474065235.05373","2116792297.90414","2307137412.29203","2449073167.82619","2445815306.31655","2664291006.4591","2740003518.35696","2391354998.67428","2130140676.18551","2267733628.46896","2305428144.94425","2333053603.25548","2135106916.87593","2321830352.01061","","","","",
"Marshall Islands","MHL","Adjusted savings: particulate emission damage (current US$)","NY.ADJ.DPEM.CD","","","","","","","","","","","","","","","","","","","","","","","","","","","","","","","","","","","","","","","","","","","","","","","","","","","","","","","","","","","","","","","","","","",
"Middle income","MIC","Adjusted savings: particulate emission damage (current US$)","NY.ADJ.DPEM.CD","","","","","","","","","","","","","","","","","","","","","","","","","","","","","","","","","","","","","","","","","","","","","","","","","","","","","","","","","","","","","","","","","","",
"North Macedonia","MKD","Adjusted savings: particulate emission damage (current US$)","NY.ADJ.DPEM.CD","","","","","","","","","","","","","","","","","","","","","","","","","","","","","","","34909349.425856","36399535.8017317","19649372.3455212","22687119.879798","30075992.9387401","39141491.4182778","37736948.3099468","31626543.1369931","31223473.8525438","30054643.722914","27080835.3247573","27109105.8588587","28973263.5350252","33991012.5267402","34136892.8119773","34119020.6491406","36596315.8073948","40474712.0081119","45457237.6023068","44484875.758718","42865426.4251947","44304557.5333893","41123482.1849604","41406433.3551578","41116770.593837","35263099.5404763","37457809.8047181","36624162.352428","42651830.4540754","38050805.5905101","38544828.7489426","40282377.5333748","","","","",
"Mali","MLI","Adjusted savings: particulate emission damage (current US$)","NY.ADJ.DPEM.CD","","","","","","","","","","","","","","","","","","","","","","","","","","","","","","","100693474.602088","95905658.0086412","103177643.616818","99919815.2494082","71788578.3565112","95022270.2336124","93009390.3529193","88042005.8637443","91674525.5099475","109437805.77996","97259553.4652899","101489382.311872","117820213.91646","134855326.636994","158218788.066033","176317469.007307","191543413.324531","225001036.610543","270198027.73798","278296655.958318","282319893.15354","335981658.737809","331665535.557024","350817064.320069","363318532.750272","316683932.663646","343790773.411303","371309545.466232","402995398.479656","398790920.106336","414350705.12561","441791291.555063","","","","",
"Malta","MLT","Adjusted savings: particulate emission damage (current US$)","NY.ADJ.DPEM.CD","","","","","","","","","","","","","","","","","","","","","","","","","","","","","","","3173614.30958246","3206082.61426224","3397006.55132519","2878605.50089817","3023375.05958171","3336904.80072655","3435432.509362","3465050.28474621","3478524.03706492","3505246.44267705","3130468.86028958","3374339.20555861","3558239.85862476","3935802.48177601","4300937.52712018","4654578.75986799","4874537.33422405","5444136.87489101","6359063.96539816","6755303.28554648","7317451.57454304","7809220.14657636","6994626.77648511","7152355.81233809","7319542.88947112","5896094.25513081","5510618.74345033","5633216.89535467","6387840.17406683","6591918.39769413","6796862.83631173","7108403.1916236","","","","",
"Myanmar","MMR","Adjusted savings: particulate emission damage (current US$)","NY.ADJ.DPEM.CD","","","","","","","","","","","","","","","","","","","","","","","","","","","","","","","85264995.478013","87765855.3723593","85423397.5148229","100118223.627048","126573485.807021","151068866.665246","169666855.687162","160296621.73909","126451212.397825","143961058.999346","158054090.039931","129258051.715355","113913666.864583","129077528.387605","146130137.491287","150182524.618435","157854158.663483","194917508.143057","260343023.598242","335622259.168257","388477990.635603","499605138.278963","533562396.855403","521476117.808341","492629199.580378","495034388.914478","478807139.663292","477160791.444255","545672671.731399","562088185.184224","671301709.223393","","","","","",
"Middle East, North Africa, Afghanistan & Pakistan (excluding high income)","MNA","Adjusted savings: particulate emission damage (current US$)","NY.ADJ.DPEM.CD","","","","","","","","","","","","","","","","","","","","","","","","","","","","","","","","","","","","","","","","","","","","","","","","","","","","","","","","","","","","","","","","","","",
"Montenegro","MNE","Adjusted savings: particulate emission damage (current US$)","NY.ADJ.DPEM.CD","","","","","","","","","","","","","","","","","","","","","","","","","","","","","","","","","","","","","","","","","5174855.67843343","5816430.45909377","6142923.73291542","7945963.31630343","9122924.4415626","9664347.35606505","10843295.3755705","13483224.2963824","15483153.1111251","14939150.0682809","14230245.18887","14830530.3701516","13078952.977024","13483426.314264","14439421.0075056","12642829.5939859","12710066.3797762","14058517.1175309","16606527.402951","16639043.9166653","16558074.9369711","17857315.2599175","","","","",
"Mongolia","MNG","Adjusted savings: particulate emission damage (current US$)","NY.ADJ.DPEM.CD","","","","","","","","","","","","","","","","","","","","","","","","","","","","","","","50581089.4676299","45934274.367948","25884535.4413659","14541375.5507092","15986252.0849372","21178121.4711653","18068708.586882","14243418.330153","13043639.5612767","11784287.9741915","12290559.3558531","12554808.0436634","12895822.4502668","13001850.5774947","14055084.2955744","16669222.4866787","20876930.5267613","24379347.9959807","32132678.7246767","29208423.4438712","44166990.4781976","59567613.7595669","64103273.5867878","60706559.6981786","57494675.1344015","58007775.9684685","60749853.8690089","63076322.2282417","70916629.9662175","77557789.438832","76313712.5725566","86487582.7838158","","","","",
"Northern Mariana Islands","MNP","Adjusted savings: particulate emission damage (current US$)","NY.ADJ.DPEM.CD","","","","","","","","","","","","","","","","","","","","","","","","","","","","","","","","","","","","","","","","","","","","","","","","","","","","","","","","","","","","","","","","","","",
"Mozambique","MOZ","Adjusted savings: particulate emission damage (current US$)","NY.ADJ.DPEM.CD","","","","","","","","","","","","","","","","","","","","","","","","","","","","","","","","100837451.511059","74356696.6397658","71706402.3749994","72141554.8012558","74727735.076161","88201975.4046872","97584404.29933","104192443.222921","111527447.900809","107504998.456387","99137541.8913931","104277900.00734","110553247.260176","126521233.277349","139258272.085676","145310118.46521","155806573.084173","186205343.048596","173269676.877092","156898566.66548","193604326.012525","212832732.351677","210912137.554526","211877659.850221","183479468.308063","134098035.546378","144692759.445048","160107841.529357","166110461.584071","154367993.109793","170120293.985606","","","","",
"Mauritania","MRT","Adjusted savings: particulate emission damage (current US$)","NY.ADJ.DPEM.CD","","","","","","","","","","","","","","","","","","","","","","","","","","","","","","","66154842.3083989","91393392.7941608","89388494.3230762","71286204.5736076","74261610.4136678","70234463.0417488","68105342.2221212","68806693.5981829","65961479.6964643","62420972.1564515","58229160.7481384","56352178.406985","55056131.5322571","56513808.0928072","59956090.2932288","68323411.306631","76659119.0086557","83489700.1621061","96174418.2618801","86319624.9789265","95191969.4314546","106033441.173429","101012207.093015","102863908.253886","86752682.8553798","76323158.9026366","75178059.60332","74414590.1303275","75532145.3652479","76435379.9617227","78676711.7528211","89016659.8037833","","","","",
"Mauritius","MUS","Adjusted savings: particulate emission damage (current US$)","NY.ADJ.DPEM.CD","","","","","","","","","","","","","","","","","","","","","","","","","","","","","","","8820186.57628363","8914739.4065987","9741988.71810805","9786013.27621933","10393048.8151849","11831560.4075389","12850165.3860691","12058794.7722281","11117289.0712655","11392066.2498804","11004301.9162741","10554996.8023356","11167595.1267387","12609577.9159278","13705789.6571528","13257672.9507936","13292567.9844549","14609605.2675533","17365090.7027667","15820407.0748878","17072864.9574647","19030419.6756063","19429232.8672731","19607304.0430948","21681957.9712046","19772622.758522","19703116.6048196","21961614.5088952","22227687.473726","21373239.658643","19643624.4476537","18970741.4895092","","","","",
"Malawi","MWI","Adjusted savings: particulate emission damage (current US$)","NY.ADJ.DPEM.CD","","","","","","","","","","","","","","","","","","","","","","","","","","","","","","","54714551.6122905","60994733.8621412","52664855.9072684","54021314.8653006","32550139.5863277","32680523.0430275","49749010.5860241","57509345.1050516","37070697.8710546","38961843.1718468","38286540.9662661","38514171.4916133","74617274.3879177","63184729.9037566","62680178.9000799","62088384.379114","65515726.0147711","67206255.9659992","76799267.655358","87546678.0515712","98412914.3564544","115420389.038931","88951670.6926988","78934463.4039168","83212836.856204","86247905.6201997","71724390.654338","111666284.723116","119595385.408972","126970208.952365","137564086.165696","136711855.388115","","","","",
"Malaysia","MYS","Adjusted savings: particulate emission damage (current US$)","NY.ADJ.DPEM.CD","","","","","","","","","","","","","","","","","","","","","","","","","","","","","","","125372848.301027","125545345.24552","138726721.376702","143120672.0204","146238119.706457","171377795.769832","184363336.134522","181324261.460244","143442327.659553","165653753.131271","171034081.164394","166273032.037288","171156525.213335","188583322.578721","207841418.868608","232681860.226638","255245023.762405","295031770.150635","360750326.40677","344191213.671589","419495958.146421","491465934.262663","527138786.946582","528992551.029926","557361052.962708","505679993.020414","479075264.427754","479700375.408436","545482771.96246","566066619.959473","577169163.568186","642341345.973121","","","","",
"North America","NAC","Adjusted savings: particulate emission damage (current US$)","NY.ADJ.DPEM.CD","","","","","","","","","","","","","","","","","","","","","","","","","","","","","","","","","","","","","","","","","","","","","","","","","","","","","","","","","","","","","","","","","","",
"Namibia","NAM","Adjusted savings: particulate emission damage (current US$)","NY.ADJ.DPEM.CD","","","","","","","","","","","","","","","","","","","","","","","","","","","","","","","73048693.212751","75350721.6448582","80707070.7804085","76137327.985779","82426635.5646541","85755025.7159928","81966480.4416308","81694109.6422506","75806883.8732151","74940167.6015837","74303520.8671814","64386496.9755869","56634551.5296096","78313582.2333599","93488205.50055","101933217.867656","107013023.069407","116111000.079823","110515455.498952","112943234.927723","136198862.347905","140803244.623506","137489266.429103","121596123.335984","111591253.483104","94634701.1246765","86515773.1980229","106515059.241759","113192733.590588","100604057.83554","85727130.2632336","89505099.8941083","","","","",
"New Caledonia","NCL","Adjusted savings: particulate emission damage (current US$)","NY.ADJ.DPEM.CD","","","","","","","","","","","","","","","","","","","","","","","","","","","","","","","","","","","","","","","","","","","","","","","","","","","","","","","","","","","","","","","","","","",
"Niger","NER","Adjusted savings: particulate emission damage (current US$)","NY.ADJ.DPEM.CD","","","","","","","","","","","","","","","","","","","","","","","","","","","","","","","298483856.973484","279804619.644778","289034425.850791","262447554.207195","163497643.36002","187045556.61341","189581905.383098","174075211.275487","182773423.033771","176888471.329411","158548487.449564","162808958.386855","176989670.6953","207229270.45146","216875872.071554","248249144.212223","252653514.367005","289417904.228","316303543.79663","302285228.702112","280034364.766749","297575098.208149","281577464.543393","290016702.739083","295447532.380038","263268239.656374","284340153.640589","308133574.374933","336610448.27973","327535489.563768","341999608.036086","364119923.898339","","","","",
"Nigeria","NGA","Adjusted savings: particulate emission damage (current US$)","NY.ADJ.DPEM.CD","","","","","","","","","","","","","","","","","","","","","","","","","","","","","","","2893823361.62386","2709081562.19184","2515400643.09089","1544046744.73579","2016120935.86555","2655069054.34864","2939274138.98653","3105452028.02628","3062526691.16576","3222848325.50602","3547879977.53298","3655853837.37708","4364971723.40759","4587447283.33793","6077083432.11292","7975943568.21031","11823934535.324","13404464039.8891","15249994115.2504","11951992376.5176","13500594945.575","13081473077.1045","13723475643.363","14806347231.5257","15252116720.8215","12662386757.6964","10262699865.9192","9285129765.2977","9935457472.36369","10047745945.2644","9373184984.53109","8870446871.61451","","","","",
"Nicaragua","NIC","Adjusted savings: particulate emission damage (current US$)","NY.ADJ.DPEM.CD","","","","","","","","","","","","","","","","","","","","","","","","","","","","","","","17518903.6038952","24670969.1207048","27524129.4031429","25521810.3395262","50782064.9823394","48856672.3256307","46059575.3415118","42287763.4305765","39905301.2508332","38697437.5713936","37878636.0169934","38051468.6702151","37196455.7841419","36800101.1271599","37878054.8841503","39973242.2944619","38745096.7292757","40452617.0683134","44732219.2156138","43930137.4514628","42471045.2218255","44575038.6045412","44687706.4032375","43967890.8621475","45758836.7428699","45555687.4274455","46681971.1949663","45196673.0457342","44081309.1127649","44105095.3890783","44164201.6739539","44231015.3604416","","","","",
"Netherlands","NLD","Adjusted savings: particulate emission damage (current US$)","NY.ADJ.DPEM.CD","","","","","","","","","","","","","","","","","","","","","","","","","","","","","","","462526010.668002","437695270.986743","467327339.93459","451064795.4695","452539546.558128","508205111.379239","487146521.970913","421359881.130908","423727826.292866","406948346.467303","358710337.738958","369637844.76066","429554610.950548","488776801.479812","543269175.568076","523502725.53401","533089931.909346","603332788.647021","673955562.654845","658717590.389924","603805496.845571","604140659.049286","567476935.000746","566380673.481192","543903693.501989","429974868.534486","425635767.042946","448925561.40519","490607147.099213","486210010.099136","494508131.294242","514966485.655703","","","","",
"Norway","NOR","Adjusted savings: particulate emission damage (current US$)","NY.ADJ.DPEM.CD","","","","","","","","","","","","","","","","","","","","","","","","","","","","","","","98410896.0209078","91302581.2007095","91949628.0148176","78054535.1421838","75829364.6974999","85393951.2237861","85372597.8094096","79181332.821154","75771191.895227","76047168.6410883","75273609.6929054","69836204.8690533","71911414.0682876","74647514.7271301","74766570.2925494","80274605.9674352","86411737.6574812","96225736.0823044","107805860.118289","91334478.2459004","97787691.4486891","109654107.64355","102698695.0771","97908331.3518792","83129446.3969636","60223261.6054981","52732915.0772551","50753286.9001024","57103728.2020047","53565511.6260169","48831584.3028405","63093309.8733752","","","","",
"Nepal","NPL","Adjusted savings: particulate emission damage (current US$)","NY.ADJ.DPEM.CD","","","","","","","","","","","","","","","","","","","","","","","","","","","","","","","247332304.387745","248960987.036283","204207897.46861","208384386.856525","212404802.232218","221782030.0182","215392266.239059","222777978.382337","211798216.854048","206901315.878797","210306828.85308","216892861.805143","213045848.654033","212329513.944196","230767931.962881","253614303.945121","273173691.196942","301831078.431783","345292855.621082","337582359.273545","397877768.452508","518345567.017563","499820830.886938","502714477.098714","487758746.245903","506388333.364717","507533832.103832","546152373.103036","582086606.783792","574415339.415541","585526379.718203","621127999.955981","","","","",
"Nauru","NRU","Adjusted savings: particulate emission damage (current US$)","NY.ADJ.DPEM.CD","","","","","","","","","","","","","","","","","","","","","","","","","","","","","","","","","","","","","","","","","","","","","","","","","","","","","","","","","","","","","","","","","","",
"New Zealand","NZL","Adjusted savings: particulate emission damage (current US$)","NY.ADJ.DPEM.CD","","","","","","","","","","","","","","","","","","","","","","","","","","","","","","","22359329.657166","19608367.8561739","17862370.9050764","18935269.7409163","21018016.8211455","23080875.0599433","24755560.5717354","22071777.1407656","17647561.1908916","18411586.6635779","16158628.2602621","16213383.7271655","19637340.6322379","23740499.7660696","26631383.4127966","27729392.9887492","26719743.3667334","33481623.6204321","33017289.1414714","30816661.0472783","37630270.1880179","42717522.520964","42787278.0561108","44692517.7263247","45688069.6663402","37382433.666018","38585154.8692368","41895308.6742775","43199870.7875496","43044455.0540112","44664101.4211591","51574532.1089507","","","","",
"OECD members","OED","Adjusted savings: particulate emission damage (current US$)","NY.ADJ.DPEM.CD","","","","","","","","","","","","","","","","","","","","","","","","","","","","","","","","","","","","","","","","","","","","","","","","","","","","","","","","","","","","","","","","","","",
"Oman","OMN","Adjusted savings: particulate emission damage (current US$)","NY.ADJ.DPEM.CD","","","","","","","","","","","","","","","","","","","","","","","","","","","","","","","64690646.3084331","55953128.4760228","53474492.1131302","48010683.5616892","46080312.5007145","45526217.7553199","49069306.3597526","47839935.5920853","40843797.874211","44538006.3767338","50988869.4315032","49824845.0181551","54024919.5186916","59303162.0258601","63089737.6073894","73683519.1561953","83722212.2948722","91125669.4543205","114598777.526204","84443528.7152986","115317454.503632","144356184.614889","156279832.10183","151500882.800609","139734333.290221","106513964.104462","92810089.1412111","95340170.2679008","100550647.964135","97274944.0661171","84684071.3115443","94863607.285404","","","","",
"Other small states","OSS","Adjusted savings: particulate emission damage (current US$)","NY.ADJ.DPEM.CD","","","","","","","","","","","","","","","","","","","","","","","","","","","","","","","","","","","","","","","","","","","","","","","","","","","","","","","","","","","","","","","","","","",
"Pakistan","PAK","Adjusted savings: particulate emission damage (current US$)","NY.ADJ.DPEM.CD","","","","","","","","","","","","","","","","","","","","","","","","","","","","","","","2133309657.02339","2385066339.19726","2505693223.87484","2666249991.5875","2646515682.53704","3014263545.34347","3023221297.80372","2927268518.67304","2766713073.77535","2666802626.3935","3234977651.66276","2907227854.20362","2727199402.78188","2866154628.80952","3075550754.60312","3124027254.35998","3454280413.45947","3721516694.83588","4238460426.20038","4096228241.36772","4261775406.62261","4902352986.69342","4971191118.95577","5111086718.38998","5343455729.27614","6056754331.23465","7212505250.22092","7854041907.20892","8034717660.5387","7463893489.99378","7315081229.84175","7987952344.72234","","","","",
"Panama","PAN","Adjusted savings: particulate emission damage (current US$)","NY.ADJ.DPEM.CD","","","","","","","","","","","","","","","","","","","","","","","","","","","","","","","16856401.5741522","16763305.2439939","18194280.1193653","19428067.3300436","19353765.2382401","20614912.0475137","20190279.4579481","21058788.8963026","21061230.1056156","20907682.145416","20570134.5271111","21399615.8138147","21955116.0503668","22492387.357583","23387955.2605336","23976459.0952419","25361916.4493528","27274026.3226991","32072997.5316759","34522362.4608205","35591352.5784253","39294288.0352565","43149565.9529928","46757864.819553","48842994.5464217","48304265.773264","48945879.651107","46676259.4959509","48295971.7379857","48775929.4736101","46885281.9084759","47048410.6467773","","","","",
"Peru","PER","Adjusted savings: particulate emission damage (current US$)","NY.ADJ.DPEM.CD","","","","","","","","","","","","","","","","","","","","","","","","","","","","","","","","","343924071.318088","294413123.701557","319907258.197948","334841376.053327","320234600.701235","308836934.715676","279039850.348315","228353264.443569","232461112.290543","214317244.802669","200828089.341618","203978932.295563","217449616.265009","224821899.326315","245194974.480733","257031416.266613","292543345.289622","326193793.567311","385081646.990448","425784252.90165","458808197.265249","456856881.193553","444403382.753647","417015843.744962","412886111.07221","444572101.391441","457732107.327033","463239976.924245","455229744.587124","439784702.421538","","","","",
"Philippines","PHL","Adjusted savings: particulate emission damage (current US$)","NY.ADJ.DPEM.CD","","","","","","","","","","","","","","","","","","","","","","","","","","","","","","","637974435.391312","619496153.436337","703409965.820239","682750313.490717","751296597.918433","817663682.616231","863007333.314425","828089794.7774","678346160.894295","786876905.722144","769691490.268599","710964459.667184","748378107.830904","721659809.522006","754672198.117158","870709699.318968","1026611700.67282","1249653748.86126","1500964836.08836","1501712657.72888","1766634177.04212","2033026729.1319","2214252400.63789","2306581796.7677","2378164619.14036","2386965934.49754","2380176723.44786","2267600131.92865","2314298034.87019","2471374080.09527","2664334104.46431","2760491772.63807","","","","",
"Palau","PLW","Adjusted savings: particulate emission damage (current US$)","NY.ADJ.DPEM.CD","","","","","","","","","","","","","","","","","","","","","","","","","","","","","","","","","","","","","","","","","","","","","","","","","","","","","","","","","","","","","","","","","","",
"Papua New Guinea","PNG","Adjusted savings: particulate emission damage (current US$)","NY.ADJ.DPEM.CD","","","","","","","","","","","","","","","","","","","","","","","","","","","","","","","96434100.195009","108084173.43454","115776372.941504","117360650.456022","126691505.377125","115211644.939629","121239330.83596","121679491.917584","94229834.9880672","81378050.6800972","80509411.8483979","65760732.0876727","59923874.1375933","66164261.5563226","69553150.3231771","81423936.000239","131496492.60786","137717784.217451","165418956.346901","152326643.217889","174071961.117316","232756640.338895","275957975.569254","277528513.795641","277548197.161214","251275454.501366","238296878.333463","263456158.020869","291292363.532697","291818079.172051","290684249.524992","319566007.397963","","","","",
"Poland","POL","Adjusted savings: particulate emission damage (current US$)","NY.ADJ.DPEM.CD","","","","","","","","","","","","","","","","","","","","","","","","","","","","","","","497308792.996069","679992887.095392","669395702.323944","594105927.071694","622294189.072822","711158155.248611","721972029.082169","688538521.027858","710055404.129584","653774545.105048","585180870.185002","617513723.008558","586189182.152359","598625637.612606","674174756.555642","814225598.512631","852784375.927749","996844182.923314","1196766730.21017","938692242.14881","977723808.158725","1039579333.67243","958198201.264504","944641973.801537","908791081.106415","773460118.009001","754524538.445756","848992889.742474","921736345.539936","921170216.9928","960708469.311439","1036045768.85443","","","","",
"Pre-demographic dividend","PRE","Adjusted savings: particulate emission damage (current US$)","NY.ADJ.DPEM.CD","","","","","","","","","","","","","","","","","","","","","","","","","","","","","","","","","","","","","","","","","","","","","","","","","","","","","","","","","","","","","","","","","","",
"Puerto Rico (US)","PRI","Adjusted savings: particulate emission damage (current US$)","NY.ADJ.DPEM.CD","","","","","","","","","","","","","","","","","","","","","","","","","","","","","","","31426736.6884048","31955715.0299421","33235436.6282186","34340105.2025607","33470144.7134905","35992964.3468447","36392076.6413721","36671579.6093822","38683964.7078117","33657067.4351884","34229821.7716224","35897982.7446604","34376172.2260037","35235225.9585341","33507476.2900752","36525675.7159685","37911395.9497207","38624592.2487977","39600637.6055766","41280402.1381492","39460287.1768821","42946546.2403808","41419267.4476887","41244578.8551082","39513720.5412057","37396556.9392397","39274990.6606181","39691427.7757043","40238014.6348853","40796157.4030648","42828856.190352","43474356.1547204","","","","",
"Korea, Dem. People's Rep.","PRK","Adjusted savings: particulate emission damage (current US$)","NY.ADJ.DPEM.CD","","","","","","","","","","","","","","","","","","","","","","","","","","","","","","","","","","","","","","","","","","","","","","","","","","","","","","","","","","","","","","","","","","",
"Portugal","PRT","Adjusted savings: particulate emission damage (current US$)","NY.ADJ.DPEM.CD","","","","","","","","","","","","","","","","","","","","","","","","","","","","","","","126524785.706428","144706224.511343","154577187.072667","137189041.961924","137388171.399054","159095225.647308","168877782.438904","160864764.151172","172053212.477634","169585119.340691","155923776.626536","155841641.54533","165299551.100139","192992226.362982","200471842.943476","192780074.250128","189808709.616159","197997658.326994","199844983.940062","177854340.418304","159684754.84513","157857267.441579","135796905.501985","133461636.4588","120780160.748226","93567554.3953236","90430582.7185538","92518946.5286958","95059275.3355655","91358859.406533","92432726.3019263","95337548.9596664","","","","",
"Paraguay","PRY","Adjusted savings: particulate emission damage (current US$)","NY.ADJ.DPEM.CD","","","","","","","","","","","","","","","","","","","","","","","","","","","","","","","39860302.577022","44826221.5363617","46879881.4030219","45666107.141317","47176370.6300583","52536493.7005366","58145410.3721534","57059479.6931149","53676538.3829069","53482519.4018113","55397246.3083632","51075212.3597771","41430545.568606","41030884.5015719","48440477.0987239","49000754.6785574","54494163.5371009","67558851.5681258","86392325.3867498","79526369.0176","83790946.9210652","96354618.3550207","94273530.4910732","98669569.179923","97355096.2995877","82355510.1529352","83899569.9534084","92093681.6659588","91548744.9616104","85724277.8340389","80426785.400344","85181640.6104222","","","","",
"West Bank and Gaza","PSE","Adjusted savings: particulate emission damage (current US$)","NY.ADJ.DPEM.CD","","","","","","","","","","","","","","","","","","","","","","","","","","","","","","","","","","","","","","","","","","","","","","","","","","","","","","","","","","","","","","","","","","",
"Pacific island small states","PSS","Adjusted savings: particulate emission damage (current US$)","NY.ADJ.DPEM.CD","","","","","","","","","","","","","","","","","","","","","","","","","","","","","","","","","","","","","","","","","","","","","","","","","","","","","","","","","","","","","","","","","","",
"Post-demographic dividend","PST","Adjusted savings: particulate emission damage (current US$)","NY.ADJ.DPEM.CD","","","","","","","","","","","","","","","","","","","","","","","","","","","","","","","","","","","","","","","","","","","","","","","","","","","","","","","","","","","","","","","","","","",
"French Polynesia","PYF","Adjusted savings: particulate emission damage (current US$)","NY.ADJ.DPEM.CD","","","","","","","","","","","","","","","","","","","","","","","","","","","","","","","","","","","","","","","","","","","","","","","","","","","","","","","","","","","","","","","","","","",
"Qatar","QAT","Adjusted savings: particulate emission damage (current US$)","NY.ADJ.DPEM.CD","","","","","","","","","","","","","","","","","","","","","","","","","","","","","","","23813590.0939681","23763397.756607","24532655.9245386","24875730.5367414","26746683.2730763","28052068.2199442","27794348.5706695","27416507.2715513","","","23982998.3281831","26747909.3920106","31052674.1631305","37185509.5384061","42784459.6219194","59002676.4193889","64952696.5084488","73026088.9631028","90214234.2721015","","","90653439.4668213","104517758.352298","123284793.085945","127168989.273891","99326832.6245087","91047352.1045262","96624094.7392323","107806828.961361","103233531.209805","89253916.7061184","114072762.231891","","","","",
"Romania","ROU","Adjusted savings: particulate emission damage (current US$)","NY.ADJ.DPEM.CD","","","","","","","","","","","","","","","","","","","","","","","","","","","","","","","283126614.459244","222434963.381775","210732414.193163","212237392.705593","228842149.247219","256210422.570482","237836833.287183","228881765.514138","263669567.312192","213250134.654955","202928848.897192","208948070.483982","185968981.489778","215543841.341543","234537259.493656","297685367.38819","355059053.103716","491556361.874127","579895506.912043","481705517.731274","453001606.547613","421656931.209896","374403443.021921","351451589.065595","358772605.598582","280846520.492437","289254782.594898","330328418.862917","386314286.399371","400153012.15952","433652880.158434","487408257.2422","","","","",
"Russian Federation","RUS","Adjusted savings: particulate emission damage (current US$)","NY.ADJ.DPEM.CD","","","","","","","","","","","","","","","","","","","","","","","","","","","","","","","1459676890.34146","1522618263.53206","1635897579.34736","1900589732.69882","1997794591.62405","1797120151.10707","1505171036.09936","1272332609.11915","840635117.525874","642094523.030221","820847326.092279","926539293.88368","1037227721.15646","1251158027.57489","1618986208.86237","2119881759.21437","2402201262.09986","2950905343.82501","3832417029.64122","3033301542.78481","3788228981.62034","4573653400.55336","4560437171.61857","4435353161.13595","3897799242.59291","2475442632.99321","2109447168.41605","2256467426.65705","2313199042.48013","2336299195.62116","2128399991.70541","2458111182.44552","","","","",
"Rwanda","RWA","Adjusted savings: particulate emission damage (current US$)","NY.ADJ.DPEM.CD","","","","","","","","","","","","","","","","","","","","","","","","","","","","","","","197538563.900374","148273035.210024","137982695.724565","116389718.756564","11462307.2812736","92327742.8661867","91880501.0553918","104544072.391883","103788010.387966","114518117.638589","98806488.3802259","86518173.0956035","80142850.0813091","88548366.09398","98974864.1297549","115782906.4072","121393952.448027","139685921.715305","162425050.579284","159389547.157559","166422763.643154","177143900.181197","191465708.05","180790888.871938","188624040.349333","187511183.959795","185841634.208452","192667710.565947","197288156.815369","207340286.619378","216693494.307171","221000555.740464","","","","",
"South Asia","SAS","Adjusted savings: particulate emission damage (current US$)","NY.ADJ.DPEM.CD","","","","","","","","","","","","","","","","","","","","","","","","","","","","","","","","","","","","","","","","","","","","","","","","","","","","","","","","","","","","","","","","","","",
"Saudi Arabia","SAU","Adjusted savings: particulate emission damage (current US$)","NY.ADJ.DPEM.CD","","","","","","","","","","","","","","","","","","","","","","","","","","","","","","","725257453.122935","725438263.598464","733473064.40387","724581758.006216","731581939.55109","784368906.229441","834211451.849442","854126729.64007","732810723.414279","848498597.684224","1059461316.24956","1008094899.74997","1003117206.21258","993858784.119406","1076108771.09585","1267351437.97356","1353282776.9127","1484440093.35827","1616723597.35076","1367521161.47126","1675955424.47844","2046663189.72057","2384089888.19749","2581451911.85388","2496852052.68432","2211438661.5008","2109651325.93319","2240789429.09308","2535716903.47353","2528733159.39396","2299522922.36918","2674100971.91764","","","","",
"Sudan","SDN","Adjusted savings: particulate emission damage (current US$)","NY.ADJ.DPEM.CD","","","","","","","","","","","","","","","","","","","","","","","","","","","","","","","2645041436.27275","3292954409.68585","506180045.407642","615486130.37204","880295036.098351","904015554.243063","556945945.137388","620498417.135127","582009806.806052","546245780.667352","598708271.422035","730743554.483995","789264457.855827","867653813.221964","1031489480.97725","1329205515.7912","1615859729.40935","1998178508.94214","2072245136.47296","1844400411.30652","2173007257.69812","2259449148.99024","2038602015.53125","1916354568.83425","2027286679.80929","2051840115.87127","2241248025.01796","2716043223.10423","670841614.016585","655180866.398708","536529094.471588","644808647.980297","","","","",
"Senegal","SEN","Adjusted savings: particulate emission damage (current US$)","NY.ADJ.DPEM.CD","","","","","","","","","","","","","","","","","","","","","","","","","","","","","","","282178222.733047","266572072.281652","275620001.557329","254122193.321432","171929687.279092","197200906.487475","194003452.007102","168412463.722022","171399882.616804","165093217.59687","141137733.67628","169103123.356519","180238510.422401","204751805.748185","238163308.67859","251478006.918351","261130714.425486","310717549.808227","366772830.670398","346568758.680307","315179878.318614","346616900.10589","325842299.239867","341843313.933675","349593125.01895","293675419.889005","291512156.083309","295857307.726516","291942983.103387","272290046.548595","268043873.282766","277365970.638596","","","","",
"Singapore","SGP","Adjusted savings: particulate emission damage (current US$)","NY.ADJ.DPEM.CD","","","","","","","","","","","","","","","","","","","","","","","","","","","","","","","54138771.552143","62132227.1200314","65788363.3056292","67779368.5113016","76146259.5889792","89017650.6769819","95999661.1042927","95022316.2873231","86398308.7106085","80197467.6441841","81875259.9279016","77531631.2910498","76893013.5562403","73296527.5927137","76429315.1674075","84055866.182021","95030162.8172445","114240671.842253","126663080.049771","131157920.139735","141008281.285378","168911455.374031","188108644.258838","205274788.845822","215403593.693984","214079645.03622","219654874.28671","227618377.950721","256315703.350427","264442311.882086","258870995.179017","273118648.991518","","","","",
"Solomon Islands","SLB","Adjusted savings: particulate emission damage (current US$)","NY.ADJ.DPEM.CD","","","","","","","","","","","","","","","","","","","","","","","","","","","","","","","5634200.18198287","5833266.7850818","6467311.84641172","7211365.34648202","9286709.92925091","10446761.6674217","11838777.3627377","12756733.9699628","11449888.7539582","12476387.4144506","12054368.6270509","12011470.4964597","9756485.85498143","10331174.1594414","10181202.8215977","11310091.5392943","12591739.2267581","14334603.5015764","15297719.1044776","16262831.2074102","17084298.610365","19968843.8755658","22665989.8388139","24338373.9926213","25920282.8088257","25630662.8478916","25730110.7559914","26778965.5200835","29092280.7486069","29043146.6116694","28607191.3798275","30298488.1129662","","","","",
"Sierra Leone","SLE","Adjusted savings: particulate emission damage (current US$)","NY.ADJ.DPEM.CD","","","","","","","","","","","","","","","","","","","","","","","","","","","","","","","28411529.323164","32380580.0089199","33273230.7997014","36140860.1278494","41918079.3348023","41013701.7706402","41590764.6224572","38451004.82846","28383452.8545433","28963361.2418958","27489793.8836248","50569481.8630094","46580234.8719973","48320761.9097706","50201717.598583","56527971.5532703","65239255.421077","70816390.837512","78174953.8556184","75471990.787072","78315059.314938","86170709.9896126","100845514.638626","115579740.082128","117857640.674916","129614493.460848","108468116.438381","104446994.663437","108081242.333157","96560549.2865879","96571783.6543627","90223762.4091407","","","","",
"El Salvador","SLV","Adjusted savings: particulate emission damage (current US$)","NY.ADJ.DPEM.CD","","","","","","","","","","","","","","","","","","","","","","","","","","","","","","","51102688.7480646","53463840.4434652","55851652.2674167","60224332.9083602","64847970.6814567","69190115.5937266","71451854.6460641","72230232.6032688","73731915.9537447","68191118.8576371","65989634.5309184","62998449.6714579","58111659.956261","57937277.8122096","58223089.1154794","59281773.0565097","60961753.0774282","62334334.1716919","62881175.0071214","66327255.2243832","60558810.35883","66878049.2451979","64429201.2637567","64913659.4178209","66958749.4786413","67633378.8082266","65934204.046814","62510767.7769554","63384869.6891732","63602766.3061532","62644409.9273917","66291540.8273771","","","","",
"San Marino","SMR","Adjusted savings: particulate emission damage (current US$)","NY.ADJ.DPEM.CD","","","","","","","","","","","","","","","","","","","","","","","","","","","","","","","","","","","","","","","","","","","","","","","","","","","","","","","","","","","","","","","","","","",
"Somalia, Fed. Rep.","SOM","Adjusted savings: particulate emission damage (current US$)","NY.ADJ.DPEM.CD","","","","","","","","","","","","","","","","","","","","","","","","","","","","","","","89833832.615279","","","","","","","","","","","","","","","","","","","","","","","407950301.503937","422492955.317327","402866312.755461","404821767.129848","408331031.87919","421738255.656665","461346897.68412","494410618.539757","537848960.78806","","","","",
"Serbia","SRB","Adjusted savings: particulate emission damage (current US$)","NY.ADJ.DPEM.CD","","","","","","","","","","","","","","","","","","","","","","","","","","","","","","","","","","","","254794746.437829","315653066.426404","353028215.868109","224013270.468131","234343127.92783","74579482.9057026","118204002.184399","134533535.436551","168359589.549923","183668230.651298","191938864.312396","216598215.387279","272484667.683054","310078252.576887","262835312.945753","215692429.662445","227386708.214377","195899398.854004","229231390.078114","235283611.770516","185022095.92808","189678578.857582","197286578.447941","207645660.508926","207667958.998885","211595603.962879","230688565.823106","","","","",
"Sub-Saharan Africa (excluding high income)","SSA","Adjusted savings: particulate emission damage (current US$)","NY.ADJ.DPEM.CD","","","","","","","","","","","","","","","","","","","","","","","","","","","","","","","","","","","","","","","","","","","","","","","","","","","","","","","","","","","","","","","","","","",
"South Sudan","SSD","Adjusted savings: particulate emission damage (current US$)","NY.ADJ.DPEM.CD","","","","","","","","","","","","","","","","","","","","","","","","","","","","","","","","","","","","","","","","","","","","","","","","","472706779.949506","376011054.48137","424223717.914375","442974672.143712","586937928.117201","699350936.121878","437991420.872991","341178402.530529","","","","","","","","","","",
"Sub-Saharan Africa","SSF","Adjusted savings: particulate emission damage (current US$)","NY.ADJ.DPEM.CD","","","","","","","","","","","","","","","","","","","","","","","","","","","","","","","","","","","","","","","","","","","","","","","","","","","","","","","","","","","","","","","","","","",
"Small states","SST","Adjusted savings: particulate emission damage (current US$)","NY.ADJ.DPEM.CD","","","","","","","","","","","","","","","","","","","","","","","","","","","","","","","","","","","","","","","","","","","","","","","","","","","","","","","","","","","","","","","","","","",
"Sao Tome and Principe","STP","Adjusted savings: particulate emission damage (current US$)","NY.ADJ.DPEM.CD","","","","","","","","","","","","","","","","","","","","","","","","","","","","","","","","","","","","","","","","","","2346168.92017241","2725740.68183521","2661512.90818945","3235635.65297616","3168456.67164844","3390933.70672461","3526289.91273026","3965393.24450862","3835114.94702809","3852907.96582267","4035667.51270445","4170345.10871001","4975826.46853528","5793981.63945216","5061784.29778887","5162320.13401815","5294000.95092357","5588889.49263147","5639182.64120774","6052578.54458428","6578476.00364647","","","","",
"Suriname","SUR","Adjusted savings: particulate emission damage (current US$)","NY.ADJ.DPEM.CD","","","","","","","","","","","","","","","","","","","","","","","","","","","","","","","2524586.218934","2958708.9768665","2760275.73600142","3232852.14697692","4132866.28862815","4202047.546195","4876958.22088439","4808555.89545168","5547689.69776869","4540747.48771521","4652067.91804106","3779738.21928727","4584103.31294321","4813791.06947316","4879223.90603799","5381017.365645","7454161.66865679","8115049.76203591","9400041.27063606","10029657.4345139","10871310.9900367","10518688.3757509","11604922.1501241","12290387.0655361","12777245.1727057","13417090.9882908","8707320.35434324","8519414.79268248","8653509.88157361","8234821.37682134","6751374.69265477","6644669.93350788","","","","",
"Slovak Republic","SVK","Adjusted savings: particulate emission damage (current US$)","NY.ADJ.DPEM.CD","","","","","","","","","","","","","","","","","","","","","","","","","","","","","","","40858020.1264977","43100865.0282855","33069311.3885705","33702316.6942151","38097338.7958885","50591334.1594192","53833260.9682281","49888891.8897154","53643193.0747435","54071087.5871102","49684818.9021559","52096212.6601433","60079688.1525163","78909918.8392116","92630279.3589511","103283816.078563","106078741.762368","121598193.494131","145404991.447737","133360670.752762","123955013.000477","133736292.047307","122282116.555037","120137094.205321","119083473.83144","104058746.472196","97381988.2607527","104950869.678128","120415485.256375","127133867.220614","136068674.849604","147066120.402361","","","","",
"Slovenia","SVN","Adjusted savings: particulate emission damage (current US$)","NY.ADJ.DPEM.CD","","","","","","","","","","","","","","","","","","","","","","","","","","","","","","","","","","","","42328725.2057179","40277281.215015","39770541.7332068","45248857.3639392","39749901.3290997","30734502.0832991","32267386.5941089","33468262.6581635","39259211.097552","46902625.661813","45282905.3784155","47142266.0879229","52567165.2718608","50463143.710558","51578105.7412578","47172087.156635","43068309.546429","36955049.9587043","37785154.6750959","36882485.6267569","28293776.8391325","25168317.3781245","28414833.1781638","33437497.7736754","30520563.3688335","32052643.1612484","34677271.7835689","","","","",
"Sweden","SWE","Adjusted savings: particulate emission damage (current US$)","NY.ADJ.DPEM.CD","","","","","","","","","","","","","","","","","","","","","","","","","","","","","","","159978988.436658","168710266.641585","158122722.833275","110284918.221137","109499838.489221","115219010.99862","118418059.424753","100415159.724273","92768168.4223455","87788451.7590072","76731604.5710937","67525801.8241054","70736909.3005145","81725011.7421829","86347162.1370051","82470138.4690247","85347934.2032737","98488119.2390256","107078788.469208","94878480.7433439","99769533.1419319","105504968.253994","95129144.4924278","89467979.3097967","74901294.13402","57040484.8480153","55047166.7037278","54957480.8038991","56251616.9076684","52605226.2008817","54224083.7205157","59275614.8995044","","","","",
"Eswatini","SWZ","Adjusted savings: particulate emission damage (current US$)","NY.ADJ.DPEM.CD","","","","","","","","","","","","","","","","","","","","","","","","","","","","","","","38889232.0564007","38101947.1492217","39495257.3186376","38978329.5386331","38747960.6663155","43326997.1622102","38910900.1936364","39909956.9780449","35491997.9316219","33705267.5027577","36949548.9386762","32086507.705234","28287342.8179366","41664714.6885302","50830083.7106076","56484732.0045582","57261440.4647997","60503539.6998756","58925559.9108439","64236712.1815497","76348216.60332","78883366.8718833","73518977.985908","64595929.6021131","59939683.0585302","52526709.5159475","47444660.8486174","52461445.960483","53133752.7620804","49046605.0367046","43383765.5319611","47479888.4528786","","","","",
"Sint Maarten (Dutch part)","SXM","Adjusted savings: particulate emission damage (current US$)","NY.ADJ.DPEM.CD","","","","","","","","","","","","","","","","","","","","","","","","","","","","","","","","","","","","","","","","","","","","","","","","","","","","","","","","","","","","","","","","","","",
"Seychelles","SYC","Adjusted savings: particulate emission damage (current US$)","NY.ADJ.DPEM.CD","","","","","","","","","","","","","","","","","","","","","","","","","","","","","","","","","","","","","","","","","","","","","","","","","","","","","","","","","","","","","","","","","","",
"Syrian Arab Republic","SYR","Adjusted savings: particulate emission damage (current US$)","NY.ADJ.DPEM.CD","","","","","","","","","","","","","","","","","","","","","","","","","","","","","","","295732713.40723","324190581.848604","351789524.45109","363935868.294656","411413973.831622","441439017.406064","493426979.869531","503767654.114568","500643607.231384","510428345.055664","530994758.48376","536112080.235738","526386189.318829","491001905.565838","564675982.100875","654373159.982828","747955090.358496","899618364.828496","1069558736.51759","1024398201.30268","1138535614.43199","300739049.105958","237838660.920473","143340952.545347","136329298.079292","96619851.6838692","67831396.6591181","81718883.2765293","102108033.727722","103560137.484026","50378221.707638","","","","","",
"Turks and Caicos Islands","TCA","Adjusted savings: particulate emission damage (current US$)","NY.ADJ.DPEM.CD","","","","","","","","","","","","","","","","","","","","","","","","","","","","","","","","","","","","","","","","","","","","","","","","","","","","","","","","","","","","","","","","","","",
"Chad","TCD","Adjusted savings: particulate emission damage (current US$)","NY.ADJ.DPEM.CD","","","","","","","","","","","","","","","","","","","","","","","","","","","","","","","98763058.0880946","101416308.798339","97663880.6185021","90321698.3047404","67205530.1047983","82890700.4478374","92591416.4667967","86003825.7106852","97676027.5524541","90265796.1533779","87025816.3933696","104012471.995035","118950773.609023","149605065.288782","186775652.916576","246748591.378059","279004851.829001","322821241.981303","372909138.767589","327808108.036877","340892079.671594","405392097.768976","401653124.231626","427960415.359209","449474866.313617","357189329.222126","358201997.358586","358408590.133357","385475075.584288","367005987.896617","342110207.296924","364835498.5261","","","","",
"East Asia & Pacific (IDA & IBRD countries)","TEA","Adjusted savings: particulate emission damage (current US$)","NY.ADJ.DPEM.CD","","","","","","","","","","","","","","","","","","","","","","","","","","","","","","","","","","","","","","","","","","","","","","","","","","","","","","","","","","","","","","","","","","",
"Europe & Central Asia (IDA & IBRD countries)","TEC","Adjusted savings: particulate emission damage (current US$)","NY.ADJ.DPEM.CD","","","","","","","","","","","","","","","","","","","","","","","","","","","","","","","","","","","","","","","","","","","","","","","","","","","","","","","","","","","","","","","","","","",
"Togo","TGO","Adjusted savings: particulate emission damage (current US$)","NY.ADJ.DPEM.CD","","","","","","","","","","","","","","","","","","","","","","","","","","","","","","","68241087.5102875","67110385.7321797","72801063.1927895","59976903.8317886","41285603.4388342","49839036.3831486","50699469.9236895","46206597.4912728","54391313.2285503","55065750.5515443","54532853.9080674","55254924.7587858","62763522.7509488","73128697.7874478","78309425.3999971","80639736.8655919","77336548.6744212","82042410.581837","90998751.8351084","81641349.5350433","75370483.682465","80384240.7060569","78392339.2151195","86130247.5582186","91804386.5757032","85385482.8002053","127873487.349074","139284830.104603","153985469.139084","153795269.998283","161590008.925186","169698419.292336","","","","",
"Thailand","THA","Adjusted savings: particulate emission damage (current US$)","NY.ADJ.DPEM.CD","","","","","","","","","","","","","","","","","","","","","","","","","","","","","","","623765670.439292","681395671.33356","729008890.117724","806778240.994159","890838624.72437","1022601216.45097","1111028637.88012","882059940.439485","707388565.697236","788279745.12617","756355357.409615","659393194.407783","708865025.135831","769536718.399539","821004119.67908","867034985.286255","1001843331.79699","1178736753.15339","1307207093.69713","1275715923.42206","1446389494.5566","1561942064.61299","1562764308.21355","1550290381.04415","1470585156.58235","1402484719.33824","1440962554.69259","1552606602.48167","1724934645.84281","1847133418.40638","1839292923.24544","1859851626.28269","","","","",
"Tajikistan","TJK","Adjusted savings: particulate emission damage (current US$)","NY.ADJ.DPEM.CD","","","","","","","","","","","","","","","","","","","","","","","","","","","","","","","100745873.131729","50778328.8773468","101086223.471367","78911844.9337629","94878077.8677757","72418489.4394561","57048999.1683973","38891564.1388434","44039617.2520159","31799296.7098106","21042164.3085427","23343524.4447254","22649774.2524548","23921854.5243494","26777600.9060353","26120706.1330724","28853325.0334609","34186687.9516233","43430971.1447465","41664281.4892932","45016484.6027646","50950502.0153854","58284722.1062501","62567371.6550411","68108318.5328577","61114537.9773967","50299403.1909469","51959801.3825244","51217794.9880442","52176744.0559567","51326318.567235","52328334.4816978","","","","",
"Turkmenistan","TKM","Adjusted savings: particulate emission damage (current US$)","NY.ADJ.DPEM.CD","","","","","","","","","","","","","","","","","","","","","","","","","","","","","","","32997694.9657318","33939069.5909295","37597375.2341286","37185289.7990066","34975465.7692377","32207720.892236","26612210.304883","29085112.1364381","26684039.6497801","20861026.6836745","23239030.1578409","26773056.9093795","33973963.29731","43116478.9311481","45729615.5385242","48626131.8180665","57513542.044541","68735514.4779914","99427716.7869258","102430086.563271","112029935.387306","140783613.344351","170437722.807176","195733560.549075","221548020.056778","187992040.239718","189370730.989722","193844140.432547","204991969.247551","223080037.946566","","","","","","",
"Latin America & the Caribbean (IDA & IBRD countries)","TLA","Adjusted savings: particulate emission damage (current US$)","NY.ADJ.DPEM.CD","","","","","","","","","","","","","","","","","","","","","","","","","","","","","","","","","","","","","","","","","","","","","","","","","","","","","","","","","","","","","","","","","","",
"Timor-Leste","TLS","Adjusted savings: particulate emission damage (current US$)","NY.ADJ.DPEM.CD","","","","","","","","","","","","","","","","","","","","","","","","","","","","","","","","","","","","","","","","","9009430.99175324","10400790.6728997","10463446.1145054","10760855.2135058","8972317.21723635","8699626.22895469","7855917.6530925","7987333.33449985","8053541.93177747","8249109.20380148","9373376.2468688","11215272.6728433","12599589.2344437","15145238.3885974","15546076.1426765","17211608.3511002","17628028.7758281","17500997.8524686","17155365.7286504","18392183.3918185","16126103.2396264","27900033.1032853","","","","",
"Middle East, North Africa, Afghanistan & Pakistan (IDA & IBRD)","TMN","Adjusted savings: particulate emission damage (current US$)","NY.ADJ.DPEM.CD","","","","","","","","","","","","","","","","","","","","","","","","","","","","","","","","","","","","","","","","","","","","","","","","","","","","","","","","","","","","","","","","","","",
"Tonga","TON","Adjusted savings: particulate emission damage (current US$)","NY.ADJ.DPEM.CD","","","","","","","","","","","","","","","","","","","","","","","","","","","","","","","1018099.8739224","1115880.74209591","1131253.65964407","1098085.06897935","1477493.35440841","1466117.69865456","1531162.86238557","1474984.41473286","1311890.05906609","1365178.24342782","1376764.5794068","1154948.88133044","1115152.99332743","1211992.68170116","1383458.66285091","1516124.12231972","1662137.17096588","1655596.81751546","1780959.29115075","1630718.61957756","1875147.07515775","1931039.11054518","2115722.23126619","1955966.75974529","1820015.43355752","1752812.0924306","1555137.48717494","1618363.29824575","1681753.6725944","1732191.56697384","1611489.13533747","1556880.4780167","","","","",
"South Asia (IDA & IBRD)","TSA","Adjusted savings: particulate emission damage (current US$)","NY.ADJ.DPEM.CD","","","","","","","","","","","","","","","","","","","","","","","","","","","","","","","","","","","","","","","","","","","","","","","","","","","","","","","","","","","","","","","","","","",
"Sub-Saharan Africa (IDA & IBRD countries)","TSS","Adjusted savings: particulate emission damage (current US$)","NY.ADJ.DPEM.CD","","","","","","","","","","","","","","","","","","","","","","","","","","","","","","","","","","","","","","","","","","","","","","","","","","","","","","","","","","","","","","","","","","",
"Trinidad and Tobago","TTO","Adjusted savings: particulate emission damage (current US$)","NY.ADJ.DPEM.CD","","","","","","","","","","","","","","","","","","","","","","","","","","","","","","","22276604.4447122","22123607.0020344","21257284.8368705","19118829.4020331","19950075.0493547","20238383.0725153","20227852.3968142","17973581.2023355","18452852.4342498","20090007.9012388","22325529.5752958","22632142.1649659","20003880.261425","21968785.7453154","22600585.050457","24717418.2712326","23205090.0887519","25509132.8665786","31515046.2593082","22512391.2736481","26045293.7600148","29746020.7871264","31002272.0501931","34928463.315001","38782951.7208491","35462761.9021387","31897386.1351651","33385692.6868855","34185689.0211761","34043844.6066535","32642278.1982596","38786076.4931493","","","","",
"Tunisia","TUN","Adjusted savings: particulate emission damage (current US$)","NY.ADJ.DPEM.CD","","","","","","","","","","","","","","","","","","","","","","","","","","","","","","","116874473.845824","117386915.084719","126298815.559662","116038730.800947","117035806.319218","131754548.969188","130841578.907222","132419355.86625","132836950.964111","133199682.694637","119305133.759087","115964258.625607","116423929.627183","128554195.220299","134186158.817005","131835245.559281","141004362.185344","149192778.874937","166615706.932191","161824464.198591","176022003.121314","186094246.254734","171810540.955885","167566689.882857","167493333.604902","151537097.258805","141855287.560824","129832565.331949","128008216.813272","126392767.036673","142055250.400279","151641127.873554","","","","",
"Turkiye","TUR","Adjusted savings: particulate emission damage (current US$)","NY.ADJ.DPEM.CD","","","","","","","","","","","","","","","","","","","","","","","","","","","","","","","1821175074.75432","1874234664.46801","1889342435.75034","1925502152.63115","1403537111.06043","1655804762.38216","1510249180.15104","1366245891.11258","1835773267.04286","1694404190.97683","1627746786.86714","1179923588.95122","1177265434.93678","1346723782.49139","1499500157.41767","1629680466.78248","1644115863.01594","1929972772.36704","2284385339.15842","2166586836.17175","2495768803.14234","2499627824.57654","2507086346.87544","2605877781.42622","2543858083.86137","2323988784.93579","2324690888.88889","2177972554.55124","1974556371.47169","1925062243.32021","1835604849.56444","1917620440.64046","","","","",
"Tuvalu","TUV","Adjusted savings: particulate emission damage (current US$)","NY.ADJ.DPEM.CD","","","","","","","","","","","","","","","","","","","","","","","","","","","","","","","","","","","","","","","","","","","","","","","","","","","","","","","","","","","","","","","","","","",
"Tanzania","TZA","Adjusted savings: particulate emission damage (current US$)","NY.ADJ.DPEM.CD","","","","","","","","","","","","","","","","","","","","","","","","","","","","","","","211077301.943447","236143381.087483","213952915.628128","192254632.489846","197024215.806731","215978447.487958","251055236.78915","284831652.773361","437900840.342542","432400193.198169","429231173.790286","404304084.376642","390146370.714114","390553779.513248","384991822.754528","377810792.224401","356168430.317572","389345730.403254","481822438.152986","489499943.342574","505384923.800238","503184302.210608","549268203.003304","570241944.339731","571231377.581503","553051135.339121","585655404.12895","647382600.161578","721205663.775435","810606744.111035","865370227.906666","937446334.291438","","","","",
"Uganda","UGA","Adjusted savings: particulate emission damage (current US$)","NY.ADJ.DPEM.CD","","","","","","","","","","","","","","","","","","","","","","","","","","","","","","","98381964.3276537","74620913.7657813","63373430.4901566","68915486.6064142","83274653.4045207","114845020.348938","119180353.941163","127084093.967035","136356823.008611","122251488.044448","128336237.807648","120278296.067073","119811884.170749","122532498.962893","145567633.549075","167515146.283799","170803445.240993","194232190.352698","221632817.862971","374828129.014308","400256065.575591","401444905.669365","398048750.703886","434653182.59415","483518302.450649","449136476.782476","397360592.534552","378223697.723978","374405704.749426","367060784.816898","365661627.371389","363204228.856939","","","","",
"Ukraine","UKR","Adjusted savings: particulate emission damage (current US$)","NY.ADJ.DPEM.CD","","","","","","","","","","","","","","","","","","","","","","","","","","","","","","","268124117.839993","294503930.070728","301573872.313101","290411490.858842","295888446.713282","291288223.908533","234458621.423563","","","113781220.755964","111496877.873354","123221148.936204","137320357.223479","152954427.709505","193531814.333937","","","423426723.44586","","","","","","","280277724.138355","273096737.338382","244633091.555156","259697234.094667","289152475.375193","323116436.401981","343929753.79348","429282885.912815","","","","",
"Upper middle income","UMC","Adjusted savings: particulate emission damage (current US$)","NY.ADJ.DPEM.CD","","","","","","","","","","","","","","","","","","","","","","","","","","","","","","","","","","","","","","","","","","","","","","","","","","","","","","","","","","","","","","","","","","",
"Uruguay","URY","Adjusted savings: particulate emission damage (current US$)","NY.ADJ.DPEM.CD","","","","","","","","","","","","","","","","","","","","","","","","","","","","","","","19595654.8760582","20871544.3021882","22653953.993587","26030072.7074527","27896912.1344608","31561923.4453925","31018947.6066173","32448691.7113169","32675478.5480645","30926286.6491486","29771333.2855177","27519880.0856166","18348831.6730474","14950570.3254393","14397495.7261358","15371517.1570869","16892647.4529088","19929302.6072203","24012067.0950655","24759763.1746469","29475664.8989553","35065768.2034478","36114900.7808783","39645502.628127","38711773.0962477","36692034.3706554","37344965.3069151","39978936.7632355","40305231.7582748","38508051.6699135","36035968.5870622","38318452.9691339","","","","",
"United States","USA","Adjusted savings: particulate emission damage (current US$)","NY.ADJ.DPEM.CD","","","","","","","","","","","","","","","","","","","","","","","","","","","","","","","10109593985.338","10096795543.7375","10317850184.2515","10505091787.5795","10868341622.1301","11121645562.7286","11320297078.333","11578779464.4421","11660214682.9058","12177551351.3648","12937012104.9427","13619934694.2705","14187520323.3311","14584358708.5894","14759185945.9168","15404477325.4974","15743990483.1462","15505814855.9259","15304652955.3154","14646463271.6508","14057501619.9592","14255574582.5216","14335206071.81","14086636318.1455","13885259975.001","13868133672.9523","13675159556.4978","13394575255.3538","13853755903.7568","14357764916.4959","14731639352.9306","15546091967.0888","","","","",
"Uzbekistan","UZB","Adjusted savings: particulate emission damage (current US$)","NY.ADJ.DPEM.CD","","","","","","","","","","","","","","","","","","","","","","","","","","","","","","","144018262.307215","152534388.192983","157897097.725327","160147342.371086","173072946.975757","177485936.636954","173295502.846993","170767332.52157","167082455.648453","175249708.927997","136325391.851722","109306767.25121","89193758.1755122","89148456.6478186","98499116.8444486","114162492.873879","129865098.523881","157595601.250752","195802970.042111","211785675.315786","302243676.338909","361755472.701737","403955809.766251","433010743.06584","477013213.903742","505445426.808571","506965670.809514","357678081.52374","294679136.131752","327534720.19261","326158073.046008","352058201.961115","","","","",
"St. Vincent and the Grenadines","VCT","Adjusted savings: particulate emission damage (current US$)","NY.ADJ.DPEM.CD","","","","","","","","","","","","","","","","","","","","","","","","","","","","","","","1340538.2786569","1384814.40453471","1399425.45393259","1366554.94420765","1385590.76657549","1406308.61554652","1451028.42401097","1455489.03218313","1513568.85180591","1536332.59462176","1614463.985015","1687757.793766","1660543.89022539","1621749.66158818","1655481.01915","1741297.85453229","1848678.07808011","2029083.61555121","2158084.08728569","2182797.8755103","2328882.34782673","2375700.01242185","2472681.28960029","2606854.12730473","2655777.36049948","2676507.27140964","2680192.16608176","2779382.90748484","2905887.55722633","3101469.61142225","3250787.18026109","3413023.08638451","","","","",
"Venezuela, RB","VEN","Adjusted savings: particulate emission damage (current US$)","NY.ADJ.DPEM.CD","","","","","","","","","","","","","","","","","","","","","","","","","","","","","","","","","","","","","","","","","","","","","","","","","","","","","","","","","","","","","","","","","","",
"British Virgin Islands","VGB","Adjusted savings: particulate emission damage (current US$)","NY.ADJ.DPEM.CD","","","","","","","","","","","","","","","","","","","","","","","","","","","","","","","","","","","","","","","","","","","","","","","","","","","","","","","","","","","","","","","","","","",
"Virgin Islands (U.S.)","VIR","Adjusted savings: particulate emission damage (current US$)","NY.ADJ.DPEM.CD","","","","","","","","","","","","","","","","","","","","","","","","","","","","","","","","","","","","","","","","","","","4531692.72335576","4630739.4613751","4742088.06332913","5230319.27556698","5240712.42826649","6107512.83313532","5483678.24880391","5925939.19055337","6174691.94928229","6619571.20743399","7460666.38113661","7098954.36382385","6736086.97009484","6682293.87755925","6519229.39121087","6518201.21441901","6731938.06360025","7161371.89739993","7798484.33720725","","","","","",
"Viet Nam","VNM","Adjusted savings: particulate emission damage (current US$)","NY.ADJ.DPEM.CD","","","","","","","","","","","","","","","","","","","","","","","","","","","","","","","52059575.4186997","71828450.9417907","67393170.2801276","83144404.648292","94694261.288571","114688223.327305","131369647.35171","135778913.587817","132639983.644744","132898918.045043","133118600.00622","130708422.876549","133625087.771026","146238176.884958","165829666.300631","204438546.284409","227246452.083191","256985964.525161","333783778.163205","372874590.358783","533818701.764026","633380331.851973","720272838.497282","784276066.595997","809847597.335694","831650454.752578","868241494.233421","907700279.083586","957921458.423848","1020104303.99098","1077225484.60755","1149612357.62261","","","","",
"Vanuatu","VUT","Adjusted savings: particulate emission damage (current US$)","NY.ADJ.DPEM.CD","","","","","","","","","","","","","","","","","","","","","","","","","","","","","","","6048210.11448024","7201597.44183495","7533893.95250414","7339611.70210134","8218517.48612668","8764536.72347224","9305759.39435183","9438597.33481471","9346268.45765214","9752451.14796166","9371647.11059542","9339349.27277862","9596919.5018143","10578047.9580663","11621479.5347906","11956801.5644106","12456852.107453","14566725.6490101","16065354.844998","15808717.9450256","17887860.0911281","20106510.1769501","19811599.2267811","20335106.3779395","20481348.0381088","19538044.7498137","20206747.2578932","21618329.9184862","22171173.6602317","22332944.3616142","22741843.5722521","","","","","",
"World","WLD","Adjusted savings: particulate emission damage (current US$)","NY.ADJ.DPEM.CD","","","","","","","","","","","","","","","","","","","","","","","","","","","","","","","","","","","","","","","","","","","","","","","","","","","","","","","","","","","","","","","","","","",
"Samoa","WSM","Adjusted savings: particulate emission damage (current US$)","NY.ADJ.DPEM.CD","","","","","","","","","","","","","","","","","","","","","","","","","","","","","","","857152.086090905","841938.947214036","869106.505425682","830899.007090058","1400444.32811978","1326269.81085124","1399653.03450797","1637793.69243399","1552254.82299626","1511378.9649218","1510282.63974994","1502789.50010765","1583342.45132383","1894161.62426318","2386408.65370446","2775442.12904809","2998445.85839081","3506874.5306686","3893238.7382909","3902120.31656259","4111846.2948823","4407670.01231833","4878498.41699177","5067364.01643731","5053826.74820841","5023519.41513795","4731346.29005877","4879453.59519453","4915138.89576156","4878347.52313299","4743240.55028091","","","","","",
"Kosovo","XKX","Adjusted savings: particulate emission damage (current US$)","NY.ADJ.DPEM.CD","","","","","","","","","","","","","","","","","","","","","","","","","","","","","","","","","","","","","","","","","","","","","","","","","","","","","","","","","","","","","","","","","","",
"Yemen, Rep.","YEM","Adjusted savings: particulate emission damage (current US$)","NY.ADJ.DPEM.CD","","","","","","","","","","","","","","","","","","","","","","","","","","","","","","","256185053.843146","251187104.26767","252957061.729966","202156124.720373","146235171.086611","141286447.014615","182944502.139289","204331938.511999","176588883.346924","203544408.789781","242388929.802853","238272758.412249","251772890.071082","268375107.640878","305751987.220711","349024235.338745","386427730.158911","431305179.313835","523385638.109124","468720762.011796","526616952.218857","619026186.37247","628319347.58323","667406746.781952","683680527.586704","873941560.212688","648745885.591175","527378131.278152","364578674.826147","","","","","","","",
"South Africa","ZAF","Adjusted savings: particulate emission damage (current US$)","NY.ADJ.DPEM.CD","","","","","","","","","","","","","","","","","","","","","","","","","","","","","","","1696180004.65445","1748602947.29967","1901519454.19021","1722862071.73846","1691235333.33077","1710947135.83527","1488089366.42038","1553240941.77505","1422027011.1352","1356272004.08585","1335456898.73593","1119870622.30893","1007751615.30665","1465159270.22359","1754107939.78941","1820567485.48174","1786782693.83011","1809470944.35529","1661837052.30091","1660620686.52686","1978280849.54467","1996892935.19566","1870736543.65125","1723855845.47356","1653566200.71872","1451760410.59123","1290127250.28411","1491793032.83098","1531976754.72579","1470712996.25573","1328986613.86177","","","","","",
"Zambia","ZMB","Adjusted savings: particulate emission damage (current US$)","NY.ADJ.DPEM.CD","","","","","","","","","","","","","","","","","","","","","","","","","","","","","","","158227960.78389","162916378.305913","151712180.246149","143438792.948366","167590803.81315","161355724.771679","135194882.594949","148066113.109416","114812821.097872","102754482.495761","103090473.640101","110128907.383956","107829412.599324","122840492.451615","155839572.020455","206671633.315097","309286432.341213","329148734.329208","406027358.964959","323960376.901564","397143916.464145","431584296.615738","442108227.200294","465083351.42842","419622020.966097","301921241.086405","276384555.360631","296831704.877218","277520523.083375","233683994.591834","180162425.008787","","","","","",
"Zimbabwe","ZWE","Adjusted savings: particulate emission damage (current US$)","NY.ADJ.DPEM.CD","","","","","","","","","","","","","","","","","","","","","","","","","","","","","","","191775180.800734","170245821.433032","137967860.66424","123378123.404188","114926089.3008","111863507.290351","115084465.045526","110763663.432058","81200863.1759154","88796554.9082193","91726254.3173478","92090066.4392156","94154145.7519582","97847847.346565","99019913.801429","98239996.2018448","92331119.3367892","90374505.80019","95584953.0105873","189761890.611752","204474926.141218","223176852.681682","251718132.825411","291299183.126761","319096218.237038","337453485.105617","349918697.664446","283331014.970047","520956663.478081","347206593.645938","354003163.54983","","","","","",
               