Country Name,Country Code,Year,GDP_USD,GNI_USD,Resource_Depletion_USD,CO2_Damage_USD,PED_USD,Env_Degradation_USD,Net_Natural_Capital_Consumption,Green_GDP_USD,Green_GDP_Gap_Pct,Sustainability_Index
Albania,ALB,2008,13258506375.4518,13323218080.8673,104141952.0678111,109497975.845026,32221625.4724588,141719601.3174848,245861553.3852959,13012644822.066504,1.8543684063878414,0.9814563159361216
Albania,ALB,2009,12335540656.1006,12142698872.1192,59746371.62940722,116545747.080729,29752325.3251565,146298072.4058855,206044444.0352927,12129496212.065306,1.670331684516749,0.9832966831548325
Albania,ALB,2010,12086545641.299,11967011385.8856,92589689.84985895,127173174.093082,28019771.1262703,155192945.2193523,247782635.06921124,11838763006.229788,2.050069907671168,0.9794993009232883
Albania,ALB,2011,12973755874.5365,12977704697.6757,214509695.92383727,144667674.423847,34572005.27845,179239679.70229697,393749375.6261343,12580006498.910366,3.0349682808425893,0.9696503171915741
Albania,ALB,2012,12246499747.9714,12154768314.6648,238669444.50789973,135465415.783869,34093597.7867898,169559013.5706588,408228458.07855856,11838271289.892841,3.333429685867425,0.9666657031413257
Albania,ALB,2013,12796985886.1478,13017049606.3435,289569683.1069907,143524715.911265,32349048.606078,175873764.51734298,465443447.6243337,12331542438.523466,3.6371333981711844,0.9636286660182881
Albania,ALB,2014,13296322588.1684,13417554541.1452,326857052.62719834,162293054.31232,33258200.9264936,195551255.23881358,522408307.8660119,12773914280.302387,3.928968362507032,0.9607103163749297
Albania,ALB,2015,11470171826.9575,11605289009.87,143017212.65907386,160650419.586215,28289397.8728105,188939817.4590255,331957030.11809933,11138214796.839401,2.8940894271341695,0.9710591057286583
Albania,ALB,2016,11988668784.6628,12181282157.1984,88516971.49632294,160883763.874984,29883923.2346395,190767687.1096235,279284658.6059464,11709384126.056854,2.329571895115133,0.9767042810488487
Albania,ALB,2017,13258268435.6048,13290106389.8566,118544404.92826712,192323852.103199,32397852.1367774,224721704.2399764,343266109.1682435,12915002326.436556,2.589071950349184,0.9741092804965081
Albania,ALB,2018,15379508329.7568,15362123022.025,163368921.36787266,200203395.467345,37403847.0249333,237607242.4922783,400976163.86015093,14978532165.896648,2.6072105509662418,0.9739278944903376
Algeria,DZA,2008,180383848331.135,179148225224.053,39506190381.44221,2891766450.47203,702590957.391419,3594357407.863449,43100547789.30566,137283300541.82935,23.89379547451773,0.7610620452548227
Algeria,DZA,2009,150317292079.359,149162398987.978,22934939465.837055,3097852342.79596,546041922.685283,3643894265.481243,26578833731.3183,123738458348.04071,17.681820476972256,0.8231817952302775
Algeria,DZA,2010,177785053939.531,177703049242.49,28803815424.253765,3263063748.12096,627412719.790615,3890476467.9115753,32694291892.16534,145090762047.36566,18.389786524622853,0.8161021347537715
Algeria,DZA,2011,218331946925.304,216589368243.66,39454854704.74244,3602970900.97108,745327352.620439,4348298253.591518,43803152958.333954,174528793966.97003,20.0626402023154,0.799373597976846
Algeria,DZA,2012,227143746075.934,224964112461.511,36723468675.23108,4192281421.97456,746537127.029574,4938818549.004134,41662287224.235214,185481458851.6988,18.341815675747252,0.8165818432425275
Algeria,DZA,2013,229701430292.157,225944267491.848,33640097524.744812,4493875306.76718,762821390.475012,5256696697.242192,38896794221.98701,190804636070.17,16.933631702908514,0.8306636829709149
Algeria,DZA,2014,238942664192.59,234461348665.993,33148759948.550198,4974517817.77426,736633782.737097,5711151600.511356,38859911549.061554,200082752643.52844,16.263278757844645,0.8373672124215535
Algeria,DZA,2015,187493855609.345,183649437186.975,16488672164.716806,5433948566.44514,570731979.000875,6004680545.446014,22493352710.16282,165000502899.1822,11.996847916461379,0.8800315208353862
Algeria,DZA,2016,180763839522.151,179594281655.137,13903692920.579304,5563059005.56711,541460363.587907,6104519369.155017,20008212289.73432,160755627232.4167,11.068702868132254,0.8893129713186775
Algeria,DZA,2017,189880896903.073,187682164214.748,17437696083.650444,5924622340.22022,578528379.336622,6503150719.556842,23940846803.207287,165940050099.86572,12.608349335651269,0.8739165066434873
Algeria,DZA,2018,194554483655.528,190390454064.656,23958651694.772724,6485649290.72362,606628047.975065,7092277338.698686,31050929033.47141,163503554622.0566,15.960017189040574,0.8403998281095942
Angola,AGO,2008,98790432989.4067,85072885273.227,41820519073.63349,517431639.44983,721435964.278254,1238867603.728084,43059386677.36157,55731046312.04512,43.58659576072395,0.5641340423927605
Angola,AGO,2009,81705175408.3893,74882034165.2543,19638927977.04952,584109627.689529,624714140.707536,1208823768.397065,20847751745.446583,60857423662.94272,25.5158276587042,0.744841723412958
Angola,AGO,2010,95546919754.7633,87460057855.4168,28966893924.739044,651583909.343055,745655765.478685,1397239674.8217402,30364133599.560783,65182786155.20252,31.77929092585639,0.682207090741436
Angola,AGO,2011,125551634704.473,115854308015.468,37973488384.06258,712003624.290544,990320494.62444,1702324118.914984,39675812502.97756,85875822201.49545,31.601191490949205,0.6839880850905079
Angola,AGO,2012,143572907527.976,133151153807.579,39180254138.042114,741642084.731226,1055335413.26996,1796977498.001186,40977231636.0433,102595675891.93271,28.541061361495835,0.7145893863850417
Angola,AGO,2013,148845200696.792,139261659141.632,34431227697.59994,871492378.310749,1062185943.99879,1933678322.309539,36364906019.90948,112480294676.8825,24.431359459138573,0.7556864054086143
Angola,AGO,2014,153449860496.402,145191848660.073,26984089445.82998,997664500.375898,972563586.277813,1970228086.6537108,28954317532.48369,124495542963.91832,18.868910951641165,0.8113108904835884
Angola,AGO,2015,102543067840.732,97942031907.3252,10725614666.371628,1100559706.61678,609590361.450956,1710150068.0677361,12435764734.439363,90107303106.29263,12.127357798339292,0.8787264220166071
Angola,AGO,2016,59878249719.3279,57126689656.6181,9760194726.438293,1068727863.6961,349750523.43539,1418478387.13149,11178673113.569784,48699576605.75812,18.669004464840693,0.8133099553515931
Angola,AGO,2017,84376935689.3366,79848009168.4983,17299695525.880768,907364500.904434,470525237.077658,1377889737.982092,18677585263.86286,65699350425.47373,22.13588951918208,0.7786411048081792
Angola,AGO,2018,89512794227.495,83375219202.1768,22188372950.546658,938722709.740295,521078684.261564,1459801394.0018592,23648174344.548515,65864619882.94648,26.41876454492879,0.735812354550712
Argentina,ARG,2008,361558037110.419,352615480862.974,14421680552.882452,4488075091.94876,336867779.84177,4824942871.79053,19246623424.67298,342311413685.74603,5.323245910530015,0.9467675408946998
Argentina,ARG,2009,332976484577.619,322744327792.305,8130933088.245891,4324068573.75875,359729672.033895,4683798245.7926445,12814731334.038536,320161753243.5805,3.848539439742723,0.9615146056025727
Argentina,ARG,2010,423627422092.49,409192468872.686,10532649716.230577,4778853761.47861,442174307.125568,5221028068.604178,15753677784.834755,407873744307.6552,3.718757795947237,0.9628124220405276
Argentina,ARG,2011,530158122010.442,515004538945.145,16058986071.76678,5268886273.0743,571063125.805796,5839949398.8800955,21898935470.646877,508259186539.79517,4.130642267179211,0.9586935773282079
Argentina,ARG,2012,545982375701.128,533073608485.977,15604384183.418983,5529226046.82631,633242881.822345,6162468928.648655,21766853112.06764,524215522589.06036,3.986731821538293,0.9601326817846171
Argentina,ARG,2013,552025140252.246,540185748561.537,13706504939.010418,5923626993.64566,677403677.499212,6601030671.144873,20307535610.15529,531717604642.0907,3.6787338346358314,0.9632126616536417
Argentina,ARG,2014,526319673731.638,515532241212.846,12173931713.165604,6047268154.97273,702440085.689129,6749708240.661859,18923639953.82746,507396033777.81055,3.5954650563711046,0.964045349436289
Argentina,ARG,2015,594749285413.212,583615452086.538,4911253268.987808,6452096662.95937,808618161.132093,7260714824.091463,12171968093.079271,582577317320.1328,2.0465712850117246,0.9795342871498828
Argentina,ARG,2016,557532320662.955,545251641127.714,3614616120.126205,6577560414.07564,793528400.604435,7371088814.680075,10985704934.80628,546546615728.1487,1.9704157997052627,0.9802958420029474
Argentina,ARG,2017,643628393281.364,627200463933.824,4692233656.611031,6709633358.67709,872661630.803755,7582294989.4808445,12274528646.091875,631353864635.2721,1.9070831514305295,0.9809291684856947
Argentina,ARG,2018,524819892360.176,506094045059.703,7914418607.962693,6930719865.14242,727131724.673013,7657851589.815433,15572270197.778126,509247622162.3979,2.9671646262773748,0.9703283537372263
Armenia,ARM,2008,11662040713.8753,12353321001.708,24895567.678607967,152706740.312335,41489156.6389227,194195896.9512577,219091464.62986568,11442949249.245434,1.8786717522705467,0.9812132824772946
Armenia,ARM,2009,8647937081.2562,9006718596.46194,31300608.007987417,124554827.521785,37439049.525129,161993877.046914,193294485.05490142,8454642596.2013,2.2351513804818657,0.9776484861951813
Armenia,ARM,2010,9260285755.62424,9718566996.01031,153638967.70149994,124029577.219287,41968322.2948771,165997899.5141641,319636867.215664,8940648888.408577,3.451695505417122,0.9654830449458288
Armenia,ARM,2011,10142111824.5835,10502185416.5704,201231832.82905346,147352233.811208,42885445.6178463,190237679.42905432,391469512.2581078,9750642312.325392,3.8598422008050024,0.96140157799195
Armenia,ARM,2012,10619320682.9474,11042356845.1045,107762353.79523115,177720671.131579,41350392.880383,219071064.011962,326833417.80719316,10292487265.140205,3.077724343818205,0.969222756561818
Armenia,ARM,2013,11121464437.0415,11804011412.1342,82078143.53129925,177789623.274495,41187749.3429543,218977372.6174493,301055516.1487486,10820408920.892752,2.7069772857074774,0.9729302271429252
Armenia,ARM,2014,11609513246.7958,12131729269.7992,32233539.754074536,184515748.766137,41189757.8611549,225705506.62729192,257939046.38136646,11351574200.414433,2.221790361904771,0.9777820963809523
Armenia,ARM,2015,10553337518.414,10981745035.9775,56336597.05453733,185686858.518154,37869001.3853926,223555859.9035466,279892456.9580839,10273445061.455915,2.652170050182831,0.9734782994981717
Armenia,ARM,2016,10546136235.5219,10791195836.7939,23393197.663471524,182071586.38191,37696473.0089874,219768059.3908974,243161257.0543689,10302974978.467531,2.305690459747181,0.9769430954025282
Armenia,ARM,2017,11527458709.0158,11933013892.6253,28336151.772912737,200929784.165657,36925151.1281606,237854935.2938176,266191087.06673035,11261267621.94907,2.309191416652297,0.976908085833477
Armenia,ARM,2018,12457940694.7395,12658281183.7745,86249372.07551357,223710639.116849,36734026.5184014,260444665.6352504,346694037.71076393,12111246657.028736,2.7829161031177425,0.9721708389688226
Australia,AUS,2008,1058448244063.77,1015284425321.01,30740023054.9299,10438270536.4879,231394609.955755,10669665146.443655,41409688201.37356,1017038555862.3965,3.912301657980611,0.9608769834201939
Australia,AUS,2009,931761689770.843,899122070746.785,15720311610.727741,10916912713.2405,201494091.253004,11118406804.493504,26838718415.221245,904922971355.6218,2.8804273356443635,0.9711957266435564
Australia,AUS,2010,1152566632022.13,1107931544735.5,29424540262.484207,11075212379.1341,243215845.169348,11318428224.303448,40742968486.78766,1111823663535.3423,3.534977272012965,0.9646502272798704
Australia,AUS,2011,1402939868653.4,1346752272339.62,40986699136.88471,11525092340.0804,288273691.3888,11813366031.4692,52800065168.35391,1350139803485.046,3.763530166052926,0.9623646983394707
Australia,AUS,2012,1552728401401.58,1505600343176.99,29070454357.1772,12023176721.5549,306351174.484092,12329527896.038992,41399982253.216194,1511328419148.3638,2.666273265552839,0.9733372673444716
Australia,AUS,2013,1583737461925.39,1544415843961.05,26800446876.888454,12292697767.5994,311263285.354032,12603961052.953432,39404407929.84189,1544333053995.548,2.488064396856336,0.9751193560314366
Australia,AUS,2014,1474677007565.64,1436245658777.88,25907305664.273094,12513063572.308,293467561.579549,12806531133.88755,38713836798.160645,1435963170767.4792,2.6252417715570466,0.9737475822844295
Australia,AUS,2015,1356805839935.9,1329206917868.0,16642167412.941408,13137170576.1985,272676489.770613,13409847065.969112,30052014478.910522,1326753825456.9893,2.214908986559964,0.9778509101344004
Australia,AUS,2016,1211588128417.61,1182946465487.62,19826351772.843876,13825588932.9012,230392777.07379,14055981709.974989,33882333482.818863,1177705794934.7913,2.7965224062628224,0.9720347759373718
Australia,AUS,2017,1330890554614.09,1294543002785.18,23056819505.61308,14561235979.1685,244508819.459928,14805744798.62843,37862564304.24151,1293027990309.8486,2.844904426812182,0.9715509557318782
Australia,AUS,2018,1433144978761.67,1387743000651.1,33040803232.42272,15164917363.0418,269379379.241776,15434296742.283575,48475099974.7063,1384669878786.9636,3.3824282046183436,0.9661757179538165
Austria,AUT,2008,429234399096.173,432837598506.797,760705652.1385508,1898233417.62742,246037047.155476,2144270464.782896,2904976116.921447,426329422979.2515,0.6767808272212982,0.993232191727787
Austria,AUT,2009,399290118782.429,399116013671.836,474036172.4933481,1779117816.78025,245816641.090071,2024934457.870321,2498970630.3636694,396791148152.06537,0.625853361456541,0.9937414663854346
Austria,AUT,2010,389827789217.634,393109195156.667,528129481.20558965,1999333825.72228,232111117.575578,2231444943.297858,2759574424.503448,387068214793.13055,0.707895768549942,0.9929210423145006
Austria,AUT,2011,428954737064.057,430410938011.674,675247706.7519875,2036383884.84144,232696160.932268,2269080045.773708,2944327752.5256953,426010409311.5313,0.6863959057027528,0.9931360409429725
Austria,AUT,2012,406750487603.59,407165076060.117,686815998.3012187,2022970879.42052,211744561.338165,2234715440.758685,2921531439.059904,403828956164.53015,0.718261324349569,0.9928173867565043
Austria,AUT,2013,426580502769.417,427714570810.04,638269220.9126067,2125394132.78146,222461801.046319,2347855933.827779,2986125154.7403855,423594377614.67664,0.7000144487040634,0.9929998555129593
Austria,AUT,2014,438556021078.034,439031381243.175,595262338.551067,2089270443.4881,219667307.235158,2308937750.723258,2904200089.274325,435651820988.75964,0.6622187245623513,0.9933778127543765
Austria,AUT,2015,379546097300.633,375674518639.57,346807040.1751465,2199033128.99091,178775190.245348,2377808319.236258,2724615359.4114046,376821481941.2216,0.7178615137368277,0.9928213848626317
Austria,AUT,2016,393687359770.273,393518778426.188,266786305.75034764,2286847787.73184,169690541.79134,2456538329.52318,2723324635.2735276,390964035134.9995,0.6917480502454106,0.9930825194975459
Austria,AUT,2017,414926138132.691,410993827536.471,319103870.01181626,2464289756.01556,165013755.03581,2629303511.05137,2948407381.0631866,411977730751.6278,0.7105860802917863,0.9928941391970821
Austria,AUT,2018,452582294972.775,447902034078.745,451016634.93693507,2470611754.05989,182637224.659287,2653248978.719177,3104265613.6561117,449478029359.1189,0.6859008070218178,0.9931409919297818
Azerbaijan,AZE,2008,48851293785.4483,43831089798.2035,14032176586.017996,817209193.718016,94394485.1887626,911603678.9067786,14943780264.924774,33907513520.52353,30.590346963085324,0.6940965303691468
Azerbaijan,AZE,2009,44292427184.9492,41022888018.2835,9075403616.081587,704245663.107867,84196987.8942728,788442651.0021398,9863846267.083727,34428580917.86548,22.269825552561976,0.7773017444743803
Azerbaijan,AZE,2010,52909294791.9262,49741091452.7785,10295166068.88289,694737062.201258,114270052.499534,809007114.700792,11104173183.583683,41805121608.342514,20.98718803048222,0.7901281196951778
Azerbaijan,AZE,2011,65952796427.9473,61441003132.8908,14501750601.112389,813718419.633031,137733643.626973,951452063.260004,15453202664.372393,50499593763.57491,23.43070120044848,0.7656929879955152
Azerbaijan,AZE,2012,69679944504.1972,65735414850.2186,13254994397.645502,935519180.511131,143623581.121137,1079142761.632268,14334137159.277771,55345807344.91943,20.571395774309707,0.7942860422569029
Azerbaijan,AZE,2013,74160560123.6902,70472288892.4862,13705464297.484446,1000147461.64778,142067983.87072,1142215445.5184999,14847679743.002945,59312880380.687256,20.02099191030777,0.7997900808969223
Azerbaijan,AZE,2014,75239785452.1022,73082959455.4451,10963662605.925106,1085545260.80633,135963737.681019,1221508998.487349,12185171604.412455,63054613847.68975,16.19511742516804,0.8380488257483196
Azerbaijan,AZE,2015,53076235354.746,51379123217.2905,4782688161.141235,1104732474.07372,97683985.6455908,1202416459.7193108,5985104620.860546,47091130733.88545,11.276430177946617,0.8872356982205338
Azerbaijan,AZE,2016,37866996882.9157,35591412539.2769,3527286039.3336024,1157788570.376,71511253.3627098,1229299823.7387097,4756585863.072312,33110411019.84339,12.561296787753246,0.8743870321224676
Azerbaijan,AZE,2017,40866627351.9817,39321618331.876,4973519200.603607,1195850252.29644,78047159.644791,1273897411.9412308,6247416612.544838,34619210739.43686,15.287331050679153,0.8471266894932085
Azerbaijan,AZE,2018,47112470051.7701,44853080880.9559,7905186178.932694,1282320326.96519,88278179.2034435,1370598506.1686335,9275784685.101328,37836685366.66878,19.688597678934087,0.8031140232106592
"Bahamas, The",BHS,2008,10526000000.0,10448200000.0,927875.5097575047,59043028.5747439,12804080.755627,71847109.3303709,72774984.8401284,10453225015.159872,0.6913830974741397,0.9930861690252586
"Bahamas, The",BHS,2009,9981960000.0,9829760000.0,860983.9106382531,170399835.102166,12731147.2714788,183130982.3736448,183991966.28428304,9797968033.715717,1.8432448766002136,0.9815675512339979
"Bahamas, The",BHS,2010,10095760000.0,9860860000.0,1544124.0435544844,59442742.4154763,12786758.0492098,72229500.4646861,73773624.50824058,10021986375.49176,0.7307386913738019,0.992692613086262
"Bahamas, The",BHS,2011,10070450000.0,9834450000.0,1346143.866018956,76658952.7675147,12719269.4084256,89378222.1759403,90724366.04195926,9979725633.95804,0.9008968421665344,0.9909910315783347
"Bahamas, The",BHS,2012,10720400000.0,10441100000.0,1322515.753949753,110298670.836417,13181924.1230693,123480594.9594863,124803110.71343605,10595596889.286564,1.1641646833461077,0.988358353166539
"Bahamas, The",BHS,2013,10475300000.0,10177700000.0,1651448.5280540085,90834332.9505684,13835720.1967511,104670053.1473195,106321501.67537351,10368978498.324627,1.0149733341801483,0.9898502666581985
"Bahamas, The",BHS,2014,11139100000.0,10702900000.0,1977350.2886571593,84850306.889218,14668879.4639278,99519186.35314581,101496536.64180297,11037603463.358196,0.9111735835193485,0.9908882641648065
"Bahamas, The",BHS,2015,11837600000.0,11342800000.0,1674653.592144129,76847931.2139416,15548417.6520766,92396348.8660182,94071002.45816234,11743528997.541838,0.7946796855626336,0.9920532031443736
"Bahamas, The",BHS,2016,11880900000.0,11324900000.0,2050093.525631702,73259569.368398,15306078.9274015,88565648.2957995,90615741.82143119,11790284258.178568,0.7627009891627075,0.9923729901083729
"Bahamas, The",BHS,2017,12446900000.0,11901400000.0,2108159.5581108886,81195094.2758369,15031918.2554313,96227012.5312682,98335172.08937909,12348564827.910622,0.7900374558273816,0.9920996254417261
"Bahamas, The",BHS,2018,12819200000.0,11984100000.0,1673488.6963625636,109700485.932589,15223693.1242932,124924179.0568822,126597667.75324477,12692602332.246756,0.987562934919842,0.9901243706508016
Bahrain,BHR,2008,25710904255.3191,24787226861.7021,6072587399.328818,664502440.608447,46727203.6975388,711229644.3059858,6783817043.634804,18927087211.684296,26.384980381354577,0.7361501961864542
Bahrain,BHR,2009,22938218085.1064,20538353191.4894,3869336524.2315006,682704012.096445,40038440.1956376,722742452.2920825,4592078976.523583,18346139108.582817,20.01933611183679,0.7998066388816322
Bahrain,BHR,2010,26805984042.5532,24432970744.6809,5224365067.767361,742176940.546846,42806013.9079397,784982954.4547857,6009348022.222146,20796636020.331055,22.417934789047838,0.7758206521095217
Bahrain,BHR,2011,29914680851.0638,26150319148.9362,7752997652.998632,776134645.10311,47361316.5362317,823495961.6393416,8576493614.637974,21338187236.425827,28.669848283983896,0.7133015171601611
Bahrain,BHR,2012,31963404255.3191,30955957446.8085,7181466977.968071,844173221.209544,49124094.6002085,893297315.8097525,8074764293.777823,23888639961.541275,25.2625290763079,0.747374709236921
Bahrain,BHR,2013,33823324468.0851,32627579787.234,7968309088.016607,932587399.871005,50130483.6140458,982717883.4850509,8951026971.501657,24872297496.583443,26.464066179974814,0.7353593382002518
Bahrain,BHR,2014,34772526595.7447,33139813829.7872,7502009399.710969,1019550543.77539,51243198.9920394,1070793742.7674295,8572803142.478398,26199723453.2663,24.6539552392707,0.753460447607293
Bahrain,BHR,2015,32523297872.3404,30787393617.0213,3921606325.339652,1063352800.94824,48360734.7826117,1111713535.7308517,5033319861.070503,27489978011.269897,15.476043914203164,0.8452395608579684
Bahrain,BHR,2016,33884680851.0638,32089202127.6596,3119553097.456506,1088120067.39134,49910315.8781841,1138030383.269524,4257583480.72603,29627097370.337772,12.564921297148244,0.8743507870285175
Bahrain,BHR,2017,37204813829.7872,35215186170.2128,3958673313.2189317,1141969690.01905,54941705.2692851,1196911395.288335,5155584708.507267,32049229121.279934,13.85730548765591,0.8614269451234409
Bahrain,BHR,2018,39567978723.4043,37491914893.617,5534023418.007432,1207097132.34127,60825034.3743298,1267922166.7155998,6801945584.723032,32766033138.681267,17.190530838765607,0.828094691612344
Bangladesh,BGD,2008,91636997370.9772,98690272434.7262,869758780.9137657,1115913265.01726,1380979878.7766,2496893143.79386,3366651924.7076254,88270345446.26958,3.673900303693162,0.9632609969630683
Bangladesh,BGD,2009,102475158190.998,110599840405.017,933074033.5704821,1235882095.06184,1482390187.97881,2718272283.0406504,3651346316.6111326,98823811874.38687,3.563152651890109,0.9643684734810989
Bangladesh,BGD,2010,115275540051.262,124613272943.348,1307526767.135112,1445487562.74022,1593100531.45186,3038588094.19208,4346114861.327192,110929425189.9348,3.7701969206949855,0.9622980307930501
Bangladesh,BGD,2011,128607482310.357,138790366566.139,1622586999.8998525,1623260769.4964,1666114664.09909,3289375433.5954905,4911962433.495343,123695519876.86165,3.8193442133030366,0.9618065578669697
Bangladesh,BGD,2012,133310747603.483,144592846556.493,1722302486.672521,1801752167.0002,1614002581.6051,3415754748.6053,5138057235.277821,128172690368.20518,3.8541958001468557,0.9614580419985315
Bangladesh,BGD,2013,149998957434.186,162063337208.742,1469201350.0731995,1958918345.29981,1678145010.14933,3637063355.4491396,5106264705.522339,144892692728.66367,3.404200131032763,0.9659579986896724
Bangladesh,BGD,2014,172886611653.786,184408668144.279,1562722275.4995406,2149204478.21316,1783842478.27497,3933046956.48813,5495769231.987671,167390842421.79834,3.178828701318538,0.9682117129868146
Bangladesh,BGD,2015,195146608978.131,207815026631.717,1582563899.1502264,2510249885.15522,1872668307.73324,4382918192.88846,5965482092.038687,189181126886.09232,3.0569232656803247,0.9694307673431968
Bangladesh,BGD,2016,265224515675.034,277650511849.492,1736634592.0827107,2671101308.97179,2365846031.45902,5036947340.43081,6773581932.513521,258450933742.52048,2.5539049115704078,0.974460950884296
Bangladesh,BGD,2017,293732446624.596,303873962973.372,1897627019.0729885,2968672007.3769,2407487501.55796,5376159508.93486,7273786528.007849,286458660096.58813,2.4763306238701364,0.9752366937612986
Bangladesh,BGD,2018,321362752441.78,334213984192.582,1924653506.4064763,3269466204.35554,2458195240.85312,5727661445.20866,7652314951.615136,313710437490.1649,2.381207807523198,0.976187921924768
Barbados,BRB,2008,4790410400.0,4544458350.0,16970713.994168825,47771175.8617737,9833789.81897195,57604965.68074565,74575679.67491448,4715834720.325086,1.5567701605464608,0.9844322983945354
Barbados,BRB,2009,4466809600.0,4276757950.0,8576536.02219297,127592740.508385,9991014.940569,137583755.44895402,146160291.471147,4320649308.528853,3.272140622943646,0.9672785937705636
Barbados,BRB,2010,5672900000.0,5560950350.0,15357918.250110356,44296274.6582091,10223134.4573214,54519409.1155305,69877327.36564085,5603022672.634359,1.2317743546623534,0.9876822564533765
Barbados,BRB,2011,5663100000.0,5362953600.0,24928911.289340373,52497960.9511153,10568616.8627529,63066577.8138682,87995489.10320857,5575104510.896791,1.5538395773199933,0.9844616042268001
Barbados,BRB,2012,5761450000.0,5589046600.0,23298659.163434763,65868499.3496838,10254013.8804104,76122513.2300942,99421172.39352895,5662028827.606471,1.7256276179352235,0.9827437238206478
Barbados,BRB,2013,5667200000.0,5472600550.0,19111247.488064338,46548557.7615412,11466138.4440179,58014696.205559105,77125943.69362344,5590074056.306376,1.3609179787835888,0.9863908202121641
Barbados,BRB,2014,5620600000.0,5423158650.0,15394441.253129823,42761860.6930688,10894998.6220744,53656859.3151432,69051300.56827302,5551548699.431727,1.2285396677983238,0.9877146033220168
Barbados,BRB,2015,5698150000.0,5485207650.0,6311153.2744791,44161479.4078375,11409354.6457549,55570834.0535924,61881987.3280715,5636268012.671928,1.0860013746228443,0.9891399862537715
Barbados,BRB,2016,5674600000.0,5453164150.0,4794529.553088588,46325903.6557822,11954928.0057656,58280831.6615478,63075361.21463639,5611524638.785363,1.1115384558318966,0.988884615441681
Barbados,BRB,2017,5683150000.0,5459403200.0,6610340.194129709,44152167.565941,12115516.7969985,56267684.3629395,62878024.55706921,5620271975.442931,1.1063938934757807,0.9889360610652422
Barbados,BRB,2018,6001950000.0,5761950000.0,11026209.492772138,48581644.9711245,12684918.6869587,61266563.6580832,72292773.15085533,5929657226.849145,1.2044880938837388,0.9879551190611626
Belarus,BLR,2008,60752106347.126,59964234225.8004,571592782.0772196,1624488350.04254,150822438.164174,1775310788.2067142,2346903570.2839336,58405202776.842064,3.8630818113106633,0.9613691818868934
Belarus,BLR,2009,50873167326.0414,49759479064.1055,290083361.0983914,1585243221.05824,137730539.930673,1722973760.988913,2013057122.0873046,48860110203.954094,3.957011579770151,0.9604298842022985
Belarus,BLR,2010,57231904542.8755,56069265840.9742,345642755.41474843,1762420168.45265,158975394.993315,1921395563.445965,2267038318.8607135,54964866224.01479,3.9611442900041003,0.960388557099959
Belarus,BLR,2011,61762382327.9319,61079871266.8078,564371214.4933194,1746452039.93778,168838043.715275,1915290083.653055,2479661298.146374,59282721029.78552,4.014840756919695,0.9598515924308031
Belarus,BLR,2012,65685890438.8922,64215516438.9641,535070505.4391067,1862338666.83546,150873673.918262,2013212340.753722,2548282846.1928287,63137607592.69937,3.879498061404072,0.9612050193859593
Belarus,BLR,2013,75527558966.4473,72875339440.6563,491664593.5660386,1939199963.39108,168731712.806353,2107931676.197433,2599596269.7634716,72927962696.68382,3.4419175004958524,0.9655808249950415
Belarus,BLR,2014,78813069120.9984,76448782777.9462,445506974.8839384,2003410038.9367,167986130.206631,2171396169.143331,2616903144.0272694,76196165976.97113,3.3203923831587447,0.9667960761684126
Belarus,BLR,2015,56454769844.7632,54061945285.662,194915044.69939336,1906245924.42472,113267984.597031,2019513909.021751,2214428953.721144,54240340891.04205,3.9224833611230427,0.9607751663887696
Belarus,BLR,2016,47723545321.259,45473302428.7243,142196335.5414731,1980163081.27284,91612400.9887139,2071775482.261554,2213971817.803027,45509573503.45598,4.639160403736361,0.9536083959626364
Belarus,BLR,2017,54725405751.1559,52669765496.9979,211943023.57880273,2095731306.08974,99423387.0372567,2195154693.1269965,2407097716.705799,52318308034.4501,4.398501360869221,0.9560149863913078
Belarus,BLR,2018,60031026576.26,57861187726.0003,380830979.292972,2309587085.5538,108091357.767742,2417678443.3215423,2798509422.6145144,57232517153.645485,4.661771724092458,0.9533822827590754
Belgium,BEL,2008,517328087920.078,529910842181.875,94995028.2150461,2869759512.12503,361940753.787888,3231700265.912918,3326695294.127964,514001392625.95,0.6430532909015239,0.9935694670909848
Belgium,BEL,2009,485014525992.461,494515923328.515,84071059.27530244,2752633880.48819,354817338.051393,3107451218.539583,3191522277.8148856,481823003714.6461,0.6580261222659729,0.9934197387773402
Belgium,BEL,2010,481556503720.001,488893682611.668,194627916.22999513,3049870084.53279,349181216.710937,3399051301.243727,3593679217.4737225,477962824502.5273,0.7462632504623432,0.9925373674953766
Belgium,BEL,2011,527196649048.639,528029734267.511,279322192.09420013,2877842884.22785,360002468.254322,3237845352.482172,3517167544.576372,523679481504.0626,0.6671452769897751,0.9933285472301022
Belgium,BEL,2012,498414364944.961,509666801090.977,249850109.29703572,2960043420.13127,325421452.04653,3285464872.1778,3535314981.474836,494879049963.48615,0.709312417563497,0.992906875824365
Belgium,BEL,2013,524097026598.55,536136947871.256,239361971.999761,3122308920.18152,314507820.251092,3436816740.432612,3676178712.432373,520420847886.1176,0.7014309423373751,0.9929856905766262
Belgium,BEL,2014,537987419164.351,548902514458.351,274875442.00356054,3035082011.54571,290240351.759343,3325322363.305053,3600197805.308614,534387221359.0424,0.6691973970136207,0.9933080260298638
Belgium,BEL,2015,461044767544.531,467533864636.64,108725845.22426236,3307938171.54991,235693930.477104,3543632102.0270143,3652357947.2512765,457392409597.2797,0.7921916057530164,0.9920780839424699
Belgium,BEL,2016,474271566739.729,478523735047.705,93819328.69409399,3383586688.42756,226899641.955397,3610486330.382957,3704305659.077051,470567261080.652,0.7810515997282792,0.9921894840027172
Belgium,BEL,2017,500908767351.53,505375752659.53,127979609.50431885,3469312892.01987,240917899.784865,3710230791.8047347,3838210401.3090534,497070556950.22095,0.7662493953944882,0.9923375060460551
Belgium,BEL,2018,542638913427.921,548120195689.725,182873814.9657508,3669481460.41284,255604873.991425,3925086334.404265,4107960149.3700156,538530953278.551,0.7570338299956177,0.9924296617000439
Belize,BLZ,2008,1738453600.0,1573276350.0,76969904.34677412,13418869.8397774,5742634.71291233,19161504.55268973,96131408.89946385,1642322191.100536,5.529708063503328,0.9447029193649668
Belize,BLZ,2009,1688012750.0,1597367950.0,51205782.77219324,40321517.4510715,5501257.49796121,45822774.94903271,97028557.72122595,1590984192.278774,5.748093888581468,0.9425190611141853
Belize,BLZ,2010,1748988400.0,1610489150.0,69493462.2271441,16003815.9208575,5546559.35083367,21550375.27169117,91043837.49883528,1657944562.5011647,5.205514084532255,0.9479448591546774
Belize,BLZ,2011,1831576700.0,1734391400.0,98399128.53225853,19985019.8318145,5762017.89281432,25747037.72462882,124146166.25688735,1707430533.7431126,6.778103600951433,0.9322189639904856
Belize,BLZ,2012,1917083500.0,1796920450.0,68748649.68960075,20816933.0405171,5679057.13555046,26495990.17606756,95244639.86566831,1821838860.1343317,4.968205081607989,0.9503179491839201
Belize,BLZ,2013,2035191450.0,1915955900.0,49501774.17490971,14869677.8527018,5842366.4548187,20712044.3075205,70213818.48243022,1964977631.5175698,3.44998592060861,0.9655001407939139
Belize,BLZ,2014,2138242200.0,2000442900.0,38194068.22535978,16161962.9780733,5958268.83224745,22120231.81032075,60314300.03568053,2077927899.9643195,2.820742198226213,0.9717925780177379
Belize,BLZ,2015,2193095150.0,2097629250.0,16065789.733202763,23645517.137165,6226072.17005703,29871589.30722203,45937379.040424794,2147157770.9595752,2.094636844207367,0.9790536315579264
Belize,BLZ,2016,2239604950.0,2128797100.0,14192038.844835129,23342509.4280689,6456989.66878639,29799499.09685529,43991537.941690415,2195613412.0583096,1.9642543628817413,0.9803574563711825
Belize,BLZ,2017,2266028250.0,2140779100.0,14369950.05394334,23946938.8700571,6559086.56660243,30506025.43665953,44875975.490602866,2221152274.509397,1.980380230943854,0.9801961976905614
Belize,BLZ,2018,2285915050.0,2129671500.0,14520647.8431561,24682609.568356,6593561.97479126,31276171.54314726,45796819.38630336,2240118230.6136966,2.003434877700439,0.9799656512229956
Benin,BEN,2008,9787734526.23965,9776380267.19374,110709.0389730108,107887712.999921,195364127.553913,303251840.55383396,303362549.592807,9484371976.646843,3.099415383401869,0.9690058461659813
Benin,BEN,2009,9738626517.00319,9705498262.94296,134958.36734598226,122069250.379077,195381803.077643,317451053.45672,317586011.824066,9421040505.179123,3.261096534193767,0.9673890346580624
Benin,BEN,2010,9535345015.78355,9481809633.43508,181845.8314230927,138032909.549377,191962574.094049,329995483.643426,330177329.4748491,9205167686.3087,3.462667883839733,0.9653733211616027
Benin,BEN,2011,10693321363.6574,10677821363.6638,313824.845580062,138702002.700026,215697612.041448,354399614.74147403,354713439.5870541,10338607924.070347,3.3171493451285547,0.9668285065487144
Benin,BEN,2012,11141358115.8991,11074623463.0036,295484.89318231365,137951017.296634,225533572.210731,363484589.507365,363780074.4005473,10777578041.498552,3.265132227294807,0.9673486777270519
Benin,BEN,2013,12517845123.9315,12448828489.0859,199129.36290786878,151282801.16455,248428220.092518,399711021.25706804,399910150.6199759,12117934973.311523,3.1947203904562738,0.9680527960954373
Benin,BEN,2014,13284527846.9081,13223585561.7576,162651.2970066779,174751230.533068,263688057.734261,438439288.267329,438601939.56433564,12845925907.343765,3.301599760404108,0.9669840023959589
Benin,BEN,2015,11388160996.7738,11322499745.2605,4128990.7431234904,191598240.393222,251856034.717249,443454275.110471,447583265.8535945,10940577730.920206,3.930250599551513,0.9606974940044849
Benin,BEN,2016,11821065853.3838,11783269383.973,4284917.555391001,242043867.651205,277437664.991777,519481532.642982,523766450.198373,11297299403.185427,4.430788701244269,0.9556921129875573
Benin,BEN,2017,12701655836.9467,12669871034.6517,7842202.165310059,257055423.396859,304437872.790338,561493296.187197,569335498.352507,12132320338.594193,4.48237226438161,0.9551762773561839
Benin,BEN,2018,14262408089.9261,14207330378.0074,11564211.288995573,290706295.66116,332830127.640476,623536423.301636,635100634.5906316,13627307455.335468,4.452969166120125,0.9554703083387988
Bhutan,BTN,2008,1317517834.59916,1283501731.27648,46087391.98357999,8051322.22379723,8160982.84157109,16212305.06536832,62299697.04894832,1255218137.5502117,4.7285657478710545,0.9527143425212895
Bhutan,BTN,2009,1331343797.77308,1280769883.98804,42831456.23804777,8837592.43754354,7728876.50852256,16566468.9460661,59397925.184113875,1271945872.5889661,4.461501625911207,0.955384983740888
Bhutan,BTN,2010,1708880730.20989,1620906891.71359,79983658.98002188,11431297.2079979,8970752.24186911,20402049.44986701,100385708.42988889,1608495021.780001,5.874354286712525,0.9412564571328748
Bhutan,BTN,2011,1977728658.68259,1863823016.81275,84852570.11007577,17598747.5864653,10027242.8709334,27625990.457398698,112478560.56747447,1865250098.1151156,5.687259476858615,0.9431274052314138
Bhutan,BTN,2012,1973387227.96519,1831270593.67015,73267285.65979072,19884830.6213111,9091295.26175443,28976125.88306553,102243411.54285625,1871143816.4223337,5.181112459528888,0.9481888754047111
Bhutan,BTN,2013,1943696951.65411,1820262695.66739,59645930.31642605,21658009.1929265,10086642.0734599,31744651.2663864,91390581.58281246,1852306370.0712974,4.701894578012176,0.9529810542198782
Bhutan,BTN,2014,2089079570.58285,1954089382.06521,63654834.45741404,23569529.4684569,11292476.853722,34862006.3221789,98516840.77959293,1990562729.803257,4.715801263237998,0.95284198736762
Bhutan,BTN,2015,2187815803.36833,2045040204.86113,78489271.55748433,26775069.9310359,11027466.3575563,37802536.2885922,116291807.84607652,2071523995.5222535,5.315429556137006,0.9468457044386299
Bhutan,BTN,2016,2357504760.78592,2172018216.50864,93792948.06452364,33397745.7405031,11124319.9578939,44522065.698396996,138315013.76292062,2219189747.023,5.867008884292152,0.9413299111570784
Bhutan,BTN,2017,2591358009.20276,2378534601.95346,77654414.95248589,36294581.106689,12142886.7970043,48437467.903693296,126091882.85617918,2465266126.346581,4.865861158835857,0.9513413884116414
Bhutan,BTN,2018,2583335721.85904,2363147137.848,45083571.02667722,41137681.057103,12021417.3017719,53159098.3588749,98242669.38555212,2485093052.473488,3.8029385245698455,0.9619706147543016
Bolivia,BOL,2008,16674276285.8956,16137900474.4332,1165328789.006249,351842757.984956,98786866.6269422,450629624.61189824,1615958413.6181471,15058317872.277452,9.691325643830492,0.903086743561695
Bolivia,BOL,2009,17339992193.7322,16666184074.0741,612454027.902488,386644677.784711,96427127.3969464,483071805.18165743,1095525833.0841455,16244466360.648056,6.317914223053335,0.9368208577694667
Bolivia,BOL,2010,19649723722.1034,18760785455.5446,971758324.4442863,433531942.333538,102189822.105115,535721764.438653,1507480088.8829393,18142243633.220463,7.671762260897428,0.9232823773910257
Bolivia,BOL,2011,23963164696.592,22977403393.5893,1882103995.5788298,495449527.366598,118027199.375167,613476726.741765,2495580722.320595,21467583974.271404,10.414236825219968,0.8958576317478003
Bolivia,BOL,2012,27084497481.9103,25455219536.903,2438266378.4040236,541240247.941929,126250146.731397,667490394.673326,3105756773.0773497,23978740708.83295,11.466916730323984,0.8853308326967602
Bolivia,BOL,2013,30659338885.6729,28751567785.8177,2748661501.7313066,605777727.176586,137035681.324807,742813408.5013931,3491474910.2326994,27167863975.4402,11.387965419777089,0.8861203458022291
Bolivia,BOL,2014,32996188017.3661,31298228321.2735,2615786976.990511,687220144.352975,138981148.68283,826201293.035805,3441988270.0263157,29554199747.339783,10.431472472561914,0.8956852752743809
Bolivia,BOL,2015,33000198248.9146,31873100506.5123,945467065.2111435,721883729.435675,136290434.431908,858174163.867583,1803641229.0787265,31196557019.835873,5.465546647550975,0.9453445335244902
Bolivia,BOL,2016,33941126193.9219,33320230246.0203,642609047.9004632,790413317.999067,139575445.105741,929988763.104808,1572597811.0052712,32368528382.91663,4.633310639194079,0.9536668936080592
Bolivia,BOL,2017,45927439594.7902,44817793212.7352,1584853221.5572383,851238861.673232,154984653.084673,1006223514.757905,2591076736.3151436,43336362858.47505,5.641674692026741,0.9435832530797326
Bolivia,BOL,2018,48414038842.2576,47438383762.6628,1814258964.9165995,910122243.35541,166500157.209591,1076622400.565001,2890881365.4816008,45523157476.776,5.971163395189264,0.9402883660481074
Bosnia and Herzegovina,BIH,2008,19112796623.1175,19819059973.2174,81814922.15915583,557151481.890228,86930647.4206813,644082129.3109093,725897051.4700651,18386899571.647434,3.797963562234905,0.9620203643776509
Bosnia and Herzegovina,BIH,2009,17613949091.2294,18292268648.6383,24283726.70126449,568643855.327464,73400677.3293729,642044532.6568369,666328259.3581014,16947620831.8713,3.7829577904814595,0.9621704220951854
Bosnia and Herzegovina,BIH,2010,17176315803.7298,17455985887.834,49069908.715535,595570580.022693,73287235.1297757,668857815.1524687,717927723.8680037,16458388079.861795,4.179753866146938,0.9582024613385306
Bosnia and Herzegovina,BIH,2011,18644233537.1093,18794204715.634,76136046.08064246,708125902.111853,73037556.8079448,781163458.9197978,857299505.0004402,17786934032.10886,4.598201922830875,0.9540179807716912
Bosnia and Herzegovina,BIH,2012,17226735995.6905,17361414390.9185,46214794.9827491,682298237.498813,73084355.7515808,755382593.2503939,801597388.233143,16425138607.457355,4.653216885855064,0.9534678311414494
Bosnia and Herzegovina,BIH,2013,18179109209.3892,18421209992.0505,37585660.01160187,706309697.521648,75757877.9875446,782067575.5091927,819653235.5207946,17359455973.868404,4.50876457190464,0.9549123542809536
Bosnia and Herzegovina,BIH,2014,18558734107.1478,18710535630.5824,31327409.368580125,656243045.383736,78604156.9450495,734847202.3287855,766174611.6973656,17792559495.450436,4.1283775459786165,0.9587162245402139
Bosnia and Herzegovina,BIH,2015,16404348361.0926,16514882573.8932,36225663.11639076,682242737.052213,64393477.216141,746636214.2683539,782861877.3847446,15621486483.707855,4.772282690859673,0.9522771730914033
Bosnia and Herzegovina,BIH,2016,17116926553.8513,17139876107.0255,33967387.24035916,802264128.172785,66554236.3431321,868818364.5159172,902785751.7562764,16214140802.095022,5.274228109328137,0.9472577189067186
Bosnia and Herzegovina,BIH,2017,18326373135.6099,18174627410.1004,30064402.409513086,848619676.594567,67721767.9331124,916341444.5276793,946405846.9371924,17379967288.67271,5.16417427460447,0.9483582572539553
Bosnia and Herzegovina,BIH,2018,20484058033.1144,20366482557.1746,25653184.879808888,885439666.480347,71557533.5319526,956997200.0122997,982650384.8921086,19501407648.22229,4.797147046271606,0.9520285295372839
Botswana,BWA,2008,10730829116.4105,10196319741.8197,307943625.8985749,117817673.610021,59741450.4559907,177559124.0660117,485502749.9645866,10245326366.445913,4.524373137413157,0.9547562686258684
Botswana,BWA,2009,10118459242.3183,10029057941.827,155784946.3198142,115717230.145852,63944029.9517668,179661260.0976188,335446206.417433,9783013035.900867,3.3151905678929903,0.9668480943210701
Botswana,BWA,2010,12637273429.1339,12147261071.9608,187845250.84946734,96308674.2717511,70703662.6043518,167012336.87610292,354857587.72557026,12282415841.408329,2.808023342341268,0.9719197665765873
Botswana,BWA,2011,15110643612.1729,15016050301.2986,193109027.86431634,115734145.228391,83063558.623238,198797703.85162902,391906731.71594536,14718736880.456953,2.5935806691928875,0.9740641933080711
Botswana,BWA,2012,13907464500.1489,14164563194.2831,218797619.91036546,105948868.189078,78290326.7092828,184239194.8983608,403036814.80872625,13504427685.340174,2.897989168366457,0.9710201083163355
Botswana,BWA,2013,14271738933.2042,13621161024.7427,137868418.11466858,175203594.856733,75608202.9725679,250811797.82930088,388680215.9439695,13883058717.260231,2.723425770069812,0.9727657422993019
Botswana,BWA,2014,15470088500.7414,14998439776.0137,113183718.75689156,235358583.422242,82306451.3169596,317665034.7392016,430848753.49609315,15039239747.245306,2.785043883074395,0.9721495611692561
Botswana,BWA,2015,13530748844.505,13076842710.5086,93314540.70646246,241671085.095156,77126519.4087612,318797604.5039172,412112145.21037966,13118636699.294619,3.0457452868748227,0.9695425471312518
Botswana,BWA,2016,15082637184.0496,13792127267.5802,98937241.494818,238093609.009275,79543756.6143584,317637365.6236334,416574607.11845136,14666062576.931149,2.7619480733713715,0.9723805192662863
Botswana,BWA,2017,16105155856.7708,14738582295.4656,116673514.22845411,274267287.521777,82778925.7210938,357046213.2428708,473719727.4713249,15631436129.299475,2.941416597791989,0.9705858340220801
Botswana,BWA,2018,17031943186.1353,15447818705.438,117501622.29051305,286396628.409488,84328876.006404,370725504.415892,488227126.70640504,16543716059.428894,2.866538018420837,0.9713346198157916
Brazil,BRA,2008,1695855391757.96,1654272376257.72,45139432270.59434,10027384807.5157,3833152079.45924,13860536886.97494,58999969157.569275,1636855422600.3906,3.4790684066763915,0.9652093159332361
Brazil,BRA,2009,1666996294252.12,1630109870571.85,19529914054.153667,9666116944.61778,3805764013.30274,13471880957.92052,33001795012.07419,1633994499240.046,1.9797161592899712,0.9802028384071003
Brazil,BRA,2010,2208838108484.35,2140606612730.03,35922399710.502304,11372139866.1751,4622364379.23041,15994504245.40551,51916903955.907814,2156921204528.4424,2.3504168891549866,0.9764958311084502
Brazil,BRA,2011,2616156606579.21,2548929316371.71,55445431433.655205,12477512520.6176,5181353267.88382,17658865788.50142,73104297222.15662,2543052309357.053,2.794339491692175,0.9720566050830782
Brazil,BRA,2012,2465228293706.86,2403719887646.8,47148414051.43214,14112948489.7918,4725181338.39082,18838129828.182617,65986543879.61475,2399241749827.245,2.6766910005074442,0.9732330899949255
Brazil,BRA,2013,2472819362043.74,2438459112454.59,43598961559.1212,15737290826.1582,4477251706.5282,20214542532.6864,63813504091.8076,2409005857951.9326,2.5805970735794834,0.9741940292642052
Brazil,BRA,2014,2456043766032.38,2410277002770.43,42174968832.65243,17226632509.8911,4212600143.96514,21439232653.856243,63614201486.50867,2392429564545.871,2.5901086277983745,0.9740989137220163
Brazil,BRA,2015,1802211999456.42,1768299908716.93,19674892720.463097,16876639823.6001,3115926182.53021,19992566006.13031,39667458726.59341,1762544540729.8264,2.2010428705700513,0.9779895712942995
Brazil,BRA,2016,1795693265999.04,1757596906197.49,18082756677.193565,16055337206.8509,3169743496.05943,19225080702.91033,37307837380.1039,1758385428618.936,2.0776286288152703,0.9792237137118472
Brazil,BRA,2017,2063514688805.78,2024937157803.49,25292560425.475403,17080528336.3663,3489210973.02746,20569739309.39376,45862299734.86916,2017652389070.911,2.222533233403397,0.977774667665966
Brazil,BRA,2018,1916933708352.71,1863630803587.87,35385776181.85475,17003183439.0591,3170090672.26292,20173274111.322018,55559050293.17677,1861374658059.5332,2.8983292458725995,0.971016707541274
Brunei Darussalam,BRN,2008,15926456515.0049,15980957784.0861,3595496316.41906,212286516.770165,5234241.81146176,217520758.58162674,3813017075.000687,12113439440.004213,23.9414026052079,0.7605859739479209
Brunei Darussalam,BRN,2009,11912904509.8582,11965005647.7211,1904411772.8338876,217349540.708407,3787882.64028169,221137423.3486887,2125549196.1825762,9787355313.675625,17.84240941764987,0.8215759058235014
Brunei Darussalam,BRN,2010,13707121038.4383,13606836258.5065,2546129592.2861743,204906001.580373,4657477.89850776,209563479.47888076,2755693071.765055,10951427966.673244,20.10409818398321,0.7989590181601679
Brunei Darussalam,BRN,2011,18524791062.657,18026808849.2606,3878502219.9737024,218642074.915642,6495815.04436519,225137889.9600072,4103640109.9337096,14421150952.723291,22.15215327424658,0.7784784672575342
Brunei Darussalam,BRN,2012,19048443340.7732,18591292983.8896,3338601528.4599323,226811360.2701,7452245.48907353,234263605.7591735,3572865134.2191057,15475578206.554096,18.75673024982249,0.812432697501775
Brunei Darussalam,BRN,2013,18094148098.6536,17893858129.1371,2557307590.7165723,233066034.652953,8175710.26844632,241241744.92139933,2798549335.6379714,15295598763.015627,15.466599037321984,0.8453340096267802
Brunei Darussalam,BRN,2014,17097797386.0336,17082574504.3566,2478837012.560379,238388956.686114,8755075.72662971,247144032.41274372,2725981044.9731226,14371816341.060478,15.943463262699847,0.8405653673730016
Brunei Darussalam,BRN,2015,12930296870.1247,13580876434.9111,1664104059.0905707,222546044.619257,6938868.78865389,229484913.40791088,1893588972.4984815,11036707897.626219,14.644590078001974,0.8535540992199803
Brunei Darussalam,BRN,2016,11400266044.6651,12235340070.2358,1203509665.6650617,250303525.821366,5873954.05540588,256177479.8767719,1459687145.5418336,9940578899.123266,12.80397439693886,0.8719602560306114
Brunei Darussalam,BRN,2017,12128168045.1245,12848588411.3953,1376383310.7824297,272770605.236294,5774358.87538349,278544964.11167747,1654928274.894107,10473239770.230392,13.645327709318686,0.8635467229068131
Brunei Darussalam,BRN,2018,13566908391.0895,13650753306.9072,2022402732.8313763,295407740.654685,7533512.44441736,302941253.0991024,2325343985.9304786,11241564405.159021,17.13982227120899,0.8286017772879102
Bulgaria,BGR,2008,54480684188.4442,51846141511.9245,395960593.27078414,1342960518.13561,169019082.814885,1511979600.950495,1907940194.2212791,52572743994.222916,3.5020488869447286,0.9649795111305527
Bulgaria,BGR,2009,52023801230.12,50357535978.025,116344888.78600568,1185065933.19605,163085665.401836,1348151598.5978858,1464496487.3838916,50559304742.736115,2.815050905076876,0.9718494909492312
Bulgaria,BGR,2010,50689051382.4361,49628003265.2133,330452947.73932993,1278590621.62972,149473392.356152,1428064013.985872,1758516961.725202,48930534420.71089,3.4692244454480674,0.9653077555455193
Bulgaria,BGR,2011,57681293006.9721,55875515657.0619,515550722.70473826,1480681115.7341,161661111.43428,1642342227.16838,2157892949.8731184,55523400057.09898,3.7410620278784057,0.9625893797212159
Bulgaria,BGR,2012,54297052002.2338,53576945566.8342,400072586.5293595,1398773599.50562,147283934.219546,1546057533.725166,1946130120.2545257,52350921881.97928,3.584227961721494,0.964157720382785
Bulgaria,BGR,2013,55819262374.9039,54583767823.2479,275583848.25521564,1282024805.80689,159444935.878487,1441469741.6853771,1717053589.9405928,54102208784.96331,3.076095091347122,0.9692390490865288
Bulgaria,BGR,2014,57080897012.1077,56452998711.8289,178304347.63290498,1415855304.34971,177272472.721904,1593127777.071614,1771432124.704519,55309464887.403175,3.103371210737586,0.9689662878926242
Bulgaria,BGR,2015,50765918159.1476,49115808206.7558,114117394.04934888,1549476860.32577,150798514.76288,1700275375.08865,1814392769.1379988,48951525390.0096,3.5740371393461383,0.9642596286065386
Bulgaria,BGR,2016,53929397039.2106,52131262718.8721,97581977.73016728,1493561548.12992,159212951.150671,1652774499.280591,1750356477.0107584,52179040562.199844,3.2456444408939356,0.9675435555910606
Bulgaria,BGR,2017,59167647387.606,57717185895.5964,178554357.46286976,1641862072.94253,180225368.139255,1822087441.081785,2000641798.5446548,57167005589.06135,3.38131037294502,0.9661868962705498
Bulgaria,BGR,2018,66097226262.2191,63702254982.0705,180856392.91464594,1602410756.58623,204286272.806391,1806697029.392621,1987553422.307267,64109672839.911835,3.0070148699164756,0.9699298513008352
Burkina Faso,BFA,2008,9451435490.11467,9414697518.37982,30003116.624276515,45624158.7349664,261523983.591305,307148142.3262714,337151258.95054793,9114284231.164122,3.567196319576823,0.9643280368042317
Burkina Faso,BFA,2009,9450696873.34326,9333203850.05682,96546571.70422071,47778235.7101581,257191237.277968,304969472.9881261,401516044.6923468,9049180828.650913,4.248533733262223,0.9575146626673777
Burkina Faso,BFA,2010,10109619740.6994,9807542782.09475,312878318.66237766,65444174.4504206,259544636.955072,324988811.4054926,637867130.0678703,9471752610.631529,6.309506652361412,0.9369049334763859
Burkina Faso,BFA,2011,12080295977.5632,11592644774.9473,650268864.4056104,73377833.3194131,298502964.627021,371880797.94643414,1022149662.3520446,11058146315.211155,8.461296513351074,0.9153870348664893
Burkina Faso,BFA,2012,12561015156.5683,12243495087.5098,491559341.51119214,91345944.4862312,310024594.33607,401370538.8223012,892929880.3334934,11668085276.234806,7.10873977304749,0.9289126022695251
Burkina Faso,BFA,2013,13444300485.8412,13080707616.4124,373203279.7645366,101178462.035559,327589007.270982,428767469.306541,801970749.0710776,12642329736.770123,5.965135559977025,0.9403486444002298
Burkina Faso,BFA,2014,13943016076.7436,13337500892.7969,297552122.4985964,107073009.370769,346217684.600872,453290693.97164094,750842816.4702373,13192173260.273363,5.385081766653155,0.9461491823334685
Burkina Faso,BFA,2015,11832159315.6298,11293125664.7767,221154844.78537506,128659431.786431,303727255.558149,432386687.34458,653541532.129955,11178617783.499846,5.5234341821839195,0.9447656581781608
Burkina Faso,BFA,2016,12833363045.3367,12261728232.1903,358424654.0031726,132872752.561301,330424993.270539,463297745.83184,821722399.8350126,12011640645.501688,6.403016862626701,0.935969831373733
Burkina Faso,BFA,2017,14106955615.3442,13577334630.1408,444398271.1901095,159770985.631147,355999236.566554,515770222.197701,960168493.3878105,13146787121.95639,6.80634801419117,0.9319365198580883
Burkina Faso,BFA,2018,15890066221.2882,15387936815.3249,461849731.40422034,182964745.14254,389689871.581811,572654616.724351,1034504348.1285714,14855561873.15963,6.510384121260785,0.9348961587873922
Burundi,BDI,2008,1611835857.04588,1607531530.94505,530625608.43168956,4830793.33427833,46056986.9848647,50887780.31914303,581513388.7508326,1030322468.2950475,36.0777051961489,0.6392229480385111
Burundi,BDI,2009,1775495032.424,1758515635.796,537164080.070516,4971146.05476758,45900882.3118017,50872028.36656928,588036108.4370853,1187458923.9869146,33.11955807807963,0.6688044192192037
Burundi,BDI,2010,2032135192.01248,2021267251.23096,483646402.8193829,8573473.11892295,47223435.1105781,55796908.229501046,539443311.0488839,1492691880.963596,26.54564091843999,0.7345435908156002
Burundi,BDI,2011,2235812879.56709,2218323650.81024,556491341.6559547,10738219.77034,49657160.1414615,60395379.9118015,616886721.5677562,1618926157.9993339,27.591160566496114,0.7240883943350389
Burundi,BDI,2012,2327402362.81574,2320896738.27095,405731804.85661936,11495918.1080528,50254838.6704893,61750756.778542094,467482561.63516146,1859919801.1805787,20.08602247312283,0.7991397752687717
Burundi,BDI,2013,2451624637.67157,2453409163.65623,433404769.82564354,12606900.0970458,51122399.1724962,63729299.269542,497134069.0951855,1954490568.5763843,20.277739971129453,0.7972226002887055
Burundi,BDI,2014,2705826648.21019,2698365544.26056,470508531.1040176,12794887.4830747,54253918.4501583,67048805.933233,537557337.0372506,2168269311.1729393,19.86665839782552,0.8013334160217448
Burundi,BDI,2015,2810532912.49975,2810889258.70119,435639632.56759346,13909127.7887036,63532274.2614356,77441402.0501392,513081034.61773264,2297451877.8820176,18.255649394313156,0.8174435060568684
Burundi,BDI,2016,2618093125.14687,2616822069.15909,498901915.9189679,15801083.7991148,53026561.7157195,68827645.5148343,567729561.4338022,2050363563.713068,21.684849785545865,0.7831515021445413
Burundi,BDI,2017,2831362208.34039,2832836333.37071,522227648.8896193,19831058.1245131,53979687.0042463,73810745.1287594,596038394.0183787,2235323814.3220115,21.051294400363847,0.7894870559963615
Burundi,BDI,2018,2913411408.44783,2919066737.05781,391252537.9914189,27033334.4003535,53435981.88464,80469316.2849935,471721854.27641237,2441689554.1714177,16.191391744694595,0.8380860825530541
Cabo Verde,CPV,2008,1959620648.31578,1912560007.82839,34758078.34284663,12882114.7582486,9687497.97690736,22569612.73515596,57327691.07800259,1902292957.2377772,2.9254484089700568,0.9707455159102995
Cabo Verde,CPV,2009,1852334575.17521,1809327570.45137,18184501.352563392,14084912.9987766,9053203.65004673,23138116.64882333,41322618.00138672,1811011957.1738234,2.2308398577226787,0.9776916014227732
Cabo Verde,CPV,2010,1824751467.92957,1751605293.64241,23498182.52562037,15432251.6140613,8713540.13384203,24145791.747903332,47643974.2735237,1777107493.6560462,2.6109842962659684,0.9738901570373403
Cabo Verde,CPV,2011,2046817987.20109,1973681911.12362,30633504.81169792,17002180.4140832,9439776.94881439,26441957.36289759,57075462.174595505,1989742525.0264945,2.7884971957200317,0.9721150280427997
Cabo Verde,CPV,2012,1913081210.41411,1838501321.50582,21264427.63940317,16467124.837421,9214301.44033697,25681426.277757972,46945853.917161144,1866135356.4969487,2.4539394178148464,0.9754606058218516
Cabo Verde,CPV,2013,2028910915.16446,1964307698.69692,17120834.1860544,16485946.5771742,9892414.40685315,26378360.98402735,43499195.17008175,1985411719.994378,2.1439677240119677,0.9785603227598804
Cabo Verde,CPV,2014,2041930125.42979,1949294165.67812,15288350.074847348,16835378.4784597,10103662.4490202,26939040.9274799,42227391.00232725,1999702734.4274628,2.0680135170364404,0.9793198648296356
Cabo Verde,CPV,2015,1749857620.35329,1690799359.91593,13408230.565539991,17386409.4768018,8585319.90206648,25971729.37886828,39379959.944408275,1710477660.408882,2.2504665228967315,0.9774953347710327
Cabo Verde,CPV,2016,1849789985.99572,1790348386.97019,14597669.26558592,19751355.2840174,8220664.03473814,27972019.318755537,42569688.58434146,1807220297.4113784,2.301325496765881,0.9769867450323412
Cabo Verde,CPV,2017,1996741539.95088,1935686290.47563,15906415.8062856,22076083.7829705,7993449.60191432,30069533.38488482,45975949.19117042,1950765590.7597096,2.3025488412637256,0.9769745115873627
Cabo Verde,CPV,2018,2205099506.99994,2158337751.94504,14816537.214573614,23899035.4027686,8444100.70530949,32343136.108078092,47159673.32265171,2157939833.677288,2.1386641815005016,0.978613358184995
Cambodia,KHM,2008,12174303999.0812,11748590864.4811,0.0,108961221.563325,77316703.8527496,186277925.4160746,186277925.4160746,11988026073.665125,1.5300909639691374,0.9846990903603087
Cambodia,KHM,2009,12502901169.7377,12052226423.3655,0.0,131183015.676956,73697826.5930794,204880842.2700354,204880842.2700354,12298020327.467665,1.6386664142073917,0.9836133358579261
Cambodia,KHM,2010,13808673288.0696,13409374659.0725,0.0,146892163.118303,77281292.3591191,224173455.47742212,224173455.47742212,13584499832.592176,1.623425008332291,0.9837657499166771
Cambodia,KHM,2011,16032622023.8265,15499707260.5889,0.0,159880158.654515,84806587.5085207,244686746.1630357,244686746.1630357,15787935277.663464,1.5261804700404022,0.9847381952995959
Cambodia,KHM,2012,17826536699.8016,17147398897.5205,0.0,176167177.593778,87619969.5837612,263787147.17753923,263787147.17753923,17562749552.62406,1.4797442241289391,0.9852025577587106
Cambodia,KHM,2013,19807135252.8649,18982047189.3476,0.0,185547708.527779,88020566.3204318,273568274.8482108,273568274.8482108,19533566978.01669,1.3811602301682702,0.9861883976983173
Cambodia,KHM,2014,22041463967.9009,21110279792.6935,0.0,234011754.428403,97734032.5361067,331745786.9645097,331745786.9645097,21709718180.936394,1.505098696926988,0.9849490130307301
Cambodia,KHM,2015,24174170369.0738,23177973370.8807,0.0,293134874.3907,102722894.986871,395857769.377571,395857769.377571,23778312599.696228,1.6375237012642012,0.983624762987358
Cambodia,KHM,2016,26556545153.3573,25507606313.3599,0.0,397540894.958872,118817647.09571,516358542.054582,516358542.054582,26040186611.30272,1.9443739352116074,0.9805562606478839
Cambodia,KHM,2017,29355665909.7905,28215504535.8238,24389.916005338193,474822892.195133,123188234.340367,598011126.5354999,598035516.4515053,28757630393.338997,2.0372064401102583,0.9796279355988974
Cambodia,KHM,2018,33145892168.8958,31820166406.6222,45254.12488832068,571226108.487804,131388474.194905,702614582.6827091,702659836.8075974,32443232332.088203,2.119900207323356,0.9788009979267664
Cameroon,CMR,2008,27715142032.913,27300877526.1525,2583042842.8109775,171493152.969131,473590028.475388,645083181.444519,3228126024.2554965,24487016008.6575,11.647517521006927,0.8835248247899308
Cameroon,CMR,2009,27932970317.129,27818823528.3911,1522150021.2312338,194150868.996272,476943755.176868,671094624.17314,2193244645.404374,25739725671.72463,7.851813181713211,0.9214818681828679
Cameroon,CMR,2010,27507501821.0296,27243249538.9366,1734306874.300374,200333487.126003,470881918.823487,671215405.94949,2405522280.249864,25101979540.779736,8.744968175957117,0.9125503182404289
Cameroon,CMR,2011,30630910495.217,30327885739.0239,2254241942.149025,203131314.210425,527028472.256391,730159786.466816,2984401728.615841,27646508766.60116,9.743104858348412,0.9025689514165158
Cameroon,CMR,2012,30155062329.2821,29710253435.3417,2285734700.1062245,213761937.512731,516556096.775746,730318034.288477,3016052734.3947015,27139009594.887398,10.001812304217864,0.8999818769578214
Cameroon,CMR,2013,33728621180.3231,33113313969.6417,2275564645.294297,244056670.842384,570804279.709971,814860950.5523549,3090425595.846652,30638195584.476448,9.16262061032478,0.9083737938967522
Cameroon,CMR,2014,36386544706.0806,35703010549.7371,2338440546.1114473,277783744.894585,599952175.408443,877735920.303028,3216176466.4144754,33170368239.666122,8.838916946892777,0.9116108305310723
Cameroon,CMR,2015,32210233020.4569,31773333681.5673,1728628396.9027157,294178049.673964,502245274.454716,796423324.12868,2525051721.031396,29685181299.425507,7.839284240594349,0.9216071575940565
Cameroon,CMR,2016,33814337044.3765,33256524239.9872,1740431711.2966595,326076910.154234,514539523.110216,840616433.2644501,2581048144.5611095,31233288899.81539,7.632999402513348,0.9236700059748665
Cameroon,CMR,2017,36098547033.1655,35436388520.4124,2073423436.3696117,343114744.021447,528327970.815274,871442714.836721,2944866151.2063327,33153680881.959164,8.157852304971557,0.9184214769502844
Cameroon,CMR,2018,39955552189.795,39216305348.0458,2201109728.900578,375724176.695863,566607314.686962,942331491.382825,3143441220.283403,36812110969.5116,7.867345207373368,0.9213265479262663
Canada,CAN,2008,1552989690721.65,1530173383317.71,33324405367.351116,14773369775.1426,653432543.633726,15426802318.776325,48751207686.12744,1504238483035.5225,3.139184244260728,0.9686081575573927
Canada,CAN,2009,1374625142157.29,1350956171813.49,6930097336.022549,14397543303.8997,579891336.300902,14977434640.200602,21907531976.223152,1352717610181.067,1.5937095361024902,0.9840629046389751
Canada,CAN,2010,1617343367486.26,1585379875651.19,8863139559.904106,15346802334.5667,638580664.89717,15985382999.46387,24848522559.367973,1592494844926.892,1.5363789198324962,0.9846362108016751
Canada,CAN,2011,1793326630174.52,1759453773319.65,12884717162.19483,16384434075.8935,661908198.249144,17046342274.142643,29931059436.33747,1763395570738.1826,1.669024422696752,0.9833097557730325
Canada,CAN,2012,1828366481521.6,1795919869603.49,8099517159.863911,16970771895.8714,651701749.483983,17622473645.355385,25721990805.219296,1802644490716.3809,1.4068290501482463,0.9859317094985175
Canada,CAN,2013,1846597421834.98,1818471075757.13,8137995761.949301,17961923144.3785,642321026.924115,18604244171.302616,26742239933.251915,1819855181901.728,1.4481900395310827,0.9855180996046892
Canada,CAN,2014,1805749878439.94,1776572160702.32,9667530950.256376,18912190520.9505,605584740.101511,19517775261.05201,29185306211.308388,1776564572228.6316,1.6162430112703488,0.9838375698872965
Canada,CAN,2015,1556508816217.14,1532663548013.94,2311601712.9410286,19427574373.8512,520036825.723992,19947611199.57519,22259212912.51622,1534249603304.6238,1.4300730378523505,0.9856992696214765
Canada,CAN,2016,1527994741907.43,1509327936731.45,3700892777.693652,19996631385.3973,522013081.778655,20518644467.175957,24219537244.86961,1503775204662.5603,1.585053703433288,0.9841494629656671
Canada,CAN,2017,1649265644244.09,1628291572163.23,5807610594.653349,21255902729.0931,554903958.813891,21810806687.906994,27618417282.56034,1621647226961.5298,1.6745887710053333,0.9832541122899466
Canada,CAN,2018,1725329192783.02,1695996608536.1,8606357200.597475,22727199612.2896,569216205.229731,23296415817.519333,31902773018.116806,1693426419764.9033,1.8490832446100527,0.9815091675538995
Central African Republic,CAF,2008,1993407888.49838,1970432708.54767,238024.43379197575,4562415.79351393,25081636.5549472,29644052.348461132,29882076.78225311,1963525811.716127,1.499044774261578,0.9850095522573842
Central African Republic,CAF,2009,2067381665.25454,2061529813.69676,411623.0204052668,4694971.13676967,23204807.9958227,27899779.132592373,28311402.15299764,2039070263.1015422,1.369432777160282,0.9863056722283972
Central African Republic,CAF,2010,2142591540.40068,2152234866.4585,545537.5359206056,4858301.29210666,22289218.6840933,27147519.976199962,27693057.512120567,2114898482.8885596,1.2925028868050923,0.9870749711319491
Central African Republic,CAF,2011,2437982705.12093,2447711016.35,831634.1085796896,5667393.47136105,25116319.1861786,30783712.65753965,31615346.76611934,2406367358.3548107,1.2967830616563492,0.9870321693834365
Central African Republic,CAF,2012,2510126512.22831,2521348066.78279,812583.395048861,6214009.80064961,25128141.7755067,31342151.57615631,32154734.97120517,2477971777.257105,1.281000571666827,0.9871899942833318
Central African Republic,CAF,2013,1691544110.18543,1706709068.88562,597388.0598735944,3879046.23928553,24986319.6368921,28865365.876177628,29462753.936051223,1662081356.249379,1.7417668128572403,0.9825823318714276
Central African Republic,CAF,2014,1894813389.40325,1914516900.43771,487943.0774356575,4377198.24384483,26154525.8638545,30531724.10769933,31019667.18513499,1863793722.218115,1.6370829633468118,0.9836291703665319
Central African Republic,CAF,2015,1695825714.19282,1716880216.06095,368025.1727809062,6606835.51827981,21846758.4962598,28453594.01453961,28821619.187320516,1667004095.0054996,1.6995625756883275,0.9830043742431167
Central African Republic,CAF,2016,1825018144.65595,1847781766.462,473101.4134846805,7541426.16407793,21013993.7203638,28555419.88444173,29028521.29792641,1795989623.3580236,1.5905880926679141,0.9840941190733209
Central African Republic,CAF,2017,2072349972.6818,2177935587.59112,754076.2079313893,8231760.37597165,21050462.6183216,29282222.99429325,30036299.20222464,2042313673.4795752,1.449383530685947,0.9855061646931406
Central African Republic,CAF,2018,2220979146.11241,2386745438.20748,987167.0234664128,9011111.66138743,22282350.280056,31293461.94144343,32280628.96490984,2188698517.1475,1.4534413356115419,0.9854655866438846
Chad,TCD,2008,13385593990.3378,11716760063.0333,2871628381.3844013,14492380.002835,372909138.767589,387401518.77042395,3259029900.154825,10126564090.182974,24.347293833260668,0.7565270616673934
Chad,TCD,2009,12317614053.6841,11930621612.1589,1531695508.9956079,21817807.4104583,327808108.036877,349625915.4473353,1881321424.442943,10436292629.241156,15.27342402711713,0.8472657597288287
Chad,TCD,2010,14058506663.7252,13702803266.3402,2113485413.8977208,35437021.0892841,340892079.671594,376329100.76087815,2489814514.658599,11568692149.0666,17.71037688578264,0.8228962311421736
Chad,TCD,2011,16685349673.9957,16369168380.7689,2839731798.4584727,32811226.4834022,405392097.768976,438203324.25237817,3277935122.7108507,13407414551.284851,19.645588415923626,0.8035441158407638
Chad,TCD,2012,17892228569.8861,17592555470.9302,2621596885.656924,57790290.7293594,401653124.231626,459443414.96098536,3081040300.617909,14811188269.268192,17.21999184497072,0.8278000815502927
Chad,TCD,2013,17865316886.3315,17274103640.1356,2099578396.7540748,70792597.2989722,427960415.359209,498753012.6581812,2598331409.4122562,15266985476.919245,14.5439984409132,0.854560015590868
Chad,TCD,2014,18144336903.7175,17540170885.5644,1738744318.8679912,76095910.4015286,449474866.313617,525570776.7151456,2264315095.5831366,15880021808.134361,12.479459059863542,0.8752054094013646
Chad,TCD,2015,14559599499.5011,14227684551.4988,1293664916.2493575,83107040.9469263,357189329.222126,440296370.1690523,1733961286.4184098,12825638213.082691,11.909402360125533,0.8809059763987447
Chad,TCD,2016,13026289835.7789,12840209081.2116,1275279783.2409093,79364536.3364249,358201997.358586,437566533.6950109,1712846316.9359202,11313443518.84298,13.149149439553383,0.8685085056044661
Chad,TCD,2017,13349041408.7152,13218155132.0983,1500767322.8560445,80446753.133095,358408590.133357,438855343.26645195,1939622666.1224966,11409418742.592705,14.530052059439807,0.854699479405602
Chad,TCD,2018,15327000248.8701,15162850867.9769,2001308097.1364632,85801455.2002907,385475075.584288,471276530.7845787,2472584627.921042,12854415620.949059,16.13221496556914,0.8386778503443086
Chile,CHL,2008,179894594475.405,165740284466.596,13769252129.8396,1824697863.48133,218882046.909026,2043579910.3903558,15812832040.229956,164081762435.17505,8.790054023769938,0.9120994597623007
Chile,CHL,2009,171777900623.892,160012171545.053,8493340448.056253,1807563784.36167,221341130.087913,2028904914.449583,10522245362.505836,161255655261.38617,6.125494213335569,0.9387450578666443
Chile,CHL,2010,217051209238.534,202995610893.163,13103217390.80966,1993332420.94167,276516596.81013,2269849017.7518,15373066408.56146,201678142829.97253,7.082690975320408,0.929173090246796
Chile,CHL,2011,251382573893.87,229490673696.733,14949134772.321337,2280976795.32346,322554152.157,2603530947.48046,17552665719.801796,233829908174.0682,6.98245126856417,0.9301754873143583
Chile,CHL,2012,267024782486.855,252400856606.98,11853356298.50148,2436202619.82435,343128780.091155,2779331399.915505,14632687698.416985,252392094788.43802,5.479898742783294,0.945201012572167
Chile,CHL,2013,277395018842.417,265043915860.422,10122100233.552866,2683007042.14237,360130924.040576,3043137966.182946,13165238199.735813,264229780642.68118,4.746025453043459,0.9525397454695654
Chile,CHL,2014,259560978224.359,248044111578.886,8444168921.598657,2577833070.41775,343272653.410078,2921105723.827828,11365274645.426485,248195703578.93253,4.378653032969609,0.9562134696703039
Chile,CHL,2015,242450355830.884,236499159254.963,4225624627.403136,2859369019.28487,321948626.494424,3181317645.779294,7406942273.18243,235043413557.70157,3.0550346060737423,0.9694496539392625
Chile,CHL,2016,249344863928.438,242408025804.958,3466045809.792523,3105990253.2635,320077337.259704,3426067590.5232043,6892113400.315727,242452750528.12225,2.76408877717801,0.9723591122282199
Chile,CHL,2017,276154259981.097,265419010571.201,6998790633.935677,3257906260.48839,346422846.772281,3604329107.260671,10603119741.196348,265551140239.90063,3.839564068981642,0.9616043593101836
Chile,CHL,2018,295857562991.709,283731132099.308,8912861484.405767,3393271184.0647,360275809.177839,3753546993.242539,12666408477.648306,283191154514.06067,4.281252217981419,0.9571874778201858
China,CHN,2008,4667346414521.95,4695911654845.43,267212139083.3161,193220993217.796,23510321113.7887,216731314331.5847,483943453414.90076,4183402961107.0493,10.368706550453648,0.8963129344954636
China,CHN,2009,5189577094997.58,5181045920787.14,118885877587.14934,213181233213.053,25871041701.2135,239052274914.2665,357938152501.41583,4831638942496.164,6.897250892494601,0.931027491075054
China,CHN,2010,6192564874453.29,6166492055190.13,240140631841.94058,242198317493.303,30068183097.5428,272266500590.84583,512407132432.7864,5680157742020.504,8.274554127751854,0.9172544587224815
China,CHN,2011,7671757207851.29,7601379935590.42,372604504675.8461,276883488530.587,37019153411.4461,313902641942.0331,686507146617.8792,6985250061233.411,8.948499385711871,0.9105150061428813
China,CHN,2012,8673664713189.24,8653847951304.22,213716187348.5746,296466367705.951,41891682257.6388,338358049963.5898,552074237312.1643,8121590475877.076,6.3649478688365235,0.9363505213116348
China,CHN,2013,9743124247267.24,9665296804684.75,177921483099.605,322755089894.014,47017879515.3299,369772969409.3439,547694452508.94885,9195429794758.291,5.621343201720609,0.9437865679827939
China,CHN,2014,10674533168257.4,10687833547166.0,151110938003.75464,336932150887.569,51469130144.616,388401281032.18494,539512219035.9396,10135020949221.46,5.054199659431232,0.9494580034056876
China,CHN,2015,11280814787468.9,11228032678981.8,79218901971.07649,342898231400.248,55106162510.364,398004393910.612,477223295881.6885,10803591491587.21,4.230397403668082,0.9576960259633192
China,CHN,2016,11456024084962.0,11400323697361.9,68708451466.94892,354614394232.166,56062099911.3174,410676494143.4834,479384945610.4323,10976639139351.568,4.184566495802909,0.9581543350419709
China,CHN,2017,12537559062282.9,12521428872625.2,90463216454.2732,377763334520.108,60267636913.9911,438030971434.09906,528494187888.37225,12009064874394.527,4.215287722777373,0.9578471227722263
China,CHN,2018,14147765772963.8,14086737564950.9,117532034677.1519,411491610734.29,66751858020.2767,478243468754.56665,595775503431.7185,13551990269532.082,4.211092500345448,0.9578890749965455
Colombia,COL,2008,242504150472.931,234129163989.797,15707210822.453688,1604360045.28287,559743512.085863,2164103557.368733,17871314379.822422,224632836093.10858,7.369488045862235,0.9263051195413776
Colombia,COL,2009,232468663109.595,225561446056.234,8946658220.350142,1712559701.46141,571028522.176661,2283588223.638071,11230246443.988213,221238416665.60678,4.830864639460604,0.9516913536053939
Colombia,COL,2010,286498534094.963,276539068640.164,14779618409.31015,1816433138.53015,668163664.819321,2484596803.349471,17264215212.659622,269234318882.3034,6.025934920468807,0.9397406507953119
Colombia,COL,2011,334966134804.887,320761717459.121,26261484787.32747,2061141500.72335,696017452.289764,2757158953.013114,29018643740.340584,305947491064.54645,8.663157473290104,0.9133684252670989
Colombia,COL,2012,370691143018.039,356514927997.962,25030396772.839054,2165582288.43844,718370419.817958,2883952708.2563977,27914349481.09545,342776793536.94354,7.530352425964776,0.9246964757403522
Colombia,COL,2013,382093697077.685,368881076786.015,23227729660.910267,2484529191.52579,676001304.955921,3160530496.4817114,26388260157.39198,355705436920.293,6.9062275455506565,0.9309377245444934
Colombia,COL,2014,381240864422.407,370407849663.061,20368784735.47833,2666723848.23302,633852152.215496,3300576000.448516,23669360735.926846,357571503686.48016,6.208505683614666,0.9379149431638534
Colombia,COL,2015,293492370193.166,289667485036.838,8407350291.396473,2789823381.37766,484450687.585544,3274274068.963204,11681624360.359676,281810745832.80634,3.980213983985771,0.9601978601601423
Colombia,COL,2016,282720100286.228,279593356364.69,6346347333.647141,2969167319.1181,463186933.551184,3432354252.6692843,9778701586.316425,272941398699.9116,3.458792486426117,0.9654120751357388
Colombia,COL,2017,311866875156.879,306527532488.183,8773307324.064388,2805907710.70036,513749940.12067,3319657650.8210297,12092964974.885418,299773910181.9936,3.8776048173767377,0.9612239518262327
Colombia,COL,2018,334198218098.276,325924723780.778,13227343115.800028,3079057476.6171,538708234.243774,3617765710.8608737,16845108826.660902,317353109271.6151,5.040454411312071,0.9495954558868793
Comoros,COM,2008,915659107.965823,913871833.393044,15719050.823228788,2952151.3487545,21160663.574534,24112814.923288498,39831865.746517286,875827242.2193058,4.350075852464958,0.9564992414753505
Comoros,COM,2009,905341172.70583,904095426.46153,15835495.943620486,3866446.7943084,18668490.6393298,22534937.4336382,38370433.37725869,866970739.3285713,4.2382291377050025,0.9576177086229499
Comoros,COM,2010,907978730.887844,907127366.66413,14468118.059046462,4858301.29210666,16940834.2433929,21799135.535499558,36267253.59454602,871711477.293298,3.9942844871578598,0.9600571551284214
Comoros,COM,2011,1023086273.53336,1022301422.43754,16712545.8734004,4474258.23764167,17998191.5666551,22472449.80429677,39184995.67769717,983901277.8556628,3.830077354314095,0.961699226456859
Comoros,COM,2012,1015843490.82374,1014150823.30033,19469014.99890589,4971207.65532776,16801561.5541102,21772769.20943796,41241784.20834385,974601706.6153961,4.059856127532126,0.9594014387246788
Comoros,COM,2013,1116224106.83728,1116442467.26537,20550411.494690433,6141823.27241281,17141782.7029395,23283605.97535231,43834017.47004274,1072390089.3672373,3.92699075405587,0.9607300924594413
Comoros,COM,2014,1149587661.00693,1154095453.26526,22726851.24997003,5724028.74288429,18310370.8022328,24034399.545117088,46761250.795087114,1102826410.211843,4.067654201692515,0.9593234579830748
Comoros,COM,2015,966029600.862227,971041229.263184,23820012.720718704,6606835.51827981,14815486.9693017,21422322.48758151,45242335.20830022,920787265.6539267,4.683328043770016,0.9531667195622998
Comoros,COM,2016,1012835493.19325,1018354713.48476,25389319.642645,7900541.89955739,14457316.9664299,22357858.86598729,47747178.50863229,965088314.6846176,4.714208657725435,0.9528579134227456
Comoros,COM,2017,1077439756.59451,1082473390.9003,25469093.20665852,10476786.034429,14298411.0112995,24775197.0457285,50244290.25238702,1027195466.342123,4.663303905843923,0.9533669609415608
Comoros,COM,2018,1178530633.24599,1184810646.87989,18290958.465945113,11753624.1599874,14472975.0661171,26226599.226104498,44517557.69204961,1134013075.5539405,3.777378070304052,0.9622262192969595
"Congo, Dem. Rep.",COD,2008,22723488723.3641,21393612243.953,5691029917.264844,68436234.9031415,362411789.584378,430848024.4875195,6121877941.752363,16601610781.611738,26.94074847520178,0.7305925152479822
"Congo, Dem. Rep.",COD,2009,18607259480.5447,17821463373.3905,4770127806.892632,69043692.4615556,340320874.904365,409364567.3659206,5179492374.258553,13427767106.286148,27.83586900410619,0.7216413099589382
"Congo, Dem. Rep.",COD,2010,24161641931.0331,23250861322.7821,5325173233.580675,75732345.59992,374371332.852593,450103678.452513,5775276912.033188,18386365018.999912,23.90266741191727,0.7609733258808273
"Congo, Dem. Rep.",COD,2011,26392379641.765,25095935074.644,6344544264.759373,90081728.3693948,424901981.249327,514983709.6187218,6859527974.378095,19532851667.386906,25.990562683188806,0.7400943731681119
"Congo, Dem. Rep.",COD,2012,30029369928.7318,28433186069.8075,7081521765.538927,87928234.9985025,458483861.157514,546412096.1560165,7627933861.694943,22401436067.036858,25.401578121013497,0.7459842187898651
"Congo, Dem. Rep.",COD,2013,34891189160.3002,32080070973.0967,8059838131.974404,128008529.990752,480140490.277322,608149020.268074,8667987152.242477,26223202008.057724,24.842911235897525,0.7515708876410248
"Congo, Dem. Rep.",COD,2014,38352980552.8665,35313009429.1755,8599481738.706526,173067686.263035,489314200.749233,662381887.0122681,9261863625.718794,29091116927.147705,24.14900613252746,0.7585099386747254
"Congo, Dem. Rep.",COD,2015,40179574490.3032,37388645855.5562,7713030166.052152,112316205.883379,487608714.832259,599924920.715638,8312955086.76779,31866619403.535408,20.68950503389231,0.7931049496610769
"Congo, Dem. Rep.",COD,2016,38600224214.4728,37810789567.8048,7619304632.400364,86905964.1058747,465504042.792161,552410006.8980356,8171714639.2984,30428509575.1744,21.170122209379528,0.7882987779062047
"Congo, Dem. Rep.",COD,2017,37537521565.5308,36463914981.0001,6991155851.029631,106638710.970912,454605879.15874,561244590.129652,7552400441.159283,29985121124.371517,20.119603336024053,0.7988039666397595
"Congo, Dem. Rep.",COD,2018,46659954092.4862,44956123438.0813,7557172851.721811,122237681.922928,544685919.98684,666923601.909768,8224096453.631579,38435857638.85462,17.625599110814232,0.8237440088918577
"Congo, Rep.",COG,2008,11649857673.4436,10214799509.4018,4264948232.725701,117012548.586084,155269757.518827,272282306.10491097,4537230538.830612,7112627134.6129875,38.94666068902664,0.6105333931097335
"Congo, Rep.",COG,2009,9723299915.25312,8961396851.17391,2501468673.6729283,133668592.819664,116591498.288468,250260091.108132,2751728764.78106,6971571150.47206,28.300358816088476,0.7169964118391152
"Congo, Rep.",COG,2010,13148396211.5955,12221536231.1538,4285994698.068005,154894077.040617,143435897.018545,298329974.059162,4584324672.127167,8564071539.468334,34.866036878963804,0.651339631210362
"Congo, Rep.",COG,2011,15655383576.6515,14089660178.6591,5893356330.005863,160476725.826898,167008721.144849,327485446.97174704,6220841776.977611,9434541799.67389,39.73611854681989,0.6026388145318011
"Congo, Rep.",COG,2012,17692911296.3044,16736472283.2997,5199333864.67838,163428462.433181,176426309.395602,339854771.828783,5539188636.507163,12153722659.797237,31.307389404389085,0.6869261059561091
"Congo, Rep.",COG,2013,17958720699.0868,17547363836.017,3632920299.6614695,172294305.179779,183935355.502542,356229660.68232095,3989149960.3437905,13969570738.74301,22.21288491082017,0.7778711508917983
"Congo, Rep.",COG,2014,17919321078.0284,18182185023.7646,3030185203.525199,174751230.533068,174308908.561976,349060139.095044,3379245342.620243,14540075735.408157,18.858110348631854,0.8114188965136815
"Congo, Rep.",COG,2015,12434793867.3568,12368954507.0538,1236580234.3831124,196814149.971485,118372023.656864,315186173.628349,1551766408.0114615,10883027459.345339,12.479229045244416,0.8752077095475559
"Congo, Rep.",COG,2016,10931328150.8478,10540521863.9381,1191485706.0413544,197513548.559183,109456917.520754,306970466.079937,1498456172.1212914,9432871978.726507,13.707905859591971,0.8629209414040803
"Congo, Rep.",COG,2017,11834473039.3645,10275915423.3547,2296465789.15823,202426466.45114,116482170.181773,318908636.632913,2615374425.791143,9219098613.573357,22.099627225409492,0.7790037277459051
"Congo, Rep.",COG,2018,14773900288.5135,13950568006.1425,4253589171.9964647,254270050.25664,141246057.319018,395516107.57565796,4649105279.572123,10124795008.941378,31.468367789017343,0.6853163221098266
Costa Rica,CRI,2008,30801745700.4514,30207531080.1957,43304941.9424271,201819801.878363,32711617.7016365,234531419.5799995,277836361.5224266,30523909338.928974,0.9020149839051327,0.9909798501609487
Costa Rica,CRI,2009,30745714312.6417,29731667352.2936,12098866.431648748,198845829.021664,31119026.1694773,229964855.1911413,242063721.62279007,30503650591.01891,0.7873088234715759,0.9921269117652842
Costa Rica,CRI,2010,37658616951.8038,36449994661.7674,4784284.786824455,203191308.659984,43219697.4454353,246411006.10541928,251195290.89224374,37407421660.91156,0.6670327038662276,0.9933296729613377
Costa Rica,CRI,2011,42762613698.9636,41322445055.4384,10835904.049134312,221624910.777553,45070008.456399,266694919.233952,277530823.2830863,42485082875.68051,0.6490034150784729,0.9935099658492152
Costa Rica,CRI,2012,47231655431.7355,45751076217.79,34893418.7681177,231471855.698857,53602006.7199424,285073862.4187994,319967281.1869171,46911688150.54858,0.6774424446108455,0.9932255755538916
Costa Rica,CRI,2013,50949668841.6696,49093855693.3009,26339510.754186727,251491510.250421,57258264.2839674,308749774.53438836,335089285.2885751,50614579556.38103,0.6576868759047139,0.9934231312409528
Costa Rica,CRI,2014,52016408854.2658,49869412874.2879,23824181.58757394,263642024.403804,56851729.0762142,320493753.4800182,344317935.06759214,51672090919.19821,0.66194099641185,0.9933805900358815
Costa Rica,CRI,2015,56441920820.5194,54026905533.813,10206992.68570489,262187053.583693,62276394.6567418,324463448.24043477,334670440.92613965,56107250379.59326,0.5929465830731805,0.9940705341692682
Costa Rica,CRI,2016,58847019609.6549,56365195550.6641,8753917.547983905,290165355.870747,61502613.190458,351667969.061205,360421886.6091889,58486597723.04571,0.6124726264812539,0.9938752737351875
Costa Rica,CRI,2017,60516044656.5206,57350348728.6963,3818361.2568881805,309065195.263913,63863819.2237938,372929014.4877068,376747375.74459493,60139297280.776,0.6225578321963312,0.9937744216780366
Costa Rica,CRI,2018,62420164991.5374,59042419844.0265,4544475.453336897,327926096.549385,68782116.672162,396708213.221547,401252688.6748839,62018912302.86252,0.6428254214471889,0.9935717457855281
Cote d'Ivoire,CIV,2008,34078240293.2559,23421489631.6568,993562564.4037513,173640170.095938,767483796.953035,941123967.048973,1934686531.4527242,32143553761.803177,5.677190238709596,0.943228097612904
Cote d'Ivoire,CIV,2009,33886813250.2036,23436744023.9537,532467572.3107816,166533392.011649,722894772.223134,889428164.234783,1421895736.5455647,32464917513.658035,4.1960149101273885,0.9580398508987261
Cote d'Ivoire,CIV,2010,34936307980.063,23995591357.5247,405056353.8908641,181471837.747392,688711716.21817,870183553.9655621,1275239907.8564262,33661068072.206577,3.6501850985060114,0.9634981490149399
Cote d'Ivoire,CIV,2011,36693710801.3976,24425274888.759,753332664.8340361,182549725.428318,731684056.539124,914233781.967442,1667566446.8014781,35026144354.59612,4.5445565749048225,0.9545544342509518
Cote d'Ivoire,CIV,2012,36302302877.2977,25926659727.4129,532066879.1215759,249803189.078529,668107718.361354,917910907.439883,1449977786.5614588,34852325090.73624,3.9941757729872065,0.9600582422701279
Cote d'Ivoire,CIV,2013,42760235484.6093,29861782822.0902,456283300.98575324,280907591.20943,721202983.705971,1002110574.915401,1458393875.9011543,41301841608.708145,3.4106310673290694,0.9658936893267093
Cote d'Ivoire,CIV,2014,48843005613.7091,47933652024.9735,361721406.3456092,309770957.581471,754564710.723651,1064335668.3051221,1426057074.6507313,47416948539.058365,2.9196751033897734,0.9708032489661023
Cote d'Ivoire,CIV,2015,45815005169.2651,44807751702.5044,262470911.43138775,341121368.526107,656351925.193845,997473293.7199521,1259944205.1513398,44555060964.11376,2.7500688922688754,0.9724993110773112
Cote d'Ivoire,CIV,2016,48407761036.8238,47331529982.55,337560634.1094041,344391811.058316,629566303.629506,973958114.687822,1311518748.797226,47096242288.02657,2.709315036899875,0.9729068496310013
Cote d'Ivoire,CIV,2017,52512343996.69,50973205770.8793,447073663.80949104,395124515.8885,609804817.762581,1004929333.651081,1452002997.460572,51060340999.22943,2.7650698615778704,0.9723493013842213
Cote d'Ivoire,CIV,2018,58522477786.6889,56893409586.3836,590187871.0224591,399231401.663486,650864735.828066,1050096137.491552,1640284008.5140111,56882193778.1749,2.8028273418168475,0.9719717265818315
Croatia,HRV,2008,68472854617.2831,66177364826.1073,584871854.6831955,583184070.951383,144131445.570421,727315516.521804,1312187371.2049994,67160667246.078094,1.9163614231351107,0.9808363857686488
Croatia,HRV,2009,62315996674.7984,59974789001.7282,371145202.0165134,560910942.808354,133514552.519487,694425495.327841,1065570697.3443544,61250425977.45405,1.7099472915520049,0.98290052708448
Croatia,HRV,2010,58975205417.3439,56937322057.8059,432468110.6352765,556132574.717916,118184944.563495,674317519.281411,1106785629.9166875,57868419787.427216,1.8766965237075623,0.9812330347629243
Croatia,HRV,2011,62889007657.3899,60848416391.6307,667965678.8008915,567634226.341246,119202915.944004,686837142.28525,1354802821.0861416,61534204836.30376,2.1542760357531967,0.978457239642468
Croatia,HRV,2012,57548115904.416,55629973494.5672,604923097.933532,540929540.345157,104259677.896829,645189218.241986,1250112316.175518,56298003588.24048,2.1722906067887333,0.9782770939321127
Croatia,HRV,2013,59846265181.8502,58728643810.055,530285286.505985,549854824.10763,91986620.2369158,641841444.3445458,1172126730.8505309,58674138450.999664,1.9585628732033356,0.9804143712679666
Croatia,HRV,2014,59606934500.9957,58738299573.9503,407089073.933016,546813085.273748,83378896.2873707,630191981.5611187,1037281055.4941347,58569653445.501564,1.7402019818294898,0.9825979801817051
Croatia,HRV,2015,50998893384.8289,50915620537.7302,289539383.58909965,577228807.894596,72376507.1357169,649605315.0303129,939144698.6194125,50059748686.20949,1.841500150861687,0.9815849984913831
Croatia,HRV,2016,52650714171.8617,51683795648.5548,216752016.97920927,606187006.167098,60872295.9191434,667059302.0862415,883811319.0654508,51766902852.79625,1.6786312075094147,0.9832136879249058
Croatia,HRV,2017,56182782585.9052,56012164380.3428,292228054.5066235,651431580.300757,60735972.2232222,712167552.5239793,1004395607.0306028,55178386978.874596,1.7877284833567115,0.9821227151664329
Croatia,HRV,2018,61667925219.0755,61012595483.8557,364904275.6592471,643706802.873107,66474225.6451706,710181028.5182775,1075085304.1775246,60592839914.89798,1.743345994466778,0.9825665400553322
Cuba,CUB,2008,56302129629.6296,55325092592.5926,1265121441.4467936,717909536.428091,69747264.3905839,787656800.8186749,2052778242.2654686,54249351387.364136,3.6460046107832627,0.9635399538921674
Cuba,CUB,2009,57481481481.4815,55960185185.1852,688935259.881844,745119516.402829,75733249.6969607,820852766.0997897,1509788025.9816337,55971693455.49986,2.6265642204577424,0.9737343577954226
Cuba,CUB,2010,59562962962.963,58237037037.037,1019186279.4122024,803334416.764215,78380980.6769311,881715397.4411461,1900901676.8533485,57662061286.10965,3.19141557486882,0.9680858442513118
Cuba,CUB,2011,68990000000.0,67926000000.0,1427567262.753573,822965203.693312,86717650.176261,909682853.869573,2337250116.623146,66652749883.376854,3.387809996554785,0.9661219000344522
Cuba,CUB,2012,73141000000.0,72146000000.0,1257009437.0844824,891399709.213492,96947131.5656815,988346840.7791735,2245356277.863656,70895643722.13634,3.069900982846369,0.9693009901715363
Cuba,CUB,2013,77148000000.0,76226000000.0,1117560284.1965847,933233922.389391,104866308.465783,1038100230.855174,2155660515.051759,74992339484.94824,2.7941884625029263,0.9720581153749708
Cuba,CUB,2014,80656100000.0,79602100000.0,1064821415.1741341,898672521.162302,113225309.440378,1011897830.60268,2076719245.776814,78579380754.22319,2.574782621248498,0.974252173787515
Cuba,CUB,2015,87132800000.0,86013800000.0,466235201.24345654,1015714009.7993,124494873.626598,1140208883.425898,1606444084.6693547,85526355915.33064,1.843673203052533,0.9815632679694747
Cuba,CUB,2016,91370407900.0,90086407900.0,369368168.2453039,975716932.622195,126660180.285322,1102377112.907517,1471745281.1528208,89898662618.84718,1.6107460992880351,0.9838925390071196
Cuba,CUB,2017,96850649700.0,95496649700.0,512836139.46284443,981824507.053737,130665961.049752,1112490468.103489,1625326607.5663333,95225323092.43367,1.6781783215712696,0.9832182167842873
Cuba,CUB,2018,100050036100.0,98575036100.0,836747968.3342566,1046464260.25891,130846452.064484,1177310712.3233938,2014058680.6576505,98035977419.34235,2.013051428231972,0.9798694857176803
Cyprus,CYP,2008,27844646257.507,27388166105.1706,3783501.495546218,227852403.736749,31982723.1872871,259835126.9240361,263618628.4195823,27581027629.087418,0.9467479887574798,0.9905325201124252
Cyprus,CYP,2009,26048179949.1741,25975726611.6007,4235980.638491643,228672702.05801,30486271.989496,259158974.047506,263394954.68599764,25784784994.488102,1.0111837187854977,0.989888162812145
Cyprus,CYP,2010,25799940077.6075,25431296723.2262,6027922.497170115,225768119.219186,30277249.5609053,256045368.78009132,262073291.27726144,25537866786.33024,1.0157903099345595,0.9898420969006544
Cyprus,CYP,2011,27641549301.6561,28366739790.7056,10712796.660138901,227590596.724657,29791605.3783088,257382202.1029658,268094998.7631047,27373454302.892998,0.9698985966283771,0.9903010140337162
Cyprus,CYP,2012,25047436974.6819,24872764788.5623,9415659.383205516,220597341.672834,26165101.0975577,246762442.7703917,256178102.1535972,24791258872.5283,1.0227717207654625,0.9897722827923454
Cyprus,CYP,2013,23959712860.8331,23645299457.4637,5291779.447850636,207852226.751889,25400520.9957739,233252747.7476629,238544527.19551355,23721168333.637585,0.9956067861959356,0.9900439321380406
Cyprus,CYP,2014,23225918259.9824,22592071770.9452,3954227.516109897,229297852.949965,23121418.2721186,252419271.2220836,256373498.73819348,22969544761.244205,1.1038250280072577,0.9889617497199275
Cyprus,CYP,2015,19909278416.8575,19774901919.0144,1797685.8030254398,238193806.51599,18088115.9753961,256281922.4913861,258079608.29441154,19651198808.563087,1.2962780613680638,0.9870372193863194
Cyprus,CYP,2016,21046462280.5979,20211956551.818,45291.67925000964,259281414.392238,16731073.5460805,276012487.9383185,276057779.6175685,20770404500.98033,1.3116588238777702,0.9868834117612223
Cyprus,CYP,2017,22946570628.7576,22248590723.5152,721617.0328449766,275389808.156819,16959728.6706185,292349536.82743746,293071153.8602824,22653499474.897316,1.2771893395390155,0.9872281066046098
Cyprus,CYP,2018,25754001367.5448,24823400132.0307,767982.6612944569,282086961.157817,19646727.2532058,301733688.4110228,302501671.07231724,25451499696.47248,1.1745812495511152,0.9882541875044889
Czechia,CZE,2008,236506264753.95,222079113386.482,1060955858.0854539,3175172915.96631,289739054.372785,3464911970.339095,4525867828.424549,231980396925.52545,1.9136354942365101,0.9808636450576349
Czechia,CZE,2009,206971882704.716,192651681267.377,381783888.40131325,3070234865.81133,263481988.571353,3333716854.382683,3715500742.783996,203256381961.932,1.7951717374503722,0.9820482826254963
Czechia,CZE,2010,211168667286.27,194806330422.945,582165887.8531599,3207907731.19287,251267551.392976,3459175282.585846,4041341170.439006,207127326115.831,1.9137977344718318,0.9808620226552817
Czechia,CZE,2011,231429378717.312,212979698706.387,703213135.4660267,3256364961.34188,261587681.030877,3517952642.372757,4221165777.8387837,227208212939.47324,1.8239541588170076,0.9817604584118299
Czechia,CZE,2012,210363223087.728,197308236495.978,362583234.9314252,3295600039.18442,231925590.49173,3527525629.6761503,3890108864.6075754,206473114223.12042,1.8492342946206326,0.9815076570537937
Czechia,CZE,2013,213024360541.119,199972322405.652,218716917.87222853,3269712848.27283,227344802.508541,3497057650.781371,3715774568.6535997,209308585972.4654,1.7442956097672964,0.982557043902327
Czechia,CZE,2014,210911285077.683,196895676261.592,190212943.20931444,3283235582.79771,206430575.291065,3489666158.088775,3679879101.2980895,207231405976.38492,1.7447521122175704,0.9825524788778243
Czechia,CZE,2015,189107698561.919,175221505157.782,143326135.83614725,3447377249.83661,175547026.988688,3622924276.825298,3766250412.661445,185341448149.25757,1.991590210923256,0.9800840978907674
Czechia,CZE,2016,198160659303.939,183433604178.956,164694696.34880355,3653282537.81193,179959326.614676,3833241864.426606,3997936560.7754097,194162722743.16357,2.0175228397092595,0.9798247716029074
Czechia,CZE,2017,221563575696.217,207489084401.603,257016045.52536863,3810182630.45496,191862355.198397,4002044985.653357,4259061031.1787257,217304514665.0383,1.9222749126500176,0.9807772508734999
Czechia,CZE,2018,251992360762.236,237586645139.765,419756300.7734785,3953135495.17431,231063098.725109,4184198593.8994193,4603954894.672897,247388405867.5631,1.8270216131737749,0.9817297838682623
Denmark,DNK,2008,354979471960.142,358920185951.629,6610378419.057918,1345375918.80188,245560956.509632,1590936875.311512,8201315294.36943,346778156665.7726,2.310363258214072,0.9768963674178592
Denmark,DNK,2009,322619152194.594,325821783655.729,3244460207.823628,1323705680.30113,234257293.604749,1557962973.905879,4802423181.729507,317816729012.8645,1.4885734926340695,0.9851142650736593
Denmark,DNK,2010,322345594075.47,327612451825.411,3328328830.0970654,1375185003.10544,227864574.095045,1603049577.200485,4931378407.29755,317414215668.1724,1.5298420384622893,0.9847015796153771
Denmark,DNK,2011,344315595263.175,351569643417.089,4776553103.075363,1285603437.01591,228649661.243524,1514253098.259434,6290806201.334797,338024789061.8402,1.827046549119115,0.9817295345088088
Denmark,DNK,2012,326792574244.963,334180090640.392,4228104886.629925,1187497293.13636,201037873.667816,1388535166.8041759,5616640053.434101,321175934191.52893,1.71871716069774,0.9828128283930226
Denmark,DNK,2013,344631016965.12,355510183830.163,3394734982.9849687,1291722396.95956,187450817.662643,1479173214.6222029,4873908197.607172,339757108767.5128,1.4142395657035318,0.9858576043429647
Denmark,DNK,2014,352832602064.452,365645289652.797,2916869168.3104663,1206086503.92135,175869432.598695,1381955936.520045,4298825104.830511,348533776959.6215,1.2183752520820732,0.9878162474791793
Denmark,DNK,2015,301758922337.637,311066436036.952,1366393054.0602827,1171844025.266,144066599.894402,1315910625.160402,2682303679.220685,299076618658.4163,0.888889600493563,0.9911111039950644
Denmark,DNK,2016,312181849372.233,320020671940.78,920170622.733448,1268396086.33345,147464174.744135,1415860261.077585,2336030883.8110332,309845818488.42194,0.7482917051419112,0.9925170829485809
Denmark,DNK,2017,331610593961.988,338899001120.246,1341416144.6804152,1239628325.11892,154680977.173187,1394309302.292107,2735725446.9725223,328874868515.01544,0.8249813174805044,0.991750186825195
Denmark,DNK,2018,355293374912.393,365236933204.871,1742112088.4722967,1297991885.00446,167428433.011719,1465420318.016179,3207532406.488476,352085842505.90454,0.9027841870902789,0.9909721581290972
Djibouti,DJI,2008,999105339.267729,1031814867.12319,7897318.471685561,12613737.6173977,26042971.3129393,38656708.930337,46554027.402022555,952551311.8657064,4.659571475830896,0.9534042852416911
Djibouti,DJI,2009,1049110684.72493,1070790733.7906,7797117.281970019,12980214.1498498,27553770.3593111,40533984.5091609,48331101.791130915,1000779582.9337991,4.606863936744959,0.9539313606325505
Djibouti,DJI,2010,1128611700.3618,1145970369.28669,9459528.721650561,14860685.6038691,29846415.6460518,44707101.249920905,54166629.97157147,1074445070.3902285,4.799403546339915,0.9520059645366008
Djibouti,DJI,2011,1239144501.77525,1247888544.40387,11009346.494645737,14317625.4714982,32194603.5407483,46512229.0122465,57521575.506892234,1181622926.2683578,4.642039360581789,0.9535796063941822
Djibouti,DJI,2012,1353632941.5207,1381266141.87406,12804111.448289303,15535024.2701341,34868070.5131266,50403094.783260696,63207206.23155,1290425735.28915,4.669449471327261,0.9533055052867274
Djibouti,DJI,2013,2044440443.16654,2016608054.19731,10768739.730386933,18102216.2650183,40944165.1863372,59046381.4513555,69815121.18174243,1974625321.9847975,3.4148767412177095,0.9658512325878229
Djibouti,DJI,2014,2220637966.25047,2196986287.49557,17521306.50565676,13468302.9834611,45146984.165104,58615287.1485651,76136593.65422186,2144501372.5962484,3.4285910090413254,0.9657140899095867
Djibouti,DJI,2015,2424391785.43897,2397387660.99673,16064465.206082458,15995497.0088246,50574930.1252149,66570427.1340395,82634892.34012195,2341756893.0988483,3.408479307529065,0.9659152069247093
Djibouti,DJI,2016,2604955228.70117,2524970308.51728,12619039.199717198,15082852.3281559,55020909.4248488,70103761.7530047,82722800.9527219,2522232427.748448,3.1755939618957534,0.9682440603810425
Djibouti,DJI,2017,2762581334.22612,2635915380.28708,15785334.734988881,15715178.4940854,59073659.4740944,74788837.96817979,90574172.70316868,2672007161.522951,3.278606554711315,0.9672139344528868
Djibouti,DJI,2018,2913464658.08768,2771292500.60488,8127387.87876609,15671498.4907774,60316272.2910827,75987770.7818601,84115158.66062619,2829349499.4270535,2.8871178659101138,0.9711288213408988
Dominican Republic,DOM,2008,48091433554.186,46343216224.0129,66135010.10008304,552320680.557682,172672664.232057,724993344.789739,791128354.889822,47300305199.29617,1.6450504724473163,0.9835494952755268
Dominican Republic,DOM,2009,48223781476.8909,46502562939.048,33444166.58967017,542959593.30358,176399803.348279,719359396.651859,752803563.2415292,47470977913.64937,1.5610629033774113,0.9843893709662259
Dominican Republic,DOM,2010,53801053352.5005,51873853353.652,54216110.181839116,590998065.568324,183795130.546091,774793196.1144149,829009306.296254,52972044046.20425,1.5408793223148431,0.9845912067768515
Dominican Republic,DOM,2011,57948261615.957,55693761615.4975,108618873.97616047,623711568.991728,205362635.766262,829074204.7579899,937693078.7341504,57010568537.22285,1.61815566608118,0.9838184433391882
Dominican Republic,DOM,2012,60561635555.6383,58162035555.1195,176007530.96793732,673598661.834843,232883727.997156,906482389.8319991,1082489920.7999363,59479145634.83836,1.7874185709622143,0.9821258142903778
Dominican Republic,DOM,2013,62555417414.582,59583117413.79,475163386.79255843,688207498.597317,250662669.503502,938870168.100819,1414033554.8933773,61141383859.68862,2.2604493956486023,0.977395506043514
Dominican Republic,DOM,2014,67014329099.5549,63766929099.5595,510815564.2015462,722237762.414672,261994625.189726,984232387.604398,1495047951.8059442,65519281147.748955,2.2309377291309422,0.9776906227086906
Dominican Republic,DOM,2015,70966782572.4386,68030382571.6305,269039879.8662272,820290804.42142,273313780.831049,1093604585.252469,1362644465.1186962,69604138107.3199,1.920115884819483,0.9807988411518052
Dominican Republic,DOM,2016,75552902635.7075,72299802635.1952,736495996.2297062,883065125.310633,279353298.813967,1162418424.1246,1898914420.3543062,73653988215.3532,2.5133573352042893,0.9748664266479571
Dominican Republic,DOM,2017,79070274743.1658,75276474742.7534,617010209.4725808,881172507.382895,280148981.849332,1161321489.2322268,1778331698.7048078,77291943044.461,2.249052130501808,0.977509478694982
Dominican Republic,DOM,2018,84994732049.3461,81303032048.4998,553334466.7342485,991614031.304031,283567977.605468,1275182008.909499,1828516475.6437473,83166215573.70235,2.1513291842395077,0.978486708157605
Ecuador,ECU,2008,61139438000.0,59727709000.0,9211791779.56758,850487984.777991,203128232.029756,1053616216.8077471,10265407996.375326,50874030003.62467,16.790157600688655,0.8320984239931134
Ecuador,ECU,2009,60094978000.0,58838676000.0,4320214129.311352,952802955.969467,210776554.265396,1163579510.234863,5483793639.546215,54611184360.45378,9.125211160816498,0.9087478883918351
Ecuador,ECU,2010,68151329000.0,67123852000.0,6614812499.756256,1064539536.63193,237066220.979165,1301605757.611095,7916418257.367352,60234910742.632645,11.615941132075877,0.8838405886792412
Ecuador,ECU,2011,78986648000.0,77743317000.0,10594301125.134506,1106633114.62189,255849195.948218,1362482310.570108,11956783435.704615,67029864564.29539,15.13772737349813,0.8486227262650187
Ecuador,ECU,2012,87735048000.0,86468104000.0,10394706346.624182,1152388105.09946,287633010.118372,1440021115.2178319,11834727461.842014,75900320538.15799,13.489167364269306,0.865108326357307
Ecuador,ECU,2013,96570334000.0,95224218000.0,10060770069.68823,1283317850.84367,302086024.403578,1585403875.247248,11646173944.935478,84924160055.06451,12.059784265564916,0.8794021573443509
Ecuador,ECU,2014,102717794000.0,101189491000.0,9944335902.860207,1407437615.11048,317212262.655854,1724649877.766334,11668985780.626541,91048808219.37346,11.36023791615554,0.8863976208384446
Ecuador,ECU,2015,97209558000.0,95498179000.0,3561027297.7668486,1443767458.87135,318284208.321876,1762051667.193226,5323078964.960074,91886479035.03993,5.475880226674899,0.945241197733251
Ecuador,ECU,2016,97671433000.0,95796699000.0,2831241266.3479786,1429639025.34266,317276069.935263,1746915095.2779229,4578156361.625901,93093276638.3741,4.687303360877177,0.9531269663912282
Ecuador,ECU,2017,104467486000.0,102098707100.0,4172699364.2038937,1442428899.69492,314295598.747217,1756724498.442137,5929423862.64603,98538062137.35397,5.675855799426461,0.9432414420057353
Ecuador,ECU,2018,107478961000.0,104609708400.0,6507647621.210672,1572634826.20261,309968610.347232,1882603436.549842,8390251057.760514,99088709942.23949,7.806412510594063,0.9219358748940594
"Egypt, Arab Rep.",EGY,2008,162818181818.182,164177881818.182,18126574200.680958,5097560340.25646,1257301258.19915,6354861598.45561,24481435799.136566,138336746019.04544,15.036057721412726,0.8496394227858728
"Egypt, Arab Rep.",EGY,2009,189147005444.646,189300605444.646,11904609876.011942,5458870601.91864,1450755803.69596,6909626405.6146,18814236281.62654,170332769163.01947,9.94688561809271,0.900531143819073
"Egypt, Arab Rep.",EGY,2010,218983666061.706,214618966061.706,14290788071.52735,5724507704.26226,1638340504.98923,7362848209.251491,21653636280.77884,197330029780.92715,9.888242657640593,0.9011175734235941
"Egypt, Arab Rep.",EGY,2011,235989672977.625,229940172977.625,20303820102.35018,6137787333.94373,1739223495.60732,7877010829.55105,28180830931.90123,207808842045.72375,11.941552601148427,0.8805844739885157
"Egypt, Arab Rep.",EGY,2012,279116666666.667,272637266666.667,21237681472.570038,6680060436.15768,2049379974.69819,8729440410.85587,29967121883.425907,249149544783.2411,10.736414360814187,0.8926358563918582
"Egypt, Arab Rep.",EGY,2013,288434108527.132,281027708527.132,20047608799.773403,6913107080.36321,2078187347.83726,8991294428.20047,29038903227.973873,259395205299.15814,10.067777135047912,0.8993222286495208
"Egypt, Arab Rep.",EGY,2014,305595408895.265,298332708895.265,18723523869.861034,7377936099.9922,2179577667.28727,9557513767.27947,28281037637.140503,277314371258.1245,9.254405273749745,0.9074559472625026
"Egypt, Arab Rep.",EGY,2015,329366576819.407,323665676819.407,9807158713.838255,7868393430.37413,2389069735.90454,10257463166.278671,20064621880.11693,309301954939.29004,6.091881597056661,0.9390811840294334
"Egypt, Arab Rep.",EGY,2016,332441717791.411,327970017791.411,7632514541.599072,8303828543.54016,2366202265.78404,10670030809.3242,18302545350.92327,314139172440.48773,5.50548994648353,0.9449451005351647
"Egypt, Arab Rep.",EGY,2017,248362771739.13,243794271739.13,10194942527.635042,9063542234.11966,1620236703.73442,10683778937.85408,20878721465.48912,227484050273.64087,8.406542300719403,0.915934576992806
"Egypt, Arab Rep.",EGY,2018,262588632526.73,256309032526.73,14312179692.537254,9712802975.86635,1669838433.1088,11382641408.975151,25694821101.512405,236893811425.2176,9.785199326515718,0.9021480067348429
El Salvador,SLV,2008,17986890000.0,17597840000.0,185884988.11078155,185448777.09061,62881175.0071214,248329952.0977314,434214940.20851296,17552675059.79149,2.4140634662718865,0.9758593653372811
El Salvador,SLV,2009,17601620000.0,17045650000.0,120167558.923972,184484741.516422,66327255.2243832,250811996.7408052,370979555.6647772,17230640444.335224,2.107644385373482,0.9789235561462651
El Salvador,SLV,2010,18447920000.0,17909710000.0,189781530.55960768,186901705.47554,60558810.35883,247460515.83437002,437242046.3939777,18010677953.60602,2.3701427933012402,0.9762985720669876
El Salvador,SLV,2011,20283780000.0,19665540000.0,168822917.88340715,202236470.563494,66878049.2451979,269114519.8086919,437937437.6920991,19845842562.3079,2.1590523940414488,0.9784094760595855
El Salvador,SLV,2012,21386150000.0,20515590000.0,164879642.23503017,210344228.025002,64429201.2637567,274773429.2887587,439653071.52378887,20946496928.47621,2.055784101036364,0.9794421589896364
El Salvador,SLV,2013,21990960000.0,21000760000.0,206467230.52098486,208821995.115522,64913659.4178209,273735654.5333429,480202885.0543277,21510757114.94567,2.1836376631776373,0.9781636233682236
El Salvador,SLV,2014,22593470000.0,21558030000.0,238365413.3186411,221890293.483849,66958749.4786413,288849042.9624903,527214456.2811314,22066255543.71887,2.3334815602965446,0.9766651843970345
El Salvador,SLV,2015,23438240000.0,22346390000.0,199399182.1228118,243409732.675225,67633378.8082266,311043111.4834516,510442293.6062634,22927797706.393738,2.1778183584017494,0.9782218164159825
El Salvador,SLV,2016,24191430000.0,22945050000.0,247263947.4984601,257485846.952442,65934204.046814,323420050.999256,570683998.4977162,23620746001.502285,2.359033750785774,0.9764096624921422
El Salvador,SLV,2017,24979190000.0,23591570000.0,221850374.75753233,238721056.478759,62510767.7769554,301231824.2557144,523082199.0132468,24456107800.98675,2.0940719015038054,0.979059280984962
El Salvador,SLV,2018,26020850000.0,24550760000.0,172679226.09731895,266807255.587921,63384869.6891732,330192125.2770942,502871351.37441313,25517978648.625587,1.9325708090796903,0.9806742919092031
Equatorial Guinea,GNQ,2008,19749893536.3204,14636832123.2464,7381933124.5337515,262473086.899596,157080152.232754,419553239.13234997,7801486363.666101,11948407172.654299,39.50140971301456,0.6049859028698544
Equatorial Guinea,GNQ,2009,15027795173.2187,9938850407.13803,3305440516.1494484,268165702.574205,118402210.321551,386567912.895756,3692008429.045204,11335786744.173496,24.56786498943503,0.7543213501056497
Equatorial Guinea,GNQ,2010,16314443436.2903,9578455863.33821,4635934871.767771,284353508.360884,137070938.936127,421424447.297011,5057359319.064782,11257084117.225517,30.99927581847538,0.6900072418152462
Equatorial Guinea,GNQ,2011,21357343668.9447,13819219548.0269,6153501622.514206,297985579.958876,171997678.045194,469983258.00407004,6623484880.518276,14733858788.426422,31.012681086128506,0.689873189138715
Equatorial Guinea,GNQ,2012,22388344143.9131,14844232072.191,6881624106.375076,305107867.183608,165321263.793659,470429130.977267,7352053237.352344,15036290906.560757,32.838753907359454,0.6716124609264055
Equatorial Guinea,GNQ,2013,21948834283.7856,15003861970.1399,5676743221.100156,296747053.803081,156596602.764777,453343656.567858,6130086877.668014,15818747406.117584,27.928986106549324,0.7207101389345067
Equatorial Guinea,GNQ,2014,21765453081.9826,14796386735.7675,5009280684.091269,266335682.391483,144385797.78128,410721480.172763,5420002164.264031,16345450917.71857,24.90185774607512,0.7509814225392488
Equatorial Guinea,GNQ,2015,13185496881.0174,9945017697.70462,1977878037.8450854,228457426.494326,90953988.9496551,319411415.4439811,2297289453.2890663,10888207427.728334,17.42285083390658,0.8257714916609342
Equatorial Guinea,GNQ,2016,11240808847.8878,8709938327.70214,1559968411.111493,239170946.04836,75867722.2525907,315038668.3009507,1875007079.4124439,9365801768.475357,16.680357301554555,0.8331964269844544
Equatorial Guinea,GNQ,2017,12200913878.9827,8983531110.24715,2172363289.803292,217019145.497392,75208930.1365823,292228075.6339743,2464591365.4372663,9736322513.545433,20.20005542111705,0.7979994457888295
Equatorial Guinea,GNQ,2018,13097012133.6159,10026980386.2895,2724621182.641233,251919327.759878,77399484.3745582,329318812.1344362,3053939994.775669,10043072138.84023,23.317837409168828,0.7668216259083117
Estonia,EST,2008,24342935403.5447,23070748498.6085,304999409.64679,493814399.866024,21969578.6236606,515783978.48968464,820783388.1364746,23522152015.408226,3.3717519047310787,0.9662824809526892
Estonia,EST,2009,19633984440.1223,19035565434.843,143103274.1506586,415643033.886181,18580895.2673932,434223929.1535742,577327203.3042328,19056657236.818066,2.940448511940643,0.9705955148805936
Estonia,EST,2010,19524355419.038,18474661625.4284,107437240.35913864,542986609.288771,15042881.0008208,558029490.2895918,665466730.6487304,18858888688.389267,3.4083928322665216,0.9659160716773348
Estonia,EST,2011,23303915794.7569,22118308164.3969,158888187.05194798,541981795.258965,16137316.2569212,558119111.5158862,717007298.5678341,22586908496.189068,3.076767462098155,0.9692323253790185
Estonia,EST,2012,23237406116.3988,22283117767.2656,183651366.88581416,524773100.881477,14484407.3388341,539257508.220311,722908875.1061252,22514497241.292675,3.1109706112850652,0.9688902938871493
Estonia,EST,2013,25451032780.7573,24842580735.3334,181781520.9903281,624526448.619299,12881692.7735742,637408141.3928733,819189662.3832014,24631843118.3741,3.218689274576567,0.9678131072542343
Estonia,EST,2014,27055689003.0038,26322383140.0783,206869963.01515883,604053397.789258,12318501.4154362,616371899.2046942,823241862.2198529,26232447140.783947,3.0427680556516368,0.9695723194434837
Estonia,EST,2015,23311847750.9394,22817909254.7266,106212068.40722331,540369605.212521,8509880.43004361,548879485.6425645,655091554.0497879,22656756196.88961,2.8101228227324504,0.9718987717726755
Estonia,EST,2016,24561027787.7896,24049241171.4397,75714199.39769274,574225744.773468,7883881.69991105,582109626.473379,657823825.8710718,23903203961.91853,2.678323690501685,0.9732167630949832
Estonia,EST,2017,27469461919.1189,26833994793.4118,139399014.87635458,625239586.779222,8117920.55856072,633357507.3377827,772756522.2141373,26696705396.904762,2.8131476491583376,0.9718685235084167
Estonia,EST,2018,31222632740.7247,30590028476.549,244343596.88535625,600218371.296418,9304583.79177949,609522955.0881975,853866551.9735537,30368766188.75115,2.734767945624991,0.9726523205437501
Eswatini,SWZ,2008,3235921170.5095,3230721165.61918,64183670.360532634,16907775.8701472,58925559.9108439,75833335.7809911,140017006.14152375,3095904164.367976,4.326959736150742,0.9567304026384926
Eswatini,SWZ,2009,3525213502.43118,3449661858.59876,67016701.07266959,19332233.5600096,64236712.1815497,83568945.7415593,150585646.8142289,3374627855.616951,4.271674515894624,0.9572832548410538
Eswatini,SWZ,2010,4360714358.88708,4134563587.88191,75920154.5797712,18575857.0048364,76348216.60332,94924073.6081564,170844228.1879276,4189870130.6991525,3.9178036928685636,0.9608219630713144
Eswatini,SWZ,2011,4722912047.32265,4430579419.29716,91442409.2942046,19686736.2456234,78883366.8718833,98570103.1175067,190012512.41171128,4532899534.910938,4.023206668001091,0.9597679333199891
Eswatini,SWZ,2012,4747813067.26006,4432484836.42265,105223933.31885682,21127633.2296127,73518977.985908,94646611.21552071,199870544.53437752,4547942522.725683,4.209739130477633,0.9579026086952237
Eswatini,SWZ,2013,4463396204.01995,4266022268.53992,106297197.43789794,24244039.5374311,64595929.6021131,88839969.13954419,195137166.5774421,4268259037.4425077,4.37194364241499,0.9562805635758501
Eswatini,SWZ,2014,4285065665.03168,4097934422.68879,99065814.79362121,25253067.7176896,59939683.0585302,85192750.7762198,184258565.56984103,4100807099.461839,4.300017315335088,0.9569998268466491
Eswatini,SWZ,2015,3908217914.21824,3748697684.81834,105451068.01286364,26775069.9310359,52526709.5159475,79301779.4469834,184752847.45984703,3723465066.758393,4.7272913515827595,0.9527270864841724
Eswatini,SWZ,2016,3722306116.72872,3517152295.86969,140698063.75370672,30165704.6563117,47444660.8486174,77610365.5049291,218308429.25863582,3503997687.470084,5.864870389824153,0.9413512961017585
Eswatini,SWZ,2017,4462640651.49219,4167537938.69191,148405322.9267252,33301212.0752574,52461445.960483,85762658.0357404,234167980.9624656,4228472670.5297246,5.247296371133224,0.9475270362886677
Eswatini,SWZ,2018,4643751059.28203,4323474022.09953,120205942.26516277,35652659.562756,53133752.7620804,88786412.3248364,208992354.58999917,4434758704.692031,4.500507282195086,0.9549949271780491
Ethiopia,ETH,2008,27066912635.2228,27086850118.9961,5073387255.119576,174176924.37764,462750905.104913,636927829.482553,5710315084.602129,21356597550.620674,21.09703149952596,0.7890296850047404
Ethiopia,ETH,2009,32437389116.038,32395738209.0412,5317740759.220028,180342130.50396,526075324.697508,706417455.201468,6024158214.421495,26413230901.6165,18.5716495025889,0.814283504974111
Ethiopia,ETH,2010,29933790334.3418,29825574928.2445,4710568083.880767,184901223.58817,440219161.639873,625120385.2280431,5335688469.10881,24598101865.23299,17.824967735500557,0.8217503226449945
Ethiopia,ETH,2011,31952763089.33,31883271774.1935,5513297410.64839,224906037.337296,438098202.846192,663004240.183488,6176301650.831878,25776461438.498123,19.32947593159583,0.8067052406840417
Ethiopia,ETH,2012,43310721414.0829,43214529006.0852,6409746871.821995,263473997.398735,558813539.815142,822287537.213877,7232034409.0358715,36078687005.04703,16.698023429100182,0.8330197657089982
Ethiopia,ETH,2013,47648276605.0123,47541495176.3408,6637197207.894536,325839888.916844,565691969.96948,891531858.886324,7528729066.78086,40119547538.23144,15.800632474478387,0.8419936752552162
Ethiopia,ETH,2014,55612228233.5179,55459432981.0435,7413457648.823717,415497145.986136,629041508.887751,1044538654.8738871,8457996303.697604,47154231929.8203,15.208878644786806,0.847911213552132
Ethiopia,ETH,2015,62103418181.8182,61851021052.6316,7556103993.24535,448221648.250252,677298158.773087,1125519807.023339,8681623800.268688,53421794381.549515,13.979301066572166,0.8602069893342783
Ethiopia,ETH,2016,68475871209.607,68252185537.1179,7673466001.824111,537595977.213231,730605573.058959,1268201550.27219,8941667552.096302,59534203657.5107,13.058128935264735,0.8694187106473527
Ethiopia,ETH,2017,76366081766.6667,75912577900.0,7523330537.876697,591938397.006287,763689005.912047,1355627402.918334,8878957940.79503,67487123825.87167,11.626834499541701,0.883731655004583
Ethiopia,ETH,2018,83337901071.9697,82964771382.5758,5301494455.54789,675441565.920339,758935531.475585,1434377097.395924,6735871552.943813,76602029519.02588,8.082602832925673,0.9191739716707433
Fiji,FJI,2008,3523185919.55826,3436092991.15266,28081469.314694952,26032608.257002,30768688.2871989,56801296.5442009,84882765.85889585,3438303153.699364,2.4092616114206784,0.9759073838857932
Fiji,FJI,2009,2870624635.68032,2859170936.23766,29493806.009498682,26788953.4652259,24287459.1980846,51076412.6633105,80570218.67280918,2790054417.0075107,2.8067138305497923,0.9719328616945021
Fiji,FJI,2010,3140166712.79624,3042538815.29876,60104696.639109984,33150760.4553074,24964147.992202,58114908.4475094,118219605.08661938,3021947107.7096205,3.7647556929022974,0.962352443070977
Fiji,FJI,2011,3779411899.37483,3663323978.54914,64086425.165273756,33109510.0695931,28010363.0293706,61119873.0989637,125206298.26423746,3654205601.1105924,3.3128513535385853,0.9668714864646142
Fiji,FJI,2012,3972028104.47328,3825371293.14434,64735949.423159614,32002149.1075551,26682029.2849645,58684178.3925196,123420127.81567922,3848607976.657601,3.10723198752506,0.9689276801247494
Fiji,FJI,2013,4189967998.51424,4108022907.69855,48654100.73971293,36527686.0822568,24931069.4016721,61458755.483928904,110112856.22364184,4079855142.290598,2.6280118669805552,0.9737198813301945
Fiji,FJI,2014,4857104768.86844,4631708776.08492,49725069.98152463,43435275.1899887,25513079.1289168,68948354.3189055,118673424.30043013,4738431344.568009,2.4432955422552616,0.9755670445774474
Fiji,FJI,2015,4682479893.97558,4398111344.70808,43890138.015955195,47986489.9901633,23761088.0223319,71747578.01249519,115637716.02845038,4566842177.94713,2.4695827562917683,0.9753041724370823
Fiji,FJI,2016,4930213644.36653,4658241004.89999,45662600.54710193,54585561.8259427,25257684.5037229,79843246.3296656,125505846.87676753,4804707797.489763,2.5456472260624126,0.9745435277393759
Fiji,FJI,2017,5353469174.47838,4930366664.65074,62039297.81431402,61738202.2622292,26798405.7668631,88536608.0290923,150575905.84340632,5202893268.634974,2.8126790485924142,0.9718732095140759
Fiji,FJI,2018,5581425327.44397,5221596259.42569,62860189.07324945,63861355.2114907,27550023.2370332,91411378.4485239,154271567.52177334,5427153759.922196,2.7640174054325737,0.9723598259456743
Finland,FIN,2008,285698662071.094,286178128353.906,66187004.98927117,1520626326.14846,68180577.5324789,1588806903.6809387,1654993908.67021,284043668162.42377,0.5792795446337772,0.9942072045536622
Finland,FIN,2009,253480783439.453,256628807365.625,52012610.42078693,1496314911.45502,62200834.9257282,1558515746.3807483,1610528356.8015351,251870255082.65146,0.6353650698678066,0.9936463493013219
Finland,FIN,2010,249429613683.334,252690876683.334,258421047.8497809,1786997474.52639,59528357.4223541,1846525831.9487443,2104946879.798525,247324666803.5355,0.8439041574553696,0.9915609584254463
Finland,FIN,2011,275126915515.565,276304509659.534,352663772.93682635,1644140663.19963,61176742.4018263,1705317405.6014564,2057981178.5382829,273068934337.02673,0.7480115766506461,0.9925198842334936
Finland,FIN,2012,257443384492.969,258595839931.641,438397034.64527076,1535171093.63374,52387400.2579743,1587558493.8917143,2025955528.5369852,255417428964.432,0.7869518700304059,0.9921304812996959
Finland,FIN,2013,270268036626.275,271799356725.491,298038361.459967,1622411081.45273,46043694.7097065,1668454776.1624365,1966493137.6224036,268301543488.6526,0.7276084742279979,0.99272391525772
Finland,FIN,2014,273478528954.901,276451713710.195,246045405.96262163,1554242135.99365,39742604.4594595,1593984740.4531095,1840030146.4157312,271638498808.48526,0.6728243542362984,0.993271756457637
Finland,FIN,2015,233210733506.25,235269989431.25,118289972.58886278,1488972096.98148,28615116.7683693,1517587213.749849,1635877186.3387117,231574856319.9113,0.7014587886860162,0.9929854121131398
Finland,FIN,2016,238777818792.608,239812773203.113,66082832.804209985,1641158058.15373,25034242.4281771,1666192300.581907,1732275133.386117,237045543659.2219,0.7254757339460777,0.9927452426605392
Finland,FIN,2017,253846138440.0,253920697397.647,201978099.0945932,1609683350.27906,24299190.1989161,1633982540.477976,1835960639.5725694,252010177800.42743,0.7232572655449415,0.9927674273445506
Finland,FIN,2018,273869255596.078,274973448062.745,243126844.25434807,1746588552.50937,27513849.7362839,1774102402.245654,2017229246.5000021,271852026349.578,0.7365665204403791,0.9926343347955963
France,FRA,2008,2926802941585.86,2993575681093.75,437257126.20517117,9607642165.79653,1568626242.72938,11176268408.52591,11613525534.731081,2915189416051.129,0.39679902496060365,0.996032009750394
France,FRA,2009,2700075882518.98,2764751524986.6,250863978.75301266,9492955667.33886,1525932351.15297,11018888018.491829,11269751997.244843,2688806130521.7354,0.41738649162447783,0.9958261350837552
France,FRA,2010,2646230027988.34,2710818281130.01,259105650.78589675,9938941174.50649,1481265172.67657,11420206347.18306,11679311997.968956,2634550715990.371,0.4413566422586228,0.9955864335774137
France,FRA,2011,2870408553990.28,2950302609642.03,294777459.92384046,9996686078.12823,1560467339.57978,11557153417.70801,11851930877.63185,2858556623112.648,0.4129004862794166,0.9958709951372058
France,FRA,2012,2683007095787.23,2745373307497.38,324689408.47274727,10514726244.1979,1443470816.85452,11958197061.052422,12282886469.52517,2670724209317.7046,0.4578029811703285,0.9954219701882967
France,FRA,2013,2816077607875.26,2883300435241.97,267560379.92863274,10944082622.1375,1420010135.82959,12364092757.96709,12631653137.895723,2803445954737.3643,0.4485548659089028,0.995514451340911
France,FRA,2014,2861236112552.42,2925836987341.17,206119777.72021627,10306618910.023,1337687040.22656,11644305950.249561,11850425727.969778,2849385686824.45,0.4141715420122504,0.9958582845798775
France,FRA,2015,2442483452642.5,2491911919065.98,98374382.69778885,10824778115.7839,1105787841.08795,11930565956.87185,12028940339.569637,2430454512302.93,0.49248809962482354,0.9950751190037518
France,FRA,2016,2470407619777.13,2520257665605.77,75909972.26569422,11273355602.8833,1012712983.71618,12286068586.599482,12361978558.865175,2458045641218.2646,0.5004023813681598,0.9949959761863184
France,FRA,2017,2588868323334.71,2641361331529.89,106825533.83532542,11892274108.8085,1008360199.86331,12900634308.67181,13007459842.507135,2575860863492.2026,0.5024380624253795,0.9949756193757462
France,FRA,2018,2781576320884.39,2844433805623.21,192583198.4075038,12029833371.4683,1085853888.07595,13115687259.54425,13308270457.951754,2768268050426.4385,0.4784434767448823,0.9952155652325512
Gabon,GAB,2008,15571348344.3379,13406691592.6584,4488576134.140958,141434887.599365,79131796.7641136,220566684.3634786,4709142818.5044365,10862205525.833464,30.24235740135368,0.6975764259864632
Gabon,GAB,2009,12113699068.2517,10736261136.2736,2427809631.3538113,143610875.05242,57015488.4895052,200626363.5419252,2628435994.8957367,9485263073.355963,21.6980459898042,0.783019540101958
Gabon,GAB,2010,14372593020.2885,12484464818.8341,3699048198.33082,164610683.883321,59816653.1819656,224427337.06528658,3923475535.3961067,10449117484.892393,27.29831374100476,0.7270168625899524
Gabon,GAB,2011,18210307743.5816,15711223534.0502,5022680518.430172,172408083.497823,68852759.1143555,241260842.6121785,5263941361.042351,12946366382.53925,28.90638332511255,0.7109361667488745
Gabon,GAB,2012,17170464016.0593,15456970450.5363,4944879970.680706,173992268.862432,59519377.1353877,233511645.9978197,5178391616.678526,11992072399.380774,30.158716804829776,0.6984128319517022
Gabon,GAB,2013,17595744798.3398,15890971279.4193,3984503746.6815853,187163983.995852,56696146.1981225,243860130.1939745,4228363876.87556,13367380921.464241,24.030604702078403,0.7596939529792159
Gabon,GAB,2014,18203966895.8433,17256249272.8969,3095030565.096845,200677712.747677,56822545.9317809,257500258.6794579,3352530823.7763033,14851436072.066998,18.416484950551194,0.8158351504944881
Gabon,GAB,2015,14383107762.6952,13188718895.9174,1298265664.364602,212809648.01662,43562001.5700842,256371649.5867042,1554637313.9513063,12828470448.743893,10.80877192607496,0.8919122807392503
Gabon,GAB,2016,14023890265.3665,12934874984.9426,1180092874.9316797,230552181.239826,40080601.5980492,270632782.8378752,1450725657.7695549,12573164607.596947,10.344673484448723,0.8965532651555128
Gabon,GAB,2017,14929487485.1623,13985728543.24,1835197595.9843318,199433101.880174,40850304.731176,240283406.61135,2075481002.595682,12854006482.566618,13.90189050132098,0.8609810949867902
Gabon,GAB,2018,16867326401.9626,15754973543.4626,2346842327.9797792,200595173.209198,45771780.5913485,246366953.8005465,2593209281.780326,14274117120.182274,15.37415723145426,0.8462584276854574
"Gambia, The",GMB,2008,1561766955.73024,1536177633.28354,49740604.672242075,11540228.254167,27919884.2500756,39460112.5042426,89200717.17648467,1472566238.5537555,5.711525451937657,0.9428847454806234
"Gambia, The",GMB,2009,1450142508.57808,1422149144.42872,47818426.98481306,13532563.9858457,23770004.1716188,37302568.157464504,85120995.14227757,1365021513.4358025,5.869836560114486,0.9413016343988552
"Gambia, The",GMB,2010,1543294926.87301,1513388694.69798,46766841.27917585,12574426.6732883,23371053.3400045,35945480.013292804,82712321.29246865,1460582605.5805414,5.359463045735427,0.9464053695426458
"Gambia, The",GMB,2011,1409693596.93594,1377826167.82841,62977198.702444814,13422773.8239698,21461708.1709726,34884481.9949424,97861680.69738722,1311831916.2385528,6.942053288040458,0.9305794671195954
"Gambia, The",GMB,2012,1415004738.26621,1385745350.56654,81804720.58127859,14292222.5877921,20271314.7092622,34563537.2970543,116368257.87833288,1298636480.3878772,8.22387761195186,0.9177612238804814
"Gambia, The",GMB,2013,1375609453.43746,1345939442.48817,81252628.64149211,14223169.7848898,18972422.6682299,33195592.453119703,114448221.09461182,1261161232.342848,8.319819321437596,0.9168018067856241
"Gambia, The",GMB,2014,1229461721.40861,1200491695.26956,64435049.466703884,17508792.9753794,17430036.19301,34938829.168389395,99373878.63509327,1130087842.773517,8.082714321617047,0.9191728567838295
"Gambia, The",GMB,2015,1378176608.93204,1345126615.38757,76611208.35979322,18429593.0505516,17369245.3672282,35798838.4177798,112410046.77757302,1265766562.1544669,8.156432640710724,0.9184356735928928
"Gambia, The",GMB,2016,1484578885.97132,1456754210.86823,97404083.65141237,19033122.7428107,18234313.7857724,37267436.5285831,134671520.17999548,1349907365.7913244,9.071361680580793,0.9092863831941921
"Gambia, The",GMB,2017,1504909462.69521,1476610319.28467,97717339.50149743,20205230.9261165,17651237.8812599,37856468.8073764,135573808.30887383,1369335654.386336,9.008768412291639,0.9099123158770837
"Gambia, The",GMB,2018,1670671327.81651,1641472104.63513,45484436.04452724,21548310.5707711,17541345.6572005,39089656.2279716,84574092.27249885,1586097235.544011,5.062281902152069,0.9493771809784793
Georgia,GEO,2008,12795145130.9103,12735844839.5215,57182417.10590732,129894664.144159,54427758.6101944,184322422.7543534,241504839.86026073,12553640291.05004,1.887472454508051,0.9811252754549195
Georgia,GEO,2009,10766920065.8251,10723319726.5229,52675245.88805735,155210217.493007,53351909.434269,208562126.92727602,261237372.81533337,10505682693.009766,2.4262962037260647,0.9757370379627394
Georgia,GEO,2010,12426907967.1578,12209869879.0692,109305703.93735307,152036255.506636,59809766.9235885,211846022.43022448,321151726.36757755,12105756240.790222,2.5843252981057536,0.9741567470189425
Georgia,GEO,2011,15475290469.2869,15049331839.1101,204417687.62886992,194481083.099243,73854603.9092588,268335687.00850177,472753374.63737166,15002537094.649529,3.0548917681100916,0.9694510823188991
Georgia,GEO,2012,16894392033.2256,16722078802.949,119265180.7034736,223393650.782371,80076404.9366018,303470055.7189728,422735236.42244637,16471656796.803152,2.502222249791936,0.9749777775020806
Georgia,GEO,2013,17517660143.6859,17200885802.7475,92483776.94503039,253431031.563742,83088171.9892612,336519203.5530032,429002980.4980336,17088657163.187868,2.448974217898982,0.9755102578210102
Georgia,GEO,2014,17966015109.3043,17737747151.643,59140572.09852311,285191320.41617,81760035.0372224,366951355.4533924,426091927.5519155,17539923181.752384,2.3716551776205974,0.976283448223794
Georgia,GEO,2015,15223796148.8396,14880351881.7349,57185616.344590805,319909927.740764,69476209.5766701,389386137.31743413,446571753.6620249,14777224395.177574,2.9333797516466644,0.9706662024835334
Georgia,GEO,2016,15444548901.9637,14744998637.3575,66609535.11951478,346546485.136486,77119329.7807896,423665814.9172756,490275350.0367904,14954273551.926908,3.1744232424584102,0.9682557675754159
Georgia,GEO,2017,16473125375.0684,15681941286.4977,57667845.82902665,364068296.018212,78710478.7151261,442778774.7333381,500446620.56236476,15972678754.506035,3.037957941604549,0.9696204205839545
Georgia,GEO,2018,17902544880.6471,17228317459.0649,60874342.91816527,374940583.848394,80280204.1922211,455220788.0406151,516095130.95878035,17386449749.688316,2.8828031679266353,0.9711719683207336
Germany,DEU,2008,3808197720125.0,3844551853801.56,5329222277.439841,21193494713.0695,3120442043.40207,24313936756.47157,29643159033.91141,3778554561091.0884,0.7784038858396936,0.992215961141603
Germany,DEU,2009,3478545516683.59,3556586382752.34,2831239619.2930913,20293598195.6448,3060923367.42905,23354521563.07385,26185761182.36694,3452359755501.223,0.7527790295333533,0.9924722097046664
Germany,DEU,2010,3467093769666.67,3536720409000.01,2694278475.8806744,22092982211.5696,2918890863.37258,25011873074.94218,27706151550.822853,3439387618115.847,0.7991174566209224,0.9920088254337908
Germany,DEU,2011,3823575803793.78,3921931361964.99,3867797047.5019865,22266293794.1964,3100845836.63346,25367139630.82986,29234936678.33185,3794340867115.4478,0.7645967591207402,0.9923540324087926
Germany,DEU,2012,3596483233406.25,3683392763115.24,2906142478.1103334,23617276148.6234,2808694689.09702,26425970837.72042,29332113315.830753,3567151120090.4194,0.8155776466125758,0.9918442235338742
Germany,DEU,2013,3807023797050.99,3896452625221.58,2330028519.4760485,25089349171.8302,2872697460.34385,27962046632.17405,30292075151.650097,3776731721899.3403,0.7956891463382721,0.9920431085366173
Germany,DEU,2014,3964870735760.77,4048097324395.67,1612037702.3727753,24782014156.6782,2778056502.1786,27560070658.8568,29172108361.229576,3935698627399.5405,0.7357644247544937,0.9926423557524551
Germany,DEU,2015,3425099578746.09,3492650052066.01,952741958.6641244,25812211152.5549,2305517056.73767,28117728209.292572,29070470167.956696,3396029108578.1333,0.848748175041354,0.9915125182495864
Germany,DEU,2016,3536787895179.0,3638261024242.42,674867371.3850689,26831318659.6548,2270803160.35753,29102121820.01233,29776989191.3974,3507010905987.6025,0.841921824941397,0.9915807817505861
Germany,DEU,2017,3765351626105.89,3861080809000.01,909688493.330973,27396795820.1424,2315291263.30861,29712087083.451008,30621775576.781982,3734729850529.1084,0.8132514202518357,0.9918674857974816
Germany,DEU,2018,4055433215301.96,4214947102850.19,1174202313.3892362,27726798769.9025,2518217180.63852,30245015950.54102,31419218263.930256,4024013997038.03,0.7747438213352691,0.9922525617866473
Ghana,GHA,2008,28679383241.0729,28562727613.9792,2409963759.5296426,232414821.529831,317407440.443347,549822261.9731779,2959786021.5028205,25719597219.57008,10.320256877993076,0.8967974312200693
Ghana,GHA,2009,26048720005.5233,25954434872.8475,2571231921.4698615,276450950.937206,278523862.742055,554974813.679261,3126206735.149122,22922513270.374176,12.001383309760524,0.8799861669023947
Ghana,GHA,2010,32197655566.5347,31663500964.6968,2840413980.522158,319790522.636584,324689839.406321,644480362.042905,3484894342.565063,28712761223.969635,10.82344127622497,0.8917655872377503
Ghana,GHA,2011,39336668080.559,38113676481.7098,4904181240.881485,350483548.021633,360044253.369266,710527801.390899,5614709042.272384,33721959038.286613,14.273473876266838,0.8572652612373316
Ghana,GHA,2012,41271701060.954,39175664473.0821,4799777669.107881,453933398.506263,357553337.279034,811486735.785297,5611264404.893178,35660436656.06082,13.59591260027283,0.8640408739972717
Ghana,GHA,2013,62845721959.827,61094646952.9481,5314121012.040005,505245787.65941,527945710.887278,1033191498.5466881,6347312510.586693,56498409449.24031,10.099832276004559,0.8990016772399544
Ghana,GHA,2014,54678533805.9064,51821257450.5724,5522038878.436756,508091727.617664,471029485.563895,979121213.181559,6501160091.618315,48177373714.288086,11.88978496514853,0.8811021503485147
Ghana,GHA,2015,49436806230.4839,47950418120.3816,4741885829.202996,548715073.80252,438209306.675454,986924380.477974,5728810209.68097,43707996020.80293,11.588147873008127,0.8841185212699187
Ghana,GHA,2016,56144179397.8516,53941410700.6894,4427568044.084848,577098666.376311,498676059.417668,1075774725.793979,5503342769.878827,50640836627.97277,9.802160845349214,0.9019783915465078
Ghana,GHA,2017,60385409434.8567,57411757415.1352,5297140610.685392,636464757.445923,500063569.756343,1136528327.202266,6433668937.887658,53951740496.96904,10.654343488104107,0.893456565118959
Ghana,GHA,2018,67259353965.6087,64232106057.9047,5206685815.984849,731858980.57016,513347071.156474,1245206051.726634,6451891867.711483,60807462097.89722,9.592557001083435,0.9040744299891657
Greece,GRC,2008,351121399546.485,340013714479.228,484258876.0940229,2694777539.50683,493454820.554163,3188232360.060993,3672491236.155016,347448908310.32996,1.0459320454117829,0.9895406795458822
Greece,GRC,2009,326829054686.306,318947478152.419,165872266.26609972,2616479710.52581,481594898.417382,3098074608.9431915,3263946875.2092915,323565107811.09674,0.998670965267167,0.9900132903473283
Greece,GRC,2010,296417644404.034,289846288282.051,300561967.5709707,2502882538.72362,438306544.941903,2941189083.665523,3241751051.2364936,293175893352.7975,1.093643078418713,0.9890635692158128
Greece,GRC,2011,283228079776.041,275386687772.685,394003742.6485362,2521990217.43149,429274230.945305,2951264448.376795,3345268191.025331,279882811585.0157,1.1811216577362518,0.9881887834226375
Greece,GRC,2012,238841140018.233,239434391187.471,242793270.88947675,2488400073.80817,352166977.635699,2840567051.4438686,3083360322.3333454,235757779695.89966,1.2909670093259318,0.9870903299067407
Greece,GRC,2013,236556279640.705,234769409708.974,166225519.09475255,2342944089.41151,318413210.338805,2661357299.750315,2827582818.845068,233728696821.85992,1.1953108254575844,0.9880468917454241
Greece,GRC,2014,233911581521.062,233457893189.216,143667943.9699346,2341801249.10874,284316121.474195,2626117370.582935,2769785314.5528693,231141796206.50916,1.184116364201256,0.9881588363579874
Greece,GRC,2015,194567373678.099,193071368629.102,71410631.16886744,2364899491.31734,223605062.194425,2588504553.511765,2659915184.6806326,191907458493.41837,1.3670920948346237,0.9863290790516538
Greece,GRC,2016,193097239005.87,190914452633.023,98985046.99518368,2400687349.05447,208632085.796849,2609319434.8513193,2708304481.846503,190388934524.0235,1.4025599204782861,0.9859744007952171
Greece,GRC,2017,200381103984.298,198028954138.246,117211094.3359102,2499461914.61744,210650223.49403,2710112138.11147,2827323232.4473805,197553780751.85062,1.4109729791033283,0.9858902702089667
Greece,GRC,2018,213298873494.394,209338528374.312,158931482.97665867,2547401910.19617,225817961.485205,2773219871.681375,2932151354.658034,210366722139.736,1.3746679982982113,0.9862533200170179
Guatemala,GTM,2008,38503720224.3166,37869720191.5125,337495083.0233939,301656187.855526,400033482.720668,701689670.576194,1039184753.5995879,37464535470.71701,2.698920383655034,0.9730107961634497
Guatemala,GTM,2009,37126148264.6383,36396848186.4057,234295919.91265386,327267112.803004,377997610.648478,705264723.451482,939560643.364136,36186587621.27416,2.5307248052420324,0.9746927519475796
Guatemala,GTM,2010,40676578423.4871,39642878334.4674,328758930.5859094,326935083.28512,402643129.015698,729578212.300818,1058337142.8867273,39618241280.60037,2.6018342346012835,0.9739816576539871
Guatemala,GTM,2011,46876006272.2387,45572706218.2146,587638527.2935587,350185257.323802,437943972.30345,788129229.627252,1375767756.9208107,45500238515.31789,2.934908210675753,0.9706509178932424
Guatemala,GTM,2012,49593929487.1263,48568929273.3039,405174752.3787149,377501077.911977,444859286.603457,822360364.515434,1227535116.8941488,48366394370.23215,2.475172122049325,0.9752482787795067
Guatemala,GTM,2013,52996420177.4409,51760240817.7157,312226740.43828344,420230018.648806,422608314.673257,842838333.322063,1155065073.7603464,51841355103.68056,2.179515276490363,0.9782048472350964
Guatemala,GTM,2014,57852159007.6243,56334603910.6685,570547941.1848882,469707053.126837,430705042.427273,900412095.55411,1470960036.7389984,56381198970.8853,2.5426190862559537,0.9745738091374405
Guatemala,GTM,2015,62186066547.6566,60699518329.313,290024810.2979278,568187867.007794,443730440.527183,1011918307.534977,1301943117.8329048,60884123429.8237,2.093625131982179,0.9790637486801782
Guatemala,GTM,2016,66053408205.8838,64627692558.5041,271902657.1835244,628093076.1987,448608381.296343,1076701457.495043,1348604114.6785674,64704804091.20523,2.041687403131512,0.9795831259686849
Guatemala,GTM,2017,71653780740.4226,70152066137.1849,154516190.45717373,620001216.621888,473964137.104829,1093965353.726717,1248481544.1838908,70405299196.23872,1.7423805572893767,0.9825761944271062
Guatemala,GTM,2018,73328356007.6152,71826214107.5505,166441981.66849655,717754608.225822,462738379.082026,1180492987.307848,1346934968.9763446,71981421038.63885,1.8368541752612981,0.9816314582473871
Guinea,GIN,2008,6964179983.17212,6872979187.76121,638125088.2862158,53943856.4999606,132988499.671219,186932356.1711796,825057444.4573953,6139122538.714725,11.847158552062426,0.8815284144793757
Guinea,GIN,2009,6716905339.73136,6548704517.07605,585600606.5099074,58549048.0468296,134138667.151395,192687715.1982246,778288321.708132,5938617018.023229,11.587007443806838,0.8841299255619316
Guinea,GIN,2010,6853467145.53089,6776357145.53601,619125476.1032991,71445606.4853646,141103021.144878,212548627.6302426,831674103.7335417,6021793041.797349,12.135085586218528,0.8786491441378147
Guinea,GIN,2011,6785137203.33153,6651747203.33222,632568608.2685908,78150370.6984698,136089942.561621,214240313.26009083,846808921.5286816,5938328281.802848,12.480350745345211,0.8751964925465479
Guinea,GIN,2012,7638044556.84656,7516064556.84534,731892569.8028092,77053720.9724796,147616590.290014,224670311.2624936,956562881.0653028,6681481675.781257,12.523661965389596,0.874763380346104
Guinea,GIN,2013,8376613539.28278,7971453539.25905,733645029.250079,70469343.7467519,166119951.440533,236589295.18728492,970234324.437364,7406379214.845416,11.582655925182348,0.8841734407481765
Guinea,GIN,2014,8778473372.82124,8566213820.86128,887902058.826965,75422495.9046087,173587597.066622,249010092.9712307,1136912151.7981956,7641561221.023044,12.951137441712296,0.870488625582877
Guinea,GIN,2015,8794201742.84609,8650895056.71164,893687705.6464773,88322958.8156754,176284123.075016,264607081.8906914,1158294787.5371687,7635906955.308922,13.171119123795613,0.8682888087620438
Guinea,GIN,2016,8595955222.49719,8493617258.44898,1053219559.6009387,101270580.682081,158594464.959058,259865045.64113897,1313084605.2420776,7282870617.255113,15.27561011259685,0.8472438988740315
Guinea,GIN,2017,10324668271.1362,10274041364.5995,1083260024.7901068,124973086.809942,178777378.51077,303750465.320712,1387010490.1108189,8937657781.025381,13.433947258028295,0.8656605274197171
Guinea,GIN,2018,11857030366.7891,11675180326.704,824729605.2815338,146920296.161755,205112277.804429,352032573.966184,1176762179.2477179,10680268187.541382,9.9245944629084,0.900754055370916
Guinea-Bissau,GNB,2008,952667544.037289,937967379.917797,152280430.02304578,5904302.69750898,26273650.7421252,32177953.439634178,184458383.46267995,768209160.574609,19.36230373514855,0.8063769626485144
Guinea-Bissau,GNB,2009,890167833.369849,879057739.236128,153064484.89488548,6352019.8216922,24001075.6585038,30353095.480196,183417580.37508148,706750252.9947674,20.60483130251178,0.7939516869748822
Guinea-Bissau,GNB,2010,940112538.936436,937792524.96667,140621472.02558252,6858778.06928936,23348529.3021818,30207307.37147116,170828779.3970537,769283759.5393823,18.17109891867999,0.8182890108132002
Guinea-Bissau,GNB,2011,1157074319.19388,1138565679.34057,149967393.79933572,7158812.73574909,27642298.9463551,34801111.68210419,184768505.48143992,972305813.7124401,15.968594446912102,0.840314055530879
Guinea-Bissau,GNB,2012,1049412177.11413,1016379261.16589,173060594.4520371,7767512.13506707,24842774.5331643,32610286.668231368,205670881.12026846,843741295.9938616,19.598674915881073,0.8040132508411892
Guinea-Bissau,GNB,2013,1109682824.13594,1101660822.48323,190264404.07771906,8081346.51247703,25712425.5310381,33793772.04351513,224058176.12123418,885624648.0147059,20.19119078424037,0.7980880921575964
Guinea-Bissau,GNB,2014,1135250721.0374,1172586039.98851,211754967.02649137,9091104.73961627,25662747.9754395,34753852.71505577,246508819.74154714,888741901.2958529,21.71404212069433,0.7828595787930567
Guinea-Bissau,GNB,2015,1152384166.79638,1177955665.04504,228499986.6293328,9736389.34846143,23681731.1245363,33418120.47299773,261918107.10233054,890466059.6940495,22.72836738380926,0.7727163261619073
Guinea-Bissau,GNB,2016,1245074264.10396,1262696604.04753,230333762.8201447,11132581.913501,25168918.7055608,36301500.6190618,266635263.4392065,978439000.6647536,21.41520960848832,0.7858479039151168
Guinea-Bissau,GNB,2017,1469978606.12143,1484360824.18744,236802684.70622855,11599298.8636577,26890932.5432199,38490231.4068776,275292916.11310613,1194685690.0083237,18.72768181568795,0.8127231818431205
Guinea-Bissau,GNB,2018,1554133593.91699,1502990770.71439,153857114.634373,12537198.3255749,28904813.1659655,41442011.4915404,195299126.1259134,1358834467.7910767,12.566431025642238,0.8743356897435777
Guyana,GUY,2008,3025187433.33637,3010394913.58716,243640059.72361737,42940384.1271493,17458666.7879379,60399050.91508719,304039110.63870454,2721148322.697665,10.050256962207166,0.8994974303779284
Guyana,GUY,2009,3165663152.73351,3148777420.44619,268588670.58730173,45016487.3532439,17577427.6081438,62593914.9613877,331182585.5486894,2834480567.1848207,10.461712746118215,0.8953828725388179
Guyana,GUY,2010,3432912516.92427,3445692394.42255,425643466.4583631,50297706.6931534,18714936.404467,69012643.0976204,494656109.55598354,2938256407.3682866,14.409225609954444,0.8559077439004555
Guyana,GUY,2011,3691384317.52178,3682055317.31347,496332840.0323969,54585949.6102732,19588142.4251641,74174092.0354373,570506932.0678343,3120877385.4539456,15.45509443055893,0.8454490556944108
Guyana,GUY,2012,4063088535.76331,4087055581.43303,542714764.3017073,62140097.0805365,21416281.2840363,83556378.3645728,626271142.66628,3436817393.0970297,15.41367206630722,0.8458632793369278
Guyana,GUY,2013,4167800928.83553,4196300929.03271,494407443.7460657,64004264.995376,21529790.7325311,85534055.72790709,579941499.4739728,3587859429.361557,13.914808057687308,0.8608519194231269
Guyana,GUY,2014,4127660151.8087,4154360152.00778,388170483.18132097,69361757.4045978,22136325.9072633,91498083.3118611,479668566.49318206,3647991585.315518,11.620834779311862,0.8837916522068814
Guyana,GUY,2015,4279840193.7046,4304540193.7046,318266492.4069413,72327460.7705397,23280301.1128891,95607761.8834288,413874254.2903701,3865965939.41423,9.670320282031916,0.9032967971796808
Guyana,GUY,2016,4482697336.56174,4436690887.65133,586166119.1357323,89060655.3080083,23488544.5880057,112549199.896014,698715319.0317463,3783982017.5299935,15.58693943784449,0.8441306056215551
Guyana,GUY,2017,4748174334.14044,4665466504.11622,505105970.96619684,92420220.3378911,23829042.9121608,116249263.2500519,621355234.2162488,4126819099.9241915,13.086192512953133,0.8691380748704687
Guyana,GUY,2018,4787636997.85343,4688671632.69089,289981334.87300205,101472947.85298,23023310.466125,124496258.319105,414477593.1921071,4373159404.661323,8.65724768561069,0.9134275231438931
Haiti,HTI,2008,10432962634.8748,10438508738.9021,41701990.42559553,54480610.7816624,222284879.446096,276765490.2277584,318467480.6533539,10114495154.221445,3.052512424311739,0.9694748757568826
Haiti,HTI,2009,11597002834.7786,11609798908.3376,39135677.8630935,54958779.4627789,236026334.366034,290985113.8288129,330120791.6919064,11266882043.086695,2.846604389040044,0.9715339561095996
Haiti,HTI,2010,11859312725.1448,11881595333.3012,78952349.38278715,70302477.8717721,157255181.223234,227557659.0950061,306510008.4777933,11552802716.667007,2.5845511926497435,0.9741544880735026
Haiti,HTI,2011,13008746038.8867,13046543752.3463,68978523.00232528,80536646.49964,269894925.936247,350431572.435887,419410095.4382123,12589335943.448488,3.2240624437165577,0.9677593755628344
Haiti,HTI,2012,13708925477.1304,13763468551.0579,67646335.70912734,75189519.8379059,281672476.617481,356861996.4553869,424508332.1645142,13284417144.965885,3.096583556987678,0.9690341644301232
Haiti,HTI,2013,14902488604.2421,14934015430.1222,87404178.59130363,85662276.1150455,294761664.371735,380423940.48678046,467828119.0780841,14434660485.164015,3.1392617132746157,0.9686073828672538
Haiti,HTI,2014,15146883497.6331,15195978881.0564,105920255.93720329,101685685.367678,294454669.476144,396140354.843822,502060610.7810253,14644822886.852076,3.314613272489212,0.9668538672751079
Haiti,HTI,2015,14849629308.6025,14890262233.9364,85350589.4484228,114054845.172961,283935592.382954,397990437.555915,483341027.0043378,14366288281.598164,3.2549029808059537,0.9674509701919405
Haiti,HTI,2016,14069277526.2278,14117174028.1575,111175599.87118636,120662818.625247,264855637.893428,385518456.51867497,496694056.38986135,13572583469.837938,3.530345147175683,0.9646965485282432
Haiti,HTI,2017,15093357161.1498,15151864668.1994,99213612.60282311,124598916.238571,276728432.914606,401327349.15317696,500540961.75600004,14592816199.393799,3.3162997231947147,0.9668370027680528
Haiti,HTI,2018,16403864617.8458,16454143146.8647,72234262.2502209,128898071.671363,297161047.767804,426059119.439167,498293381.6893879,15905571236.156412,3.0376584621851475,0.9696234153781486
Honduras,HND,2008,13881731875.7466,13474643507.3915,160620080.6592516,230536187.94249,107845684.705292,338381872.647782,499001953.30703366,13382729922.439566,3.5946664131934605,0.9640533358680654
Honduras,HND,2009,14587496229.1811,14298648856.0526,157676393.60545853,222873030.837716,120769222.025232,343642252.862948,501318646.46840656,14086177582.712694,3.43663256937513,0.9656336743062487
Honduras,HND,2010,15839344591.9842,15110478377.9922,348194383.9456916,233770033.1415,128223757.539609,361993790.681109,710188174.6268005,15129156417.357399,4.483696724334192,0.955163032756658
Honduras,HND,2011,17710275685.4074,16768716965.8081,38980553.73945733,262788102.56505,142240569.668651,405028672.233701,444009225.9731583,17266266459.43424,2.507071227236777,0.9749292877276322
Honduras,HND,2012,18528554397.5695,17246974067.0948,47821296.21049072,287087241.400709,140813167.985993,427900409.38670194,475721705.59719265,18052832691.97231,2.567505782639978,0.9743249421736002
Honduras,HND,2013,18499729214.904,17196025367.0829,10961749.51871952,302888863.588292,143330349.329874,446219212.91816604,457180962.43688554,18042548252.467113,2.4712846178773558,0.9752871538212264
Honduras,HND,2014,19756533971.8698,18168820189.9466,40143577.80760054,318525362.096895,146887858.883389,465413220.980284,505556798.78788453,19250977173.081917,2.558934677042629,0.9744106532295738
Honduras,HND,2015,20979791685.416,19549522844.999,18856707.16626263,345294102.821106,152407232.12059,497701334.94169605,516558042.1079587,20463233643.30804,2.462169547980033,0.9753783045201997
Honduras,HND,2016,21717604952.1835,20198525790.5205,26915606.168156058,340082428.654049,141298553.503762,481380982.157811,508296588.3259671,21209308363.857533,2.3404817862978096,0.9765951821370219
Honduras,HND,2017,23136247990.5977,21719792887.0182,24280486.02821645,346482288.084714,147025492.646715,493507780.731429,517788266.75964546,22618459723.83805,2.237995836533523,0.9776200416346648
Honduras,HND,2018,24067750760.499,22171632459.6925,262326.5075292367,393746401.186257,140185284.264442,533931685.450699,534194011.95822823,23533556748.54077,2.2195427286664886,0.9778045727133351
Hungary,HUN,2008,158228265915.534,147956578602.583,676001259.3997859,1422668535.36695,340434034.033206,1763102569.400156,2439103828.799942,155789162086.73407,1.5415095493127493,0.9845849045068725
Hungary,HUN,2009,130807441076.16,125207038390.999,426343235.593687,1321220103.15842,298379983.535463,1619600086.693883,2045943322.28757,128761497753.87244,1.5640878725670948,0.984359121274329
Hungary,HUN,2010,131898737241.166,125836807155.767,403601494.4019942,1368326285.93256,277839121.729561,1646165407.6621208,2049766902.064115,129848970339.10188,1.5540458877299843,0.9844595411227002
Hungary,HUN,2011,141712804953.868,135123896446.246,610685947.7766566,1399249632.69917,284759050.848948,1684008683.548118,2294694631.3247747,139418110322.54324,1.6192570827115897,0.9838074291728841
Hungary,HUN,2012,128470269689.958,123305496344.285,541803432.5861917,1349372217.58568,251033385.894708,1600405603.480388,2142209036.0665796,126328060653.89142,1.6674745380674032,0.983325254619326
Hungary,HUN,2013,135646053778.582,131906689912.604,464242593.752561,1317582681.13717,244337702.839604,1561920383.976774,2026162977.7293348,133619890800.85266,1.49371317578961,0.9850628682421039
Hungary,HUN,2014,141128696412.321,134985090390.582,365747540.777462,1368042891.12388,242708842.928238,1610751734.0521178,1976499274.8295798,139152197137.49142,1.4004942475023348,0.9859950575249766
Hungary,HUN,2015,125244126623.289,119367968281.528,200769874.65120113,1508444923.3487,216177610.998187,1724622534.346887,1925392408.9980884,123318734214.29091,1.5373115378011413,0.9846268846219886
Hungary,HUN,2016,128983560865.293,125685290739.666,148959003.53573087,1589086277.04433,213890237.033794,1802976514.0781238,1951935517.6138546,127031625347.67914,1.5133211585408242,0.9848667884145917
Hungary,HUN,2017,143335098991.862,137733213895.3,212998523.6448576,1737649739.21346,227147472.755245,1964797211.968705,2177795735.6135626,141157303256.24844,1.519373657206741,0.9848062634279325
Hungary,HUN,2018,161184691013.835,155170472530.794,354381350.1533052,1817893857.62347,251831028.746156,2069724886.369626,2424106236.522931,158760584777.31207,1.5039308145677743,0.9849606918543222
India,IND,2008,1198895139005.92,1191736971828.07,39150155131.436226,38227139775.8079,18604495823.7851,56831635599.593,95981790731.02924,1102913348274.8906,8.005853690474874,0.9199414630952513
India,IND,2009,1341888016994.9,1333878515185.91,21179792013.689533,43218037518.5465,20027009104.3301,63245046622.8766,84424838636.56613,1257463178358.3337,6.291496575521401,0.937085034244786
India,IND,2010,1675615519484.96,1657660502177.3,37156232607.81848,47439310583.2614,24190828098.3263,71630138681.5877,108786371289.40619,1566829148195.5537,6.49232297173067,0.9350767702826933
India,IND,2011,1823051829894.55,1807020595447.34,46116766671.669136,52400720402.4541,26495255045.5618,78895975448.0159,125012742119.68503,1698039087774.865,6.85733340488274,0.9314266659511726
India,IND,2012,1827637590410.41,1806177396650.21,35097438759.46749,59326391664.2192,26626084748.894,85952476413.1132,121049915172.58069,1706587675237.829,6.623299707104302,0.933767002928957
India,IND,2013,1856721507621.58,1833600950822.72,33231815323.00937,63759562942.6471,26233818666.7407,89993381609.3878,123225196932.39717,1733496310689.1829,6.636708651597731,0.9336329134840227
India,IND,2014,2039126479154.52,2015014420953.0,28383024691.623497,72294822586.7472,27085459052.7427,99380281639.4899,127763306331.1134,1911363172823.4067,6.265590076790509,0.9373440992320949
India,IND,2015,2103588360044.94,2079182865637.81,18550161599.22354,75040439437.4122,26770653730.7772,101811093168.18939,120361254767.41293,1983227105277.527,5.721711388669289,0.9427828861133071
India,IND,2016,2294796885663.16,2268496715258.31,19279840295.844044,78834839540.8265,27307395803.4496,106142235344.27611,125422075640.12015,2169374810023.04,5.465497901958112,0.9453450209804188
India,IND,2017,2651474262755.45,2622801076651.03,22765541147.213894,86822993063.7043,30248568761.1619,117071561824.8662,139837102972.08008,2511637159783.37,5.273937783833487,0.9472606221616652
India,IND,2018,2702929641648.74,2673994276922.32,27347618852.753887,96063539126.5367,30317568107.6846,126381107234.2213,153728726086.9752,2549200915561.765,5.68748530180768,0.9431251469819232
Indonesia,IDN,2008,510228634992.258,492096264957.834,32930871632.21112,10094747796.1987,3637429821.24506,13732177617.44376,46663049249.65488,463565585742.60315,9.145517528698266,0.9085448247130173
Indonesia,IDN,2009,539580085612.401,520694549000.656,19879620114.849686,10800642528.3059,3832308927.94519,14632951456.251091,34512571571.10078,505067514041.30023,6.3961907585841375,0.9360380924141586
Indonesia,IDN,2010,755094157621.936,734988311294.588,30945380181.334522,11874831048.7495,5218305605.82747,17093136654.57697,48038516835.91149,707055640786.0245,6.3619240529157475,0.9363807594708425
Indonesia,IDN,2011,892969104563.171,868239118620.982,46106089047.507065,14177730583.3608,5971901628.11563,20149632211.47643,66255721258.98349,826713383304.1875,7.419710370763047,0.9258028962923696
Indonesia,IDN,2012,917869913332.649,891961469646.657,32759577165.463127,14960539376.043,6011024364.06511,20971563740.10811,53731140905.571236,864138772427.0778,5.853894993734081,0.9414610500626592
Indonesia,IDN,2013,912524136718.018,885249528973.057,28855276466.041397,14479833506.1152,5788552025.53373,20268385531.64893,49123661997.69032,863400474720.3276,5.383272619436495,0.946167273805635
Indonesia,IDN,2014,890814755533.537,860946502333.067,24153976287.458096,16293616122.3289,5485135049.7576,21778751172.0865,45932727459.54459,844882028073.9924,5.1562602857912925,0.9484373971420871
Indonesia,IDN,2015,860854232686.214,832298853324.924,13649583903.968327,16988260275.3101,5184079271.86929,22172339547.17939,35821923451.14772,825032309235.0663,4.161206635340433,0.9583879336465957
Indonesia,IDN,2016,931877364037.698,902045435913.47,12748145246.905703,17327684408.0244,5296346646.0902,22624031054.1146,35372176301.0203,896505187736.6777,3.7957973512477468,0.9620420264875226
Indonesia,IDN,2017,1015618744159.73,983437956196.751,16482824579.132778,19356610732.108,5581426929.4247,24938037661.5327,41420862240.66548,974197881919.0645,4.078386941837608,0.9592161305816239
Indonesia,IDN,2018,1042271532988.63,1011212626753.14,24697785390.36443,22605744066.0273,5609798285.81328,28215542351.840584,52913327742.20502,989358205246.425,5.0767315490695815,0.9492326845093042
"Iran, Islamic Rep.",IRN,2008,406070949553.875,407406249553.875,36936842373.15869,14037479411.782,1957637563.06261,15995116974.84461,52931959348.0033,353138990205.8717,13.035150484455082,0.8696484951554492
"Iran, Islamic Rep.",IRN,2009,414059094949.063,413937394949.063,21772841432.41944,14976680987.1615,2008124289.47482,16984805276.63632,38757646709.05576,375301448240.0072,9.360414293960552,0.9063958570603945
"Iran, Islamic Rep.",IRN,2010,487069570463.768,487148670463.768,27413239069.422398,15465687056.2762,2201775764.44839,17667462820.72459,45080701890.14699,441988868573.62103,9.255495441282227,0.9074450455871778
"Iran, Islamic Rep.",IRN,2011,629082257472.368,629549226632.111,38177787642.52495,16466760715.4876,2755280241.72307,19222040957.21067,57399828599.73562,571682428872.6324,9.124375694581856,0.9087562430541815
"Iran, Islamic Rep.",IRN,2012,644019315003.54,648228253786.387,27197617651.783405,17371885388.1256,2972825887.83242,20344711275.95802,47542328927.741425,596476986075.7986,7.382127805822117,0.9261787219417789
"Iran, Islamic Rep.",IRN,2013,500399839839.877,503591523606.15,23308854865.11454,18868328231.9284,2305400141.04756,21173728372.97596,44482583238.0905,455917256601.7865,8.889407968700489,0.9111059203129951
"Iran, Islamic Rep.",IRN,2014,462284793280.825,464664338145.23,21657859934.0116,20382591901.8312,2030111658.37878,22412703560.20998,44070563494.22158,418214229786.60345,9.533206398906989,0.9046679360109301
"Iran, Islamic Rep.",IRN,2015,409191686496.677,409496710332.525,11995401302.105051,20835177405.9364,1844441712.28039,22679619118.216793,34675020420.321846,374516666076.35516,8.474028570129182,0.9152597142987082
"Iran, Islamic Rep.",IRN,2016,478618064870.999,478984282622.154,14755639152.995354,21805855665.5488,1871911759.54878,23677767425.09758,38433406578.09293,440184658292.90607,8.030078553021571,0.9196992144697843
"Iran, Islamic Rep.",IRN,2017,510239893417.645,511236403234.717,22744726404.42712,23438814645.3541,1913912112.2695,25352726757.6236,48097453162.05072,462142440255.5943,9.426439167641027,0.9057356083235897
"Iran, Islamic Rep.",IRN,2018,411903303606.044,413890240211.002,33790795908.152813,24973707548.3496,1315453427.73614,26289160976.085743,60079956884.238556,351823346721.8054,14.585937126083543,0.8541406287391645
Iraq,IRQ,2008,131614434153.505,135100234153.508,14349843276.461,2365478358.9755,737922330.421109,3103400689.3966093,17453243965.85761,114161190187.6474,13.26088895804656,0.8673911104195344
Iraq,IRQ,2009,111657580326.315,114752680326.348,8640819209.543087,2601566247.66956,676572526.335906,3278138774.005466,11918957983.548553,99738622342.76645,10.67456230800977,0.8932543769199023
Iraq,IRQ,2010,138516722649.573,140109922649.573,12053890196.559202,3102168320.80841,867606554.121729,3969774874.930139,16023665071.489342,122493057578.08365,11.5680365265549,0.884319634734451
Iraq,IRQ,2011,185749664444.444,185512264444.444,20693349879.369835,3371800901.21213,1160157506.47224,4531958407.68437,25225308287.054207,160524356157.3898,13.580271255132658,0.8641972874486734
Iraq,IRQ,2012,218002476129.472,219061676129.458,21668664952.105423,4008036261.69461,1276196255.69408,5284232517.38869,26952897469.494114,191049578659.97787,12.363574005226779,0.8763642599477323
Iraq,IRQ,2013,234637675128.645,233577245128.645,21980530333.06913,4496461396.84073,1342611285.67145,5839072682.512179,27819603015.58131,206818072113.0637,11.856409248995764,0.8814359075100423
Iraq,IRQ,2014,228415656174.957,227112056174.957,24369379697.469116,4513228036.44449,1305058423.70954,5818286460.15403,30187666157.623146,198227990017.33386,13.216110779420752,0.8678388922057925
Iraq,IRQ,2015,166774104959.102,165257898274.117,16431083526.839752,4630696236.38044,949976497.939998,5580672734.320437,22011756261.16019,144762348697.9418,13.198545581496676,0.8680145441850332
Iraq,IRQ,2016,166743557747.671,165182357747.671,15981909828.093327,5107700212.30975,874118248.41712,5981818460.72687,21963728288.820198,144779829458.8508,13.172160043542656,0.8682783995645734
Iraq,IRQ,2017,187217660050.676,185776960050.676,21286600983.902016,5802642823.16264,1012762219.51772,6815405042.68036,28102006026.582375,159115654024.09363,15.010339312528384,0.8498966068747161
Iraq,IRQ,2018,227367469034.031,225613469034.031,30184383911.830414,6392012112.54932,1240759406.60776,7632771519.15708,37817155430.987495,189550313603.04352,16.632614855437936,0.8336738514456207
Ireland,IRL,2008,275447471451.063,238433636292.015,52999037.6418351,1228631689.76911,113230685.047415,1341862374.816525,1394861412.4583602,274052610038.6046,0.5063983361728518,0.9949360166382715
Ireland,IRL,2009,236443115853.695,197524076527.478,54840674.8062306,1120164904.42311,99578613.4929693,1219743517.9160793,1274584192.7223098,235168531660.9727,0.539065892496105,0.994609341075039
Ireland,IRL,2010,221732824603.484,186354043029.834,170541868.94647518,1148559530.61248,85159708.1780698,1233719238.7905498,1404261107.737025,220328563495.74698,0.6333122352309426,0.9936668776476906
Ireland,IRL,2011,240975871046.644,196529152991.975,160179682.83901504,1094105246.67171,89747809.4174398,1183853056.0891497,1344032738.9281647,239631838307.71585,0.5577457747493759,0.9944225422525063
Ireland,IRL,2012,226921827888.137,183776573763.854,73555681.4209594,1153630935.48655,80240305.1773902,1233871240.6639402,1307426922.0848997,225614400966.0521,0.5761574081491212,0.9942384259185088
Ireland,IRL,2013,242924245718.756,204648875932.735,29097563.08772789,1154339506.24745,79027635.4159018,1233367141.663352,1262464704.7510798,241661781014.00494,0.5196948130952226,0.9948030518690478
Ireland,IRL,2014,266490442124.309,224954564861.563,34506313.24928297,1196321953.57735,71349733.2767791,1267671686.854129,1302178000.1034122,265188264124.20557,0.4886396636679379,0.9951136033633207
Ireland,IRL,2015,302101388556.271,234700143610.625,7638241.094274388,1288680718.17375,60475800.2680661,1349156518.441816,1356794759.5360904,300744593796.7349,0.4491190080324136,0.9955088099196758
Ireland,IRL,2016,305431252708.748,248782924535.334,146660040.79209518,1394086526.32566,53165182.0609602,1447251708.3866203,1593911749.1787155,303837340959.5693,0.5218561411260122,0.9947814385887399
Ireland,IRL,2017,348355212568.515,273266801596.073,320175344.36960673,1413617721.09472,51998559.7697007,1465616280.8644207,1785791625.2340274,346569420943.281,0.5126352529841294,0.9948736474701587
Ireland,IRL,2018,395780319816.603,299883857691.386,396594446.3996357,1475471554.94225,56500924.7320508,1531972479.674301,1928566926.0739365,393851752890.5291,0.4872821687969665,0.9951271783120303
Israel,ISR,2008,221231658862.876,219876430323.3,440720372.81667,1790345589.45242,236265713.708661,2026611303.161081,2467331675.9777513,218764327186.89825,1.115270612108485,0.9888472938789151
Israel,ISR,2009,213403181852.86,211169929303.461,280963815.737742,1815296854.90926,225904539.478023,2041201394.387283,2322165210.1250253,211081016642.73495,1.088158662847936,0.9891184133715206
Israel,ISR,2010,239679036634.372,238181202869.77,168333355.90475464,2015337571.8039,248170520.064857,2263508091.8687572,2431841447.773512,237247195186.5985,1.0146241748640072,0.9898537582513599
Israel,ISR,2011,268094998225.028,267725533097.622,337613923.63836294,2082617975.82224,274272173.326838,2356890149.1490784,2694504072.7874413,265400494152.24057,1.0050557043685642,0.9899494429563144
Israel,ISR,2012,263589172712.391,260078188150.714,338235528.5287979,2363187816.1182,270705774.206675,2633893590.324875,2972129118.853673,260617043593.53732,1.1275611544547908,0.9887243884554521
Israel,ISR,2013,298478070673.058,295808919732.928,445188163.60642576,2165800865.34384,298762381.494444,2464563246.838284,2909751410.44471,295568319262.6133,0.9748627106451443,0.9902513728935486
Israel,ISR,2014,315017088116.716,316302589908.956,457091801.55525935,2179171431.35382,299443068.605758,2478614499.959578,2935706301.5148373,312081381815.2012,0.9319196996790003,0.99068080300321
Israel,ISR,2015,303469434072.296,303903607563.998,433479875.5063559,2299874224.36769,283881470.179822,2583755694.547512,3017235570.053868,300452198502.2421,0.9942469426212767,0.9900575305737872
Israel,ISR,2016,321940971558.016,322203178697.588,426079212.5561057,2333532917.89374,290269980.960632,2623802898.854372,3049882111.4104776,318891089446.6055,0.9473420225610681,0.9905265797743893
Israel,ISR,2017,358451839052.991,360060628227.813,284780334.2683025,2454935482.81036,308435720.097818,2763371202.908178,3048151537.1764803,355403687515.8146,0.8503657130702669,0.9914963428692973
Israel,ISR,2018,376299083108.497,379545369225.599,473581256.8941083,2393037855.62109,326156556.863308,2719194412.484398,3192775669.378506,373106307439.1185,0.8484675654811301,0.9915153243451887
Italy,ITA,2008,2417508414187.19,2395204407503.59,2800104467.718842,11942257697.4565,1671140467.33945,13613398164.795948,16413502632.51479,2401094911554.6753,0.678942937124509,0.993210570628755
Italy,ITA,2009,2209484319012.65,2207916444092.23,1383538407.7540596,10965795344.0886,1565554956.64243,12531350300.73103,13914888708.485088,2195569430304.1648,0.6297799259649527,0.9937022007403504
Italy,ITA,2010,2144936254535.0,2140256474701.67,1618999996.4019682,11581904062.1595,1448167549.79546,13030071611.95496,14649071608.356928,2130287182926.643,0.6829606976610454,0.9931703930233895
Italy,ITA,2011,2306974020278.21,2301054034587.55,2713802712.495941,11832622937.9042,1520486068.76384,13353109006.66804,16066911719.16398,2290907108559.046,0.6964496165945757,0.9930355038340543
Italy,ITA,2012,2097929495121.68,2095278205218.4,2688540527.3559823,11705640787.5461,1424265948.20386,13129906735.74996,15818447263.105942,2082111047858.574,0.7540028060947056,0.992459971939053
Italy,ITA,2013,2153225581941.46,2149524116966.16,2496518830.790078,11199452974.6333,1454301843.82804,12653754818.46134,15150273649.25142,2138075308292.2085,0.7036082877852116,0.9929639171221479
Italy,ITA,2014,2173255507985.84,2173256836486.62,2170017175.800505,11027172903.3911,1444463151.21005,12471636054.60115,14641653230.401655,2158613854755.4385,0.6737198261593919,0.9932628017384061
Italy,ITA,2015,1845428048839.1,1832663768740.19,1038513430.1857232,11748344102.2971,1221665935.70033,12970010037.99743,14008523468.183153,1831419525370.917,0.7590934513537616,0.9924090654864623
Italy,ITA,2016,1887111188176.93,1892222866752.03,513677439.73529476,11970757373.3458,1137908777.94009,13108666151.28589,13622343591.021185,1873488844585.9087,0.721862266323655,0.9927813773367634
Italy,ITA,2017,1970720904584.71,1981352334136.47,801896748.0408201,12317332877.0299,1141899812.97831,13459232690.00821,14261129438.04903,1956459775146.661,0.7236503862556997,0.992763496137443
Italy,ITA,2018,2099435266458.67,2122050545321.41,1459716448.7626522,12728391075.8441,1236203848.20423,13964594924.04833,15424311372.810982,2084010955085.859,0.7346885907479673,0.9926531140925203
Jamaica,JAM,2008,13709401520.0326,13141139947.8887,165130328.73049498,258179052.645982,36028079.6033195,294207132.2493015,459337460.97979647,13250064059.052803,3.350528907542749,0.9664947109245725
Jamaica,JAM,2009,12120458114.8318,11452543825.4573,75766649.73681289,217625721.799393,34371263.4953907,251996985.2947837,327763635.0315966,11792694479.800203,2.7042182063276377,0.9729578179367236
Jamaica,JAM,2010,13220549908.2494,12725932639.2705,42502716.463789165,213765255.149298,33799947.9093429,247565203.0586409,290067919.52243006,12930481988.726969,2.194068488342024,0.9780593151165797
Jamaica,JAM,2011,14444661522.1463,13926261521.2056,94140726.67600074,224607760.862747,38825217.8309982,263432978.6937452,357573705.36974597,14087087816.776554,2.475473065405649,0.9752452693459435
Jamaica,JAM,2012,14807086555.5283,14607386559.5779,83102813.6105058,216247539.025495,37767611.0900845,254015150.1155795,337117963.7260853,14469968591.802214,2.276733930485609,0.9772326606951439
Jamaica,JAM,2013,14264205152.6126,13930605096.5238,75791344.15180379,239207859.852109,36287931.7810663,275495791.63317525,351287135.78497905,13912918016.827621,2.462717915415272,0.9753728208458473
Jamaica,JAM,2014,13899217679.9219,13600817725.6498,70809664.59437306,242092744.446907,38816422.6230628,280909167.06996983,351718831.6643429,13547498848.257557,2.5304937282363595,0.9746950627176364
Jamaica,JAM,2015,14963589915.5912,14523589885.498,19721644.551472604,246539291.68696,39263192.8162113,285802484.5031713,305524129.0546439,14658065786.536556,2.0417836279802417,0.9795821637201976
Jamaica,JAM,2016,14898999754.1229,14303999953.8911,25319948.97878061,271850472.090629,37043522.77787,308893994.868499,334213943.8472796,14564785810.27562,2.243197190165707,0.977568028098343
Jamaica,JAM,2017,15783583236.675,15362583374.854,51266172.88947753,270151402.315768,37790529.9477442,307941932.2635122,359208105.15298975,15424375131.522009,2.2758336923033315,0.9772416630769667
Jamaica,JAM,2018,16855447986.2221,16259448023.2202,70897075.24650998,337328986.536435,37893088.5500275,375222075.0864625,446119150.33297247,16409328835.889128,2.646735647119176,0.9735326435288082
Japan,JPN,2008,5106679115127.3,5243862441285.03,436868019.10921323,31084006065.3922,3965832843.65389,35049838909.04609,35486706928.155304,5071192408199.145,0.6949077106300746,0.9930509228936992
Japan,JPN,2009,5289493117993.89,5422436226957.12,389541001.8131018,30406289271.1255,4232171828.41075,34638461099.53625,35028002101.34935,5254465115892.54,0.6622185022264372,0.9933778149777356
Japan,JPN,2010,5759071769013.11,5912477091132.79,457203185.9468285,33050165437.109,4329161678.09791,37379327115.20691,37836530301.15374,5721235238711.957,0.6569900813657873,0.9934300991863422
Japan,JPN,2011,6233147172341.35,6414396892358.66,575304246.4923146,36197344854.5187,4718125993.07082,40915470847.58952,41490775094.08184,6191656397247.268,0.6656472877488131,0.9933435271225118
Japan,JPN,2012,6272362996105.03,6445536590964.04,518527804.8759617,38949723095.438,4741750599.10699,43691473694.54499,44210001499.42095,6228152994605.609,0.704838057473302,0.992951619425267
Japan,JPN,2013,5212328181166.18,5391605623511.27,410606616.50680196,40819851943.1359,4022216712.8473,44842068655.9832,45252675272.490005,5167075505893.689,0.8681854576233846,0.9913181454237662
Japan,JPN,2014,4896994405353.29,5079021304760.51,481632573.4286131,40981351542.9978,3908160663.24197,44889512206.23978,45371144779.66839,4851623260573.622,0.9265100390980475,0.9907348996090195
Japan,JPN,2015,4444930651964.18,4619771168713.41,428788987.8930955,41012451549.1683,3534734084.04059,44547185633.208885,44975974621.10198,4399954677343.078,1.011848736070315,0.9898815126392968
Japan,JPN,2016,5003677627544.24,5177794688417.2,330036119.34311694,41937155379.5093,3944649570.03739,45881804949.54669,46211841068.88981,4957465786475.351,0.9235575212620162,0.9907644247873798
Japan,JPN,2017,4930837369151.42,5113251596855.53,380880382.21128136,43225347408.5718,3779373201.17066,47004720609.74246,47385600991.95374,4883451768159.466,0.9610051487078146,0.9903899485129218
Japan,JPN,2018,5040880939324.86,5233677416722.46,492221405.87883425,43729357906.097,3901590239.58496,47630948145.68196,48123169551.5608,4992757769773.3,0.9546579284613261,0.9904534207153868
Jordan,JOR,2008,22658715989.3302,23070317486.934,151200321.81118625,537023177.130562,77367502.3403864,614390679.4709483,765591001.2821345,21893124988.048065,3.3787925213531316,0.9662120747864686
Jordan,JOR,2009,24537876056.338,24913369014.0845,99931512.61880887,570577070.288202,84767101.2917563,655344171.5799583,755275684.1987672,23782600372.139233,3.0779994261307917,0.969220005738692
Jordan,JOR,2010,27133804225.3521,26919156338.0282,63163036.84655863,577280522.205216,91389988.9697626,668670511.1749786,731833548.0215373,26401970677.330563,2.6971284304386596,0.9730287156956134
Jordan,JOR,2011,29524149154.9296,29259642112.6761,142733345.15994126,619237322.310503,97158989.8807864,716396312.1912894,859129657.3512306,28665019497.57837,2.9099218163507454,0.9709007818364925
Jordan,JOR,2012,31634561690.1408,31246533521.1268,132047640.3434234,749409596.866293,104587046.363981,853996643.230274,986044283.5736973,30648517406.567104,3.1169841808840544,0.9688301581911595
Jordan,JOR,2013,34454440140.8451,34115848591.5493,60661908.59288175,769344163.325499,103648630.345917,872992793.671416,933654702.2642978,33520785438.580803,2.7098240413939196,0.9729017595860608
Jordan,JOR,2014,36847643521.1268,36430961830.9859,79286066.47047938,860287814.56054,111074397.391734,971362211.952274,1050648278.4227533,35796995242.70405,2.8513309889690976,0.971486690110309
Jordan,JOR,2015,38587017887.3239,38153862957.7465,111150581.06410137,880100029.145018,115225160.029125,995325189.174143,1106475770.2382443,37480542117.085655,2.8674819429405245,0.9713251805705948
Jordan,JOR,2016,39892551126.7606,39586916901.4085,82448850.85385264,891324766.356829,117165935.294368,1008490701.6511971,1090939552.5050497,38801611574.25555,2.7346948783459224,0.9726530512165408
Jordan,JOR,2017,41608435915.493,41401816901.4085,75893872.86305504,978456962.99047,116637978.946654,1095094941.937124,1170988814.800179,40437447100.69282,2.8143062555354503,0.9718569374446455
Jordan,JOR,2018,43370860704.2254,43171142394.3662,72090473.10230519,970849343.938786,115630217.181018,1086479561.119804,1158570034.222109,42212290670.003296,2.6713097582341345,0.9732869024176587
Kazakhstan,KAZ,2008,133441648851.982,114066343535.03,15347897769.340303,6495538101.88174,432808067.909662,6928346169.791402,22276243939.131706,111165404912.85028,16.693621617221833,0.8330637838277817
Kazakhstan,KAZ,2009,115308686941.38,102891184164.86,9702966019.079306,5899369275.54154,347335017.695444,6246704293.236984,15949670312.31629,99359016629.06372,13.832149801883261,0.8616785019811674
Kazakhstan,KAZ,2010,148047348240.643,128671748240.643,13121710289.866674,6564422236.66142,419690236.508436,6984112473.169856,20105822763.03653,127941525477.60648,13.580670644877472,0.8641932935512253
Kazakhstan,KAZ,2011,192626464617.071,164881370862.216,20720763355.06239,7321377514.23991,504240072.549803,7825617586.789713,28546380941.852104,164080083675.2189,14.81955296153126,0.8518044703846874
Kazakhstan,KAZ,2012,207998568865.789,179881468864.113,20025805660.16792,7599734062.58615,501576470.098585,8101310532.684735,28127116192.852654,179871452672.93634,13.522745058405508,0.864772549415945
Kazakhstan,KAZ,2013,236634603409.089,211486897952.974,19542919480.1745,8404923942.51421,522197271.895924,8927121214.410133,28470040694.584633,208164562714.50436,12.031224632589431,0.8796877536741057
Kazakhstan,KAZ,2014,221415613595.469,198714509414.101,17412588014.75347,7044932334.23925,453270982.298106,7498203316.537356,24910791331.29083,196504822264.17816,11.250693176861219,0.8874930682313878
Kazakhstan,KAZ,2015,184388404706.042,172770506433.204,7583082231.138851,6632219610.4553,364921642.755014,6997141253.210315,14580223484.349167,169808181221.6928,7.907342930589073,0.9209265706941092
Kazakhstan,KAZ,2016,137278320084.171,123828020084.171,6846175356.418046,7259520479.2203,256362324.574564,7515882803.794864,14362058160.21291,122916261923.9581,10.462000228009009,0.89537999771991
Kazakhstan,KAZ,2017,166805788827.233,148657290109.179,11142289624.86052,8028959846.00032,285678761.002458,8314638607.002778,19456928231.863297,147348860595.3697,11.664420263025512,0.8833557973697449
Kazakhstan,KAZ,2018,179339977690.485,157278679804.064,17972005292.45142,8486116545.43106,301868884.632045,8787985430.063105,26759990722.514526,152579986967.97046,14.921375070481174,0.8507862492951882
Kenya,KEN,2008,35895153327.8497,35863494628.8632,1305224640.2776494,265961996.129274,466751207.967657,732713204.096931,2037937844.3745804,33857215483.47512,5.67747357355184,0.9432252642644816
Kenya,KEN,2009,42347217912.9176,36976859034.0263,1371231069.6180208,323400656.54345,551455521.03662,874856177.58007,2246087247.1980906,40101130665.71951,5.303978296323789,0.9469602170367621
Kenya,KEN,2010,45405615063.7551,39852484980.0245,1201202201.4842558,361228996.201566,579270136.416769,940499132.618335,2141701334.1025908,43263913729.652504,4.716820444113309,0.9528317955588669
Kenya,KEN,2011,46869473150.61,41961926464.5493,1365046932.4546874,388663875.500654,590800066.341903,979463941.842557,2344510874.297244,44524962276.31276,5.00221299002745,0.9499778700997255
Kenya,KEN,2012,56396704671.5777,50187341471.2162,1613389912.2633789,377501077.911977,693852277.09508,1071353355.007057,2684743267.270436,53711961404.30726,4.7604612413169445,0.9523953875868305
Kenya,KEN,2013,61671440407.8387,54496773151.3016,1632187208.8743956,455787955.63486,754884450.526025,1210672406.160885,2842859615.0352807,58828580792.80342,4.609685773893387,0.9539031422610661
Kenya,KEN,2014,68285796514.2896,60579831275.5359,1796722259.0765219,510111955.052955,822509527.293285,1332621482.34624,3129343741.422762,65156452772.86684,4.582715441809204,0.954172845581908
Kenya,KEN,2015,70120446896.8359,63195136105.8826,1897188433.3868008,598440182.356052,815534012.22955,1413974194.585602,3311162627.9724026,66809284268.8635,4.722107137799512,0.9527789286220049
Kenya,KEN,2016,74815144163.8931,73804818194.5745,1986111453.816422,686269824.276126,839273920.202377,1525543744.478503,3511655198.2949247,71303488965.59818,4.6937758892800465,0.9530622411071995
Kenya,KEN,2017,82036510877.2599,80475458830.12,1897641917.8595755,710176404.610624,895923912.222977,1606100316.833601,3503742234.6931763,78532768642.56673,4.270954721532892,0.9572904527846711
Kenya,KEN,2018,92202979985.2863,90812279975.0377,1253771374.639322,685236252.331123,963810945.206974,1649047197.538097,2902818572.1774187,89300161413.10889,3.1482914897551515,0.9685170851024485
"Korea, Rep.",KOR,2008,1091580692542.34,1091846742973.78,377826639.71421313,13819288457.1436,1416802237.36259,15236090694.506191,15613917334.220404,1075966775208.1195,1.4303951545583817,0.9856960484544162
"Korea, Rep.",KOR,2009,983065242417.36,981602437095.22,251111479.58475292,14544468483.7343,1286075307.13043,15830543790.86473,16081655270.449484,966983587146.9105,1.6358685646239137,0.9836413143537609
"Korea, Rep.",KOR,2010,1192830015737.68,1194538418968.23,514071979.17296934,16438775867.7514,1463380754.36867,17902156622.12007,18416228601.29304,1174413787136.387,1.5439105621351967,0.984560894378648
"Korea, Rep.",KOR,2011,1307103477219.1,1314861500732.74,737101102.2538567,17851692508.4771,1577240013.30165,19428932521.77875,20166033624.032608,1286937443595.0674,1.542803150285892,0.9845719684971411
"Korea, Rep.",KOR,2012,1335343586437.67,1348724497289.55,738392164.1891208,18651971767.2577,1640985798.80814,20292957566.06584,21031349730.254963,1314312236707.415,1.5749766534889158,0.9842502334651109
"Korea, Rep.",KOR,2013,1434669686501.84,1443405625204.06,588959009.3407573,19382300686.3309,1794927539.81449,21177228226.14539,21766187235.486145,1412903499266.354,1.5171566974805644,0.9848284330251944
"Korea, Rep.",KOR,2014,1556252422020.44,1563437084457.28,558815054.4501572,19801436363.0387,1958926640.05553,21760363003.09423,22319178057.544388,1533933243962.8955,1.434161819878041,0.9856583818012196
"Korea, Rep.",KOR,2015,1539212301135.55,1543797904863.38,255707389.15586352,21135963138.8309,1927194857.78744,23063157996.61834,23318865385.774204,1515893435749.776,1.5149869429038954,0.984850130570961
"Korea, Rep.",KOR,2016,1579150518945.44,1584633012209.59,225533921.28553075,22117208227.4638,1903741926.49233,24020950153.956127,24246484075.241657,1554904034870.1982,1.5354131087791145,0.9846458689122088
"Korea, Rep.",KOR,2017,1710196756713.17,1716812667152.84,266029494.83540702,23446673056.9995,2091259857.29707,25537932914.29657,25803962409.131977,1684392794304.0378,1.5088300400431562,0.9849116995995685
"Korea, Rep.",KOR,2018,1824251454306.83,1831172245065.8,430121249.63509375,24707684726.2939,2291834281.00938,26999519007.30328,27429640256.938374,1796821814049.8916,1.5036107106934473,0.9849638928930655
Kyrgyz Republic,KGZ,2008,5139958909.17936,4933258864.51447,124163355.28975165,201551431.136128,33151457.6715954,234702888.8077234,358866244.09747505,4781092665.081885,6.981889358231682,0.9301811064176831
Kyrgyz Republic,KGZ,2009,4690061380.60253,4508661415.35911,134552577.00626534,186694150.737185,28159045.4860756,214853196.2232606,349405773.2295259,4340655607.373004,7.44991898559412,0.9255008101440588
Kyrgyz Republic,KGZ,2010,4794361863.01353,4489261604.79334,326298453.1348459,181471837.747392,28936962.6044606,210408800.3518526,536707253.4866985,4257654609.526831,11.194550366069938,0.8880544963393006
Kyrgyz Republic,KGZ,2011,6197765984.28468,5538865998.78064,449463619.0081934,227292306.026824,33799269.1662238,261091575.1930478,710555194.2012411,5487210790.083439,11.464698667277137,0.8853530133272286
Kyrgyz Republic,KGZ,2012,6605142884.36215,6435842809.7884,155119612.69958523,312564701.35261,35013581.2190914,347578282.5717014,502697895.2712866,6102444989.090863,7.610704326494397,0.923892956735056
Kyrgyz Republic,KGZ,2013,7335033800.59056,6912033442.54566,300751057.6512536,303212124.847485,34232323.0283119,337444447.8757969,638195505.5270505,6696838295.063509,8.700648461574485,0.9129935153842551
Kyrgyz Republic,KGZ,2014,7468102412.68237,7159302170.58326,212980346.12920702,326943051.336125,32788687.4332355,359731738.76936054,572712084.8985676,6895390327.783803,7.6687765278363695,0.9233122347216363
Kyrgyz Republic,KGZ,2015,6678177511.66313,6417477543.55163,207493316.29464984,357116866.571243,28724173.6093136,385841040.1805566,593334356.4752064,6084843155.187923,8.88467482990644,0.9111532517009356
Kyrgyz Republic,KGZ,2016,6813095379.1187,6455295204.83045,280665928.7920506,348342069.700246,27437872.5689818,375779942.2692278,656445871.0612783,6156649508.057422,9.63506063738964,0.9036493936261036
Kyrgyz Republic,KGZ,2017,7702938379.42036,7331338207.04089,498928623.2265737,352843196.718948,29289409.5806331,382132606.2995811,881061229.5261548,6821877149.894205,11.437988805415495,0.885620111945845
Kyrgyz Republic,KGZ,2018,8271106235.41552,8020105523.91389,280687305.03843,440760888.485265,31526586.3180363,472287474.80330133,752974779.8417313,7518131455.573789,9.103676804653006,0.90896323195347
Lao PDR,LAO,2008,5446433157.40114,5190804450.05725,510055714.04949194,55017365.0633641,82346479.4257595,137363844.48912358,647419558.5386155,4799013598.862525,11.887037623124758,0.8811296237687524
Lao PDR,LAO,2009,5836137329.63305,5670990066.04576,449579785.7863081,70148390.4874174,82286505.3731046,152434895.860522,602014681.6468301,5234122647.986219,10.315293277800276,0.8968470672219973
Lao PDR,LAO,2010,7131771014.70456,6679601953.77919,687163183.2342311,82305341.9416604,93474845.1780284,175780187.1196888,862943370.35392,6268827644.35064,12.099987065970993,0.87900012934029
Lao PDR,LAO,2011,8750104617.17303,8157259575.12919,894687843.8589783,90678295.541777,107804275.41489,198482570.956667,1093170414.8156452,7656934202.357386,12.493226797199425,0.8750677320280058
Lao PDR,LAO,2012,10192846339.4029,9584409923.89747,813444865.5883433,101599058.134063,118402237.797536,220001295.93159902,1033446161.5199423,9159400177.882957,10.13893594691905,0.8986106405308095
Lao PDR,LAO,2013,11983252626.5452,11338527583.4343,846208015.1625661,134473601.035155,131332675.933901,265806276.969056,1112014292.131622,10871238334.413578,9.279736702440017,0.9072026329755998
Lao PDR,LAO,2014,13279245886.3854,12693401481.3153,801650195.4846519,146131090.33078,137815390.003529,283946480.334309,1085596675.818961,12193649210.56644,8.175137994334245,0.9182486200566575
Lao PDR,LAO,2015,14426380125.6488,13784824955.5127,615959421.9037923,308782636.287433,142528359.298403,451310995.58583605,1067270417.4896283,13359109708.159172,7.398047245352404,0.926019527546476
Lao PDR,LAO,2016,15912501722.6143,15228408813.3552,579613384.6928099,563811395.401171,149145349.106514,712956744.507685,1292570129.2004948,14619931593.413805,8.122985007213156,0.9187701499278684
Lao PDR,LAO,2017,17071155481.4994,16170183136.7602,660338281.5029322,712795589.689289,152636057.867586,865431647.556875,1525769929.0598073,15545385552.439592,8.937707413615536,0.9106229258638446
Lao PDR,LAO,2018,18141641089.7963,17355911535.6409,499365411.27963865,758500539.563897,156940890.911954,915441430.475851,1414806841.7554898,16726834248.04081,7.798670664646995,0.9220132933535301
Latvia,LVA,2008,34135200994.0067,33680339131.7059,14195308.160987904,217654059.587183,95465698.578411,313119758.165594,327315066.3265819,33807885927.68012,0.9588783917928256,0.9904112160820717
Latvia,LVA,2009,25691530442.035,27531089797.0531,10032763.481854046,203264634.29415,67369652.7368682,270634287.0310182,280667050.5128722,25410863391.52213,1.0924497127413615,0.9890755028725864
Latvia,LVA,2010,23468324572.3343,23708756614.8525,11435308.615604196,243486639.984204,54683075.1879319,298169715.1721359,309605023.7877401,23158719548.546562,1.3192463860531294,0.9868075361394687
Latvia,LVA,2011,26575547900.8247,26546166034.3631,19250373.89424105,235644260.663457,57137386.4178708,292781647.0813278,312032020.97556883,26263515879.84913,1.1741320334768623,0.9882586796652314
Latvia,LVA,2012,27116149948.6683,26918754004.874,29100727.708422773,235200272.783358,52351978.1198513,287552250.9032093,316652978.6116321,26799496970.056667,1.1677652587519505,0.9883223474124805
Latvia,LVA,2013,29152128167.8438,29084191666.1942,20532608.910150047,240824119.906238,50982965.2878152,291807085.1940532,312339694.1042032,28839788473.739597,1.071413010761691,0.9892858698923831
Latvia,LVA,2014,30277203767.4058,30313530292.8521,21284114.626906525,245123117.710779,44981598.6327992,290104716.3435782,311388830.97048473,29965814936.435314,1.0284596733655567,0.9897154032663444
Latvia,LVA,2015,26344565876.8902,26209655766.4676,7174114.346065162,254537040.709528,36468278.0922552,291005318.8017832,298179433.14784837,26046386443.74235,1.1318441706014861,0.9886815582939852
Latvia,LVA,2016,27117105059.5075,27079037554.5538,4032223.822371963,256767616.55173,32718638.3462597,289486254.8979897,293518478.72036165,26823586580.78714,1.0824108181026115,0.9891758918189739
Latvia,LVA,2017,29391059767.4259,29307359429.6989,8341169.919216237,266409696.60206,33540382.7960616,299950079.3981216,308291249.3173378,29082768518.108562,1.0489286597927174,0.9895107134020729
Latvia,LVA,2018,33247935477.3576,32699088049.8808,20755797.17426701,305202427.065468,39555158.0880749,344757585.15354294,365513382.32780993,32882422095.029793,1.0993566279528215,0.9890064337204718
Lebanon,LBN,2008,29118916105.4726,29551796105.4726,0.0,500523834.785913,95407784.5333565,595931619.3192695,595931619.3192695,28522984486.153328,2.046544648711261,0.9795345535128874
Lebanon,LBN,2009,35399582928.6899,35179772928.6899,0.0,604822735.427996,106783791.994815,711606527.422811,711606527.422811,34687976401.26709,2.0102116142336963,0.9798978838576631
Lebanon,LBN,2010,38443907042.1227,37934237042.1227,0.0,596142157.956658,111058855.957283,707201013.913941,707201013.913941,37736706028.20876,1.8395659242934532,0.9816043407570655
Lebanon,LBN,2011,39927125961.5257,39687755961.5257,0.0,631765247.153812,125603454.790958,757368701.9447701,757368701.9447701,39169757259.58093,1.8968775831112439,0.9810312241688876
Lebanon,LBN,2012,44016799515.7546,43812619515.7546,0.0,729214017.905987,146943110.836739,876157128.7427261,876157128.7427261,43140642387.01187,1.9905062121318768,0.9800949378786812
Lebanon,LBN,2013,46880103080.597,46661653080.597,0.0,751241964.401172,158252931.879753,909494896.280925,909494896.280925,45970608184.31608,1.9400445743843697,0.9805995542561563
Lebanon,LBN,2014,48095213746.6003,47517903746.6003,0.0,846819524.622149,162007927.74351,1008827452.365659,1008827452.365659,47086386294.23464,2.097563091580963,0.9790243690841903
Lebanon,LBN,2015,49929337836.8159,49420827836.8159,0.0,939213847.895698,167258197.774254,1106472045.669952,1106472045.669952,48822865791.14595,2.2160759457420323,0.9778392405425796
Lebanon,LBN,2016,51147308774.1294,50329518774.1294,0.0,998700305.444956,162892228.237695,1161592533.682651,1161592533.682651,49985716240.446754,2.271072636123111,0.9772892736387689
Lebanon,LBN,2017,53027680685.9038,52818460685.9038,0.0,1097069150.08711,162969692.970414,1260038843.057524,1260038843.057524,51767641842.846275,2.3761907493579635,0.9762380925064204
Lebanon,LBN,2018,54901519155.5556,53788969155.5556,0.0,1088777377.29192,175720477.311639,1264497854.603559,1264497854.603559,53637021300.95204,2.303211047805048,0.9769678895219496
Lesotho,LSO,2008,1766902709.19935,2392556453.20312,96451458.71710795,12345360.4765468,32470928.7199207,44816289.1964675,141267747.91357544,1625634961.2857747,7.995219384636584,0.9200478061536341
Lesotho,LSO,2009,1740894964.80511,2293074892.8977,102762024.97395091,14637262.0117074,32797857.0681179,47435119.079825304,150197144.0537762,1590697820.7513337,8.627582197102313,0.9137241780289769
Lesotho,LSO,2010,2234754241.91918,2872100467.22588,87923288.2544344,15718033.7674594,41210316.03114,56928349.7985994,144851638.0530338,2089902603.866146,6.481770359170993,0.9351822964082901
Lesotho,LSO,2011,2579409619.96722,3089102150.16736,100326964.02321266,17002180.4140832,46955993.0777602,63958173.4918434,164285137.51505607,2415124482.4521637,6.3690984263733945,0.936309015736266
Lesotho,LSO,2012,2477702216.26888,2892666013.15149,116597591.77545148,19263430.2431199,44144921.4317149,63408351.6748348,180005943.45028627,2297696272.8185935,7.2650354133901365,0.9273496458660986
Lesotho,LSO,2013,2367112931.642,2718881337.31294,120760201.94392362,19718485.9528623,43042261.2212854,62760747.1741477,183520949.11807132,2183591982.5239286,7.7529443849038575,0.9224705561509614
Lesotho,LSO,2014,2441063054.05792,2719632972.79486,136468174.5837054,20539162.2253849,44835619.9848988,65374782.2102837,201842956.7939891,2239220097.263931,8.268649859677076,0.9173135014032292
Lesotho,LSO,2015,2359686724.53829,2639103769.74372,146572749.83000764,22602331.4907937,42937639.7584965,65539971.2492902,212112721.07929784,2147574003.458992,8.989020401460335,0.9101097959853967
Lesotho,LSO,2016,2114426452.2019,2400601096.79311,153721464.15784755,24778972.3699867,37677672.0827422,62456644.4527289,216178108.61057645,1898248343.5913236,10.2239597118857,0.897760402881143
Lesotho,LSO,2017,2306741672.29006,2620025914.52694,145272569.67765445,26191964.5285145,42136992.3697257,68328956.8982402,213601526.57589465,2093140145.7141654,9.25988068546218,0.9074011931453781
Lesotho,LSO,2018,2556247291.99785,3042775635.89218,97933855.40510581,28600485.0667635,45338446.4081248,73938931.4748883,171872786.8799941,2384374505.117856,6.723636927382942,0.9327636307261705
Liberia,LBR,2008,1726000000.0,1566400000.0,374067005.8385709,14492380.002835,20304535.6337093,34796915.6365443,408863921.4751152,1317136078.5248847,23.688523839809694,0.7631147616019031
Liberia,LBR,2009,1768000000.0,1623399900.0,388832147.71759534,14913438.1643028,20622191.9366657,35535630.100968495,424367777.8185638,1343632222.181436,24.002702365303392,0.7599729763469661
Liberia,LBR,2010,1998000000.0,1818599900.0,364718333.2110591,20862117.6388132,22934536.7796778,43796654.418491006,408514987.6295501,1589485012.37045,20.446195577054553,0.7955380442294545
Liberia,LBR,2011,2398000000.0,2273155200.0,430384661.13512796,25354129.7169845,26016078.6219883,51370208.3389728,481754869.47410077,1916245130.5258992,20.089861112347823,0.7991013888765217
Liberia,LBR,2012,2791614000.0,2529644000.0,516808324.2874756,29516545.742871,29122223.0373477,58638768.780218706,575447093.0676943,2216166906.932306,20.613419085435673,0.7938658091456433
Liberia,LBR,2013,3177198100.0,2875704600.0,548604076.353021,29739355.7054036,30982686.7632706,60722042.4686742,609326118.8216952,2567871981.1783047,19.17809653800609,0.808219034619939
Liberia,LBR,2014,3225652000.0,2892652000.0,609446089.447,41078324.4507698,29480171.8257318,70558496.2765016,680004585.7235017,2545647414.2764983,21.08115152296347,0.7891884847703653
Liberia,LBR,2015,3227075700.0,2947075700.0,622863469.3684232,43813751.5499212,30322220.2014917,74135971.7514129,696999441.1198361,2530076258.880164,21.598484383859848,0.7840151561614015
Liberia,LBR,2016,3398419600.0,3117419600.0,666437005.6298984,50635290.3410403,33847931.1695178,84483221.5105581,750920227.1404566,2647499372.8595433,22.096159848550094,0.7790384015144991
Liberia,LBR,2017,3390703400.0,3087813500.0,680644811.6361002,47893877.7401142,31778477.14461,79672354.8847242,760317166.5208244,2630386233.4791756,22.423582272658365,0.7757641772734164
Liberia,LBR,2018,3422754800.0,2985754800.0,480042378.32861626,44271982.3899234,30988265.2175101,75260247.6074335,555302625.9360497,2867452174.0639505,16.2238506227805,0.837761493772195
Libya,LBY,2008,86710767415.1371,87416085167.7316,20415327072.381126,1429646405.01523,332200137.554823,1761846542.5700529,22177173614.95118,64533593800.18592,25.576031992400182,0.7442396800759982
Libya,LBY,2009,60808562033.4191,61383735901.8583,10167445101.500565,1557625744.07362,257816698.986094,1815442443.059714,11982887544.560278,48825674488.85882,19.705921573963117,0.8029407842603689
Libya,LBY,2010,75380825062.4216,75351617356.9553,13433331094.484703,1701834324.67791,301262631.364162,2003096956.042072,15436428050.526775,59944397011.89482,20.47792397833817,0.7952207602166184
Libya,LBY,2011,48169263294.1007,48225057019.063,1836264123.7171519,1251300860.16215,348868199.931745,1600169060.093895,3436433183.8110466,44732830110.28966,7.134078764770943,0.9286592123522905
Libya,LBY,2012,92540938129.1315,90611575226.2892,15788129115.08947,1790566930.56205,352706136.601938,2143273067.163988,17931402182.253456,74609535946.87805,19.37672401508616,0.8062327598491384
Libya,LBY,2013,75351107029.0605,74936698508.7584,7512831634.771956,1894590896.11497,336825930.850073,2231416826.965043,9744248461.737,65606858567.3235,12.931792041195834,0.8706820795880417
Libya,LBY,2014,57372355592.022,57954482938.5682,2179002354.9545097,1952903903.50133,309203641.069249,2262107544.570579,4441109899.525089,52931245692.49692,7.740853332057801,0.9225914666794219
Libya,LBY,2015,48717501321.3052,49953808617.0821,956855203.4322473,1784888860.5594,245481947.299812,2030370807.8592122,2987226011.2914596,45730275310.01374,6.131730754395404,0.938682692456046
Libya,LBY,2016,49912073701.298,50662881580.3574,707745117.2025355,1829693718.14204,265876731.54501,2095570449.68705,2803315566.8895855,47108758134.40841,5.616507908820237,0.9438349209117977
Libya,LBY,2017,67157452181.7738,68439540256.2741,2677603517.9210997,2063926834.28601,260763716.035436,2324690550.321446,5002294068.242546,62155158113.53126,7.44860608276641,0.9255139391723359
Libya,LBY,2018,76686029772.1483,77676603170.6261,5038154973.650307,2218300536.46687,282276252.281112,2500576788.747982,7538731762.398289,69147298009.75002,9.830645535826509,0.9016935446417349
Lithuania,LTU,2008,47831254207.5223,46321504463.6324,46896385.290111266,350500891.47655,79440596.8536619,429941488.3302119,476837873.6203231,47354416333.90198,0.9969169354236421,0.9900308306457636
Lithuania,LTU,2009,37494380038.9213,38339165971.643,21118113.934663463,322848294.361479,64452681.1501181,387300975.5115971,408419089.4462606,37085960949.475044,1.0892808176113227,0.9891071918238867
Lithuania,LTU,2010,36638128534.0643,36396717741.8729,23022597.990717985,360085867.587971,61973859.9136403,422059727.5016113,445082325.4923293,36193046208.57197,1.2148063869542822,0.9878519361304572
Lithuania,LTU,2011,43186501862.7907,41913165781.0643,37551288.425732456,353466398.106826,68804671.6483628,422271069.7551888,459822358.18092126,42726679504.60978,1.064736291079654,0.9893526370892035
Lithuania,LTU,2012,42709372066.8627,41374321903.1278,31533817.21419327,370665688.567227,62096524.558552,432762213.12577903,464296030.3399723,42245076036.52273,1.087105728487661,0.9891289427151234
Lithuania,LTU,2013,46303660422.0434,45297606166.4987,25003803.688863587,366246621.479229,61053617.7076302,427300239.1868592,452304042.87572277,45851356379.16768,0.9768213544093808,0.9902317864559061
Lithuania,LTU,2014,48306546656.9281,47740769013.4991,21607344.03219153,365664408.992206,55330874.9594435,420995283.9516495,442602627.983841,47863944028.94426,0.9162373603875968,0.990837626396124
Lithuania,LTU,2015,41540954817.2039,40063990118.923,8176933.896183437,384935095.204569,45378456.9970888,430313552.2016578,438490486.0978412,41102464331.106064,1.0555618859204494,0.9894443811407955
Lithuania,LTU,2016,42970749245.0336,41463346447.9052,5115785.923010819,402209401.125476,44483242.5603752,446692643.6858512,451808429.60886204,42518940815.424736,1.0514325152500854,0.9894856748474992
Lithuania,LTU,2017,47756764508.446,46052439370.4907,6822704.261259672,419819791.440833,41943753.5137202,461763544.9545532,468586249.21581286,47288178259.23019,0.9811934582229521,0.9901880654177705
Lithuania,LTU,2018,54261795148.5372,52629106643.4611,8356300.666749666,456432371.797014,48019563.3940205,504451935.1910345,512808235.85778415,53748986912.67942,0.9450631599157566,0.9905493684008424
Luxembourg,LUX,2008,58844277701.5258,46059035709.8133,27190394.956678554,295751903.554037,20511440.102647,316263343.656684,343453738.61336255,58500823962.91244,0.5836654846125497,0.9941633451538745
Luxembourg,LUX,2009,54467289897.5582,34736149608.2226,35361270.744690835,288326448.130701,26375286.2667379,314701734.3974389,350063005.1421297,54117226892.41607,0.6427031816720177,0.9935729681832798
Luxembourg,LUX,2010,56213985987.4168,38203044611.6667,19259762.879219092,315218008.182215,25235386.6885901,340453394.8708051,359713157.7500242,55854272829.66678,0.6398997534715698,0.9936010024652843
Luxembourg,LUX,2011,61696281326.2453,42768242732.4904,32978706.16630016,325129407.637187,26369720.5295927,351499128.1667797,384477834.3330799,61311803491.912224,0.6231782954632007,0.993768217045368
Luxembourg,LUX,2012,59776383527.3602,45915520597.7344,25302670.86386091,332138805.857957,23677410.5826382,355816216.4405952,381118887.3044561,59395264640.05574,0.637574347618432,0.9936242565238157
Luxembourg,LUX,2013,65203276466.9763,46779637636.2746,15537056.97851717,328102656.075412,24054867.791116,352157523.866528,367694580.84504515,64835581886.131256,0.5639204051828199,0.9943607959481718
Luxembourg,LUX,2014,68804811897.6445,49979926556.9018,14767365.61410242,324922791.789898,22578061.8569341,347500853.6468321,362268219.26093453,68442543678.38357,0.5265158195619383,0.9947348418043807
Luxembourg,LUX,2015,60071584216.1375,38657980989.0234,6854988.964725352,317475841.025834,15397018.1829092,332872859.2087432,339727848.1734686,59731856367.96403,0.5655383532938454,0.9943446164670615
Luxembourg,LUX,2016,62216885435.9488,41225831605.5643,5818134.106206636,317817269.108038,13552100.0404072,331369369.1484452,337187503.25465184,61879697932.694145,0.5419549707318323,0.9945804502926817
Luxembourg,LUX,2017,65712180342.9836,47031112675.0589,5918670.491641082,336753835.387213,14354784.7745244,351108620.1617374,357027290.6533785,65355153052.330215,0.5433198058409926,0.9945668019415901
Luxembourg,LUX,2018,71085623495.1145,50876819332.3137,8885426.048341358,365145897.437611,15257483.7380484,380403381.17565936,389288807.2240007,70696334687.8905,0.5476336677988816,0.9945236633220111
Madagascar,MDG,2008,10725137723.6549,10625319395.1597,622931185.6587657,47771175.8617737,169548884.694463,217320060.5562367,840251246.2150024,9884886477.439898,7.834409849691536,0.9216559015030846
Madagascar,MDG,2009,9616879409.43789,9470022799.48728,661500132.982393,46673537.6842963,162460977.429491,209134515.11378732,870634648.0961803,8746244761.34171,9.053192943666836,0.9094680705633317
Madagascar,MDG,2010,9982711338.07029,9803373258.6904,568556725.9914763,53441313.7873243,167320166.934738,220761480.72206232,789318206.7135386,9193393131.35675,7.90685195617525,0.9209314804382475
Madagascar,MDG,2011,11551819617.874,11339961188.9187,647568401.5238912,65324169.3806134,189067905.396881,254392074.77749443,901960476.3013856,10649859141.572615,7.807951527444149,0.9219204847255585
Madagascar,MDG,2012,11578975061.9479,11207841557.6231,747597663.2922363,85131933.296642,177607370.607259,262739303.903901,1010336967.1961373,10568638094.751764,8.725616574790084,0.9127438342520992
Madagascar,MDG,2013,12423555455.3853,12000180962.1806,802431370.2189248,94713383.284183,178642096.787476,273355480.07165897,1075786850.2905836,11347768605.094715,8.659251002290635,0.9134074899770936
Madagascar,MDG,2014,12522957399.2281,12223734899.7784,897303755.3137423,101348978.119218,169175632.171875,270524610.291093,1167828365.6048353,11355129033.623264,9.325499787109544,0.9067450021289045
Madagascar,MDG,2015,11323020701.3017,10946932230.0712,975941969.1485128,114054845.172961,144563967.499864,258618812.672825,1234560781.821338,10088459919.480362,10.903104519445177,0.8909689548055483
Madagascar,MDG,2016,11848613858.442,11441257772.8496,1041711100.2936864,114198745.018846,143130592.491088,257329337.509934,1299040437.8036203,10549573420.638378,10.963649025308307,0.8903635097469169
Madagascar,MDG,2017,13176313593.5509,12822379337.5073,1006075265.8509797,129837313.158693,152066659.834713,281903972.993406,1287979238.8443856,11888334354.706514,9.77495890409577,0.9022504109590422
Madagascar,MDG,2018,13760033282.2925,13362560549.9141,683887967.344771,131248794.168125,153565440.619369,284814234.787494,968702202.1322651,12791331080.160234,7.039969906023903,0.929600300939761
Malawi,MWI,2008,7743617352.21427,7721247411.27234,673257211.8434352,25764229.5164972,76799267.655358,102563497.1718552,775820709.0152904,6967796643.198979,10.01884098513011,0.8998115901486989
Malawi,MWI,2009,9009887946.82039,8953580338.59212,634889502.4601587,27065127.9716913,87546678.0515712,114611806.0232625,749501308.4834212,8260386638.336969,8.318652938940511,0.9168134706105949
Malawi,MWI,2010,10128323010.6049,10021166893.8185,607248413.2255492,25434635.4999747,98412914.3564544,123847549.8564291,731095963.0819783,9397227047.522923,7.218331823703498,0.9278166817629651
Malawi,MWI,2011,11648142958.3651,11532861683.3477,691807877.8982016,27740400.1844232,115420389.038931,143160789.2233542,834968667.1215558,10813174291.243546,7.168255661920113,0.9283174433807989
Malawi,MWI,2012,8773203178.16512,8638482884.79603,780731734.7533795,29516545.742871,88951670.6926988,118468216.43556981,899199951.1889492,7874003226.97617,10.249391618182194,0.8975060838181781
Malawi,MWI,2013,8031571927.62055,7872142936.48892,815291141.1661264,31678878.9454678,78934463.4039168,110613342.3493846,925904483.515511,7105667444.10504,11.52830967411657,0.8847169032588343
Malawi,MWI,2014,8801326169.14547,8640515834.70583,847709947.292357,28620144.2161549,83212836.856204,111832981.0723589,959542928.3647158,7841783240.780754,10.902253932237564,0.8909774606776244
Malawi,MWI,2015,9219474379.31534,8999698474.69735,826179320.9633408,32338721.8755659,86247905.6201997,118586627.4957656,944765948.4591063,8274708430.856234,10.247503378053393,0.8975249662194661
Malawi,MWI,2016,7909868618.46366,7886787909.55495,866400023.3743117,40220940.9687459,71724390.654338,111945331.6230839,978345354.9973956,6931523263.466265,12.36866757449911,0.8763133242550089
Malawi,MWI,2017,8943543793.5839,8735399094.03681,621508881.4354056,44526342.5977769,111666284.723116,156192627.3208929,777701508.7562985,8165842284.827602,8.695675078085056,0.9130432492191495
Malawi,MWI,2018,9879220354.29186,9558085482.09289,505593347.61049116,54066668.8007071,119595385.408972,173662054.2096791,679255401.8201703,9199964952.471691,6.875597238046001,0.93124402761954
Malaysia,MYS,2008,230811614370.384,223906592446.324,26028169344.037155,5445645856.6612,360750326.40677,5806396183.067969,31834565527.105125,198977048843.27887,13.792445243253715,0.8620755475674629
Malaysia,MYS,2009,202257453036.641,198224543999.537,16489361383.06996,5024447385.53587,344191213.671589,5368638599.2074585,21857999982.27742,180399453054.3636,10.807018309638067,0.8919298169036194
Malaysia,MYS,2010,255017638455.59,246905159655.731,20228054922.85226,5721935767.08542,419495958.146421,6141431725.231841,26369486648.084103,228648151807.5059,10.340259916051341,0.8965974008394866
Malaysia,MYS,2011,297951668674.835,290892852065.831,23011541973.5916,6047407357.54635,491465934.262663,6538873291.809012,29550415265.40061,268401253409.43442,9.91785526720778,0.9008214473279221
Malaysia,MYS,2012,314443047642.111,302839192295.004,22949864787.157692,6394526614.21801,527138786.946582,6921665401.164592,29871530188.322285,284571517453.78876,9.499822117969382,0.9050017788203062
Malaysia,MYS,2013,323276235524.415,312493632789.776,21544964718.787582,7229895962.30154,528992551.029926,7758888513.331467,29303853232.11905,293972382292.2959,9.064648128119504,0.909353518718805
Malaysia,MYS,2014,338066095097.254,326875882255.886,23801286398.420647,7968184428.34497,557361052.962708,8525545481.307678,32326831879.728325,305739263217.5257,9.562281562257413,0.9043771843774259
Malaysia,MYS,2015,301355266964.947,293133023632.862,16874011856.533976,8225162361.82531,505679993.020414,8730842354.845724,25604854211.3797,275750412753.5673,8.49656767882474,0.9150343232117526
Malaysia,MYS,2016,301256033870.334,292917092605.123,13546057104.443722,8473690589.83717,479075264.427754,8952765854.264923,22498822958.708645,278757210911.62537,7.468339362255734,0.9253166063774426
Malaysia,MYS,2017,319109094160.343,310119720279.85,17322650053.30403,8516878485.17019,479700375.408436,8996578860.578627,26319228913.88266,292789865246.4603,8.247721357843234,0.9175227864215677
Malaysia,MYS,2018,358788845712.53,347616421527.931,22661610185.510036,9575677366.11538,545482771.96246,10121160138.077839,32782770323.587875,326006075388.94214,9.137065077506398,0.908629349224936
Maldives,MDV,2008,2271646187.5,1989697750.0,126186.61614890916,23348833.649185,4309630.35002213,27658463.99920713,27784650.61535604,2243861536.884644,1.2231064312851303,0.9877689356871487
Maldives,MDV,2009,2345294875.0,2089951648.4375,124161.66313685854,25131904.7803034,4614399.58363707,29746304.36394047,29870466.02707733,2315424408.972923,1.2736337057435985,0.9872636629425641
Maldives,MDV,2010,2588176054.6875,2276923140.625,232054.42586898676,27435112.2771574,4937886.22790392,32372998.50506132,32605052.93093031,2555571001.75657,1.2597695149786445,0.9874023048502135
Maldives,MDV,2011,2774350240.04918,2479686376.01075,251665.03646208975,30126670.6518621,4814351.271066,34941021.9229281,35192686.95939019,2739157553.08979,1.2685019523261891,0.9873149804767382
Maldives,MDV,2012,2886163997.20531,2614016252.04566,217494.96367846974,35419854.8914454,4683973.47064922,40103828.36209462,40321323.32577309,2845842673.8795366,1.397055862550313,0.9860294413744969
Maldives,MDV,2013,3295009237.50107,2931310319.51537,174938.1205868168,36527686.0822568,4692745.88497251,41220431.967229314,41395370.087816134,3253613867.413254,1.2563051300945798,0.9874369486990542
Maldives,MDV,2014,3697353039.20043,3342254340.1684,191336.59879801483,46128937.1915342,4763925.59528597,50892862.786820166,51084199.38561818,3646268839.8148117,1.381642457293324,0.9861835754270668
Maldives,MDV,2015,4129505319.12921,3797041805.22989,242472.63702557716,47638762.1322466,5057886.61771131,52696648.74995791,52939121.38698349,4076566197.7422266,1.2819724711759588,0.9871802752882404
Maldives,MDV,2016,4409942623.85538,4057032049.12311,292702.5289627541,63204335.1964593,5250240.97737679,68454576.1738361,68747278.70279886,4341195345.152581,1.5589154908935465,0.9844108450910646
Maldives,MDV,2017,4816426256.52914,4440841844.81037,253186.98185337035,69595793.1819462,5521227.34005689,75117020.5220031,75370207.50385647,4741056049.025284,1.5648574999292248,0.9843514250007077
Maldives,MDV,2018,5404344162.69888,4911943788.37226,139919.9232824959,82275362.1142065,5719718.20968616,87995080.32389265,88135000.24717514,5316209162.451705,1.6308176828464864,0.9836918231715351
Mali,MLI,2008,11462490840.2784,11948264515.0699,704031215.0253216,55822496.4859169,270198027.73798,326020524.2238969,1030051739.2492185,10432439101.029182,8.98628189633694,0.9101371810366305
Mali,MLI,2009,12155217832.8781,12132946060.783,883231970.8084034,69319866.9680211,278296655.958318,347616522.9263391,1230848493.7347424,10924369339.143356,10.12609161479177,0.8987390838520823
Mali,MLI,2010,12710739159.4045,12777120816.1262,839845051.684482,79447513.5940953,282319893.15354,361767406.7476353,1201612458.4321172,11509126700.972382,9.453521493618734,0.9054647850638127
Mali,MLI,2011,15452791789.0031,15044442553.3455,1143807947.3149664,93064564.2313052,335981658.737809,429046222.9691142,1572854170.2840805,13879937618.719019,10.178446663620965,0.8982155333637903
Mali,MLI,2012,14795114602.6396,14432007129.2504,1460066568.6091168,96627847.7008566,331665535.557024,428293383.25788057,1888359951.8669972,12906754650.772604,12.763401991695918,0.8723659800830408
Mali,MLI,2013,15747192680.9101,15336705694.2728,1119871369.0129778,104087744.005541,350817064.320069,454904808.32561004,1574776177.3385878,14172416503.571514,10.000361392971623,0.8999963860702838
Mali,MLI,2014,17081681993.1695,16558606116.4905,1054383066.3184987,113807162.3677,363318532.750272,477125695.11797196,1531508761.4364707,15550173231.73303,8.965796003279294,0.9103420399672071
Mali,MLI,2015,15583181170.4105,15287441318.5241,1021155667.7682515,126920792.496847,316683932.663646,443604725.160493,1464760392.9287446,14118420777.481754,9.399623715535355,0.9060037628446465
Mali,MLI,2016,16743796799.8329,16369058534.8234,1294680092.198232,167706961.243722,343790773.411303,511497734.655025,1806177826.853257,14937618972.979643,10.78714612011585,0.8921285387988415
Mali,MLI,2017,18308362040.0521,17807465770.4401,1234358376.5476577,193820534.388682,371309545.466232,565130079.854914,1799488456.4025717,16508873583.649529,9.82877907081988,0.9017122092918012
Mali,MLI,2018,20368015381.2413,19857834974.2578,1342648805.4623816,214307730.447919,402995398.479656,617303128.927575,1959951934.3899565,18408063446.85134,9.622694689218715,0.9037730531078129
Mauritania,MRT,2008,5206437193.80413,5183436944.39536,751636071.4627542,50991704.7512925,96174418.2618801,147166123.0131726,898802194.4759269,4307634999.328203,17.263286985302294,0.827367130146977
Mauritania,MRT,2009,4714595547.75102,4766478897.04235,322883853.66887766,64901068.2800544,86319624.9789265,151220693.2589809,474104546.9278586,4240491000.823162,10.056102206986091,0.899438977930139
Mauritania,MRT,2010,5628878797.98257,5559972100.89651,568257623.1583499,68587784.9513835,95191969.4314546,163779754.3828381,732037377.541188,4896841420.441381,13.005030021317134,0.8699496997868287
Mauritania,MRT,2011,6764627745.9033,6609314084.92644,623427138.9219756,73377833.3194131,106033441.173429,179411274.49284208,802838413.4148177,5961789332.488482,11.868183196052756,0.8813181680394725
Mauritania,MRT,2012,6728208836.22143,6537356580.81046,588565934.029314,84821233.1075466,101012207.093015,185833440.20056158,774399374.2298756,5953809461.991554,11.509740453668487,0.8849025954633152
Mauritania,MRT,2013,7223071097.08417,7026930507.60294,485636288.5219013,83722747.0947518,102863908.253886,186586655.34863782,672222943.8705392,6550848153.213631,9.306608433383753,0.9069339156661624
Mauritania,MRT,2014,6592537781.81518,6339728998.26575,349350500.108433,97645198.3861598,86752682.8553798,184397881.2415396,533748381.3499726,6058789400.465207,8.096250624793708,0.9190374937520629
Mauritania,MRT,2015,6166863896.68677,5986395816.42587,160344447.57667798,123791233.485112,76323158.9026366,200114392.3877486,360458839.9644266,5806405056.722343,5.84509154090604,0.9415490845909396
Mauritania,MRT,2016,6398747592.13185,6282235172.53117,201815582.53072459,117071666.621691,75178059.60332,192249726.225011,394065308.7557356,6004682283.376115,6.158475593572303,0.938415244064277
Mauritania,MRT,2017,6800135898.28827,6703487753.41138,231742114.94147572,130585654.301434,74414590.1303275,205000244.4317615,436742359.37323725,6363393538.915032,6.422553400486811,0.9357744659951319
Mauritania,MRT,2018,7473550557.07378,7435080653.07267,67414177.99727604,144569573.664993,75532145.3652479,220101719.0302409,287515897.02751696,7186034660.046263,3.847112491336277,0.9615288750866372
Mauritius,MUS,2008,10127777060.4113,10127460747.5008,826582.4263935173,93126957.4558891,17365090.7027667,110492048.1586558,111318630.58504933,10016458429.826252,1.0991417950952398,0.9890085820490476
Mauritius,MUS,2009,9264513545.14108,9089199556.94341,999925.643080906,94451773.3944544,15820407.0748878,110272180.4693422,111272106.1124231,9153241439.028658,1.2010571906474392,0.9879894280935256
Mauritius,MUS,2010,10144716154.9356,10065715102.4545,5169208.886343496,104596370.347464,17072864.9574647,121669235.30492869,126838444.19127218,10017877710.744328,1.250290715423944,0.9874970928457606
Mauritius,MUS,2011,11677718382.4259,11473579519.2286,8011391.262007737,108575332.048164,19030419.6756063,127605751.72377029,135617142.98577803,11542101239.44012,1.1613325355565396,0.9883866746444346
Mauritius,MUS,2012,11832323837.1071,12262473988.3285,5608371.902221123,115891281.647815,19429232.8672731,135320514.5150881,140928886.41730922,11691394950.68979,1.1910499438440378,0.9880895005615596
Mauritius,MUS,2013,12434596541.2996,12953270666.3985,5076779.764284265,123482972.552697,19607304.0430948,143090276.59579182,148167056.36007607,12286429484.939524,1.1915710804766588,0.9880842891952334
Mauritius,MUS,2014,13230490081.5656,13772590781.2118,5783221.815439683,132999491.585379,21681957.9712046,154681449.5565836,160464671.37202328,13070025410.193577,1.2128399657364348,0.9878716003426357
Mauritius,MUS,2015,12162211503.0793,12710009784.1497,1834686.4474103178,137700364.382748,19772622.758522,157472987.14127,159307673.58868033,12002903829.49062,1.3098577799633382,0.9869014222003666
Mauritius,MUS,2016,12757680846.5663,13287984769.9684,2035494.7422065865,145082677.935374,19703116.6048196,164785794.5401936,166821289.28240016,12590859557.2839,1.3076145365973761,0.9869238546340262
Mauritius,MUS,2017,13896938315.2799,14669209563.6002,420886.8403030812,156029279.91744,21961614.5088952,177990894.4263352,178411781.26663828,13718526534.013262,1.2838207756198448,0.9871617922438015
Mauritius,MUS,2018,14957535715.9696,15825357159.6964,318652.70761271426,161808223.989798,22227687.473726,184035911.463524,184354564.17113674,14773181151.798464,1.2325196320561573,0.9876748036794384
Mexico,MEX,2008,1161553459715.1,1145939366382.81,63971000435.355934,12333282942.1303,2474065235.05373,14807348177.18403,78778348612.53996,1082775111102.5602,6.782154360063829,0.9321784563993617
Mexico,MEX,2009,943437415024.633,929066805910.397,31632713842.354874,12382848020.7441,2116792297.90414,14499640318.648241,46132354161.00311,897305060863.6299,4.889816052058807,0.951101839479412
Mexico,MEX,2010,1105424238731.09,1093237575189.89,42866004153.43602,13228011010.0101,2307137412.29203,15535148422.30213,58401152575.73815,1047023086155.3519,5.283143840122096,0.947168561598779
Mexico,MEX,2011,1229013703416.76,1210622838008.34,69835525003.7374,14269900190.1589,2449073167.82619,16718973357.985088,86554498361.72249,1142459205055.0376,7.042598314493461,0.9295740168550654
Mexico,MEX,2012,1255110424817.79,1228761368842.97,67035356723.773056,15114025491.6865,2445815306.31655,17559840798.00305,84595197521.77611,1170515227296.014,6.740060145230424,0.9325993985476958
Mexico,MEX,2013,1327436290282.67,1288984391393.29,59672959389.16384,15378478843.7057,2664291006.4591,18042769850.1648,77715729239.32864,1249720561043.3413,5.854573195582855,0.9414542680441714
Mexico,MEX,2014,1364507717614.13,1332054399903.7,51063622488.93723,15563970366.9504,2740003518.35696,18303973885.307358,69367596374.2446,1295140121239.8853,5.083708613648247,0.9491629138635175
Mexico,MEX,2015,1213294467716.88,1182962837135.44,19740419753.327087,16399904772.8772,2391354998.67428,18791259771.55148,38531679524.87857,1174762788192.0012,3.1757896001442876,0.9682421039985571
Mexico,MEX,2016,1112233497452.7,1083159760755.14,15859786349.711153,16997297670.2429,2130140676.18551,19127438346.42841,34987224696.139565,1077246272756.5604,3.1456726286583927,0.9685432737134161
Mexico,MEX,2017,1190721475906.0,1160558920059.09,20378452817.729797,17645152130.0068,2267733628.46896,19912885758.47576,40291338576.20556,1150430137329.7944,3.383775248157724,0.9661622475184227
Mexico,MEX,2018,1256300182879.73,1223821716221.84,28414850687.19616,17731125202.6672,2305428144.94425,20036553347.61145,48451404034.80761,1207848778844.9224,3.8566741209689086,0.9614332587903109
Moldova,MDA,2008,6054824248.24221,6649080392.65423,4568808.454414625,218727568.150586,24851081.1417211,243578649.2923071,248147457.74672174,5806676790.495489,4.098342867982692,0.959016571320173
Moldova,MDA,2009,5439434271.78807,5745818449.40063,2786553.2456053724,210997520.475183,23828046.7013016,234825567.1764846,237612120.42209,5201822151.36598,4.368324140884984,0.9563167585911502
Moldova,MDA,2010,6974982369.60155,7480581273.20622,2060540.0843571655,237199418.982277,29192858.6744426,266392277.6567196,268452817.74107677,6706529551.860474,3.8487956458650086,0.9615120435413499
Moldova,MDA,2011,8414352020.49442,8991792743.46916,3980510.7313588313,248768752.679146,31157851.1194094,279926603.7985554,283907114.5299142,8130444905.964506,3.374081733666662,0.9662591826633334
Moldova,MDA,2012,8709138634.82921,9519279677.54776,3239111.731875879,252910205.784838,31331880.6107682,284242086.39560616,287481198.12748206,8421657436.701728,3.3009142486008898,0.966990857513991
Moldova,MDA,2013,9496717875.51932,10391128071.4427,2702112.028547407,232096266.28932,30006569.6205934,262102835.9099134,264804947.9384608,9231912927.580858,2.788383854395387,0.9721161614560462
Moldova,MDA,2014,9402090137.7423,10224420143.5917,2009703.3202980144,259601537.422286,32109180.4203757,291710717.8426617,293720421.1629597,9108369716.57934,3.123990696322875,0.9687600930367712
Moldova,MDA,2015,7797667196.73087,8247147199.75981,762220.9007795195,278878023.925634,27918009.0588197,306796032.98445374,307558253.8852333,7490108942.845637,3.944234168062149,0.9605576583193786
Moldova,MDA,2016,7980917075.7748,8426887067.08369,497043.6028647765,292320064.196844,25170985.9175378,317491050.1143818,317988093.7172466,7662928982.057553,3.984355315286573,0.9601564468471343
Moldova,MDA,2017,9514404016.20949,10070244015.4311,638765.0076182227,301581783.836496,23811375.7525745,325393159.5890705,326031924.59668875,9188372091.6128,3.4267193619404375,0.9657328063805957
Moldova,MDA,2018,11252353420.8798,11788143412.4832,1050339.0760390726,334586486.297819,20661742.9441451,355248229.2419641,356298568.3180032,10896054852.561798,3.1664359889092815,0.9683356401109072
Mongolia,MNG,2008,5623216608.04288,5449590342.04584,747212175.5503,348085490.810275,32132678.7246767,380218169.5349517,1127430345.0852518,4495786262.957628,20.049562797788894,0.7995043720221111
Mongolia,MNG,2009,4583850367.88972,4388014379.17088,501765176.2947285,376702395.551957,29208423.4438712,405910818.9958282,907675995.2905567,3676174372.599163,19.801606126781714,0.8019839387321829
Mongolia,MNG,2010,7189481998.90094,6609616844.37432,1041384323.3392843,408954663.514135,44166990.4781976,453121653.9923326,1494505977.3316169,5694976021.569323,20.787394384742647,0.7921260561525736
Mongolia,MNG,2011,10409797377.8571,9551979901.62167,1765274447.9379013,469200514.888651,59567613.7595669,528768128.6482179,2294042576.586119,8115754801.270981,22.037341297975935,0.7796265870202407
Mongolia,MNG,2012,12292770631.565,11343401728.8116,1158367098.767881,532540613.016544,64103273.5867878,596643886.6033318,1755010985.3712127,10537759646.193789,14.276773218762811,0.8572322678123719
Mongolia,MNG,2013,12582122604.2577,11871513598.9081,1030796431.1864297,594140568.468768,60706559.6981786,654847128.1669466,1685643559.3533764,10896479044.904324,13.397131886021892,0.866028681139781
Mongolia,MNG,2014,12226514668.0622,11232542766.2328,946270667.196979,610114144.317003,57494675.1344015,667608819.4514046,1613879486.6483836,10612635181.413816,13.199832744356165,0.8680016725564383
Mongolia,MNG,2015,11619892590.6941,10652455621.4482,579134078.6381047,601569741.367785,58007775.9684685,659577517.3362535,1238711595.974358,10381180994.719742,10.660267178083828,0.8933973282191617
Mongolia,MNG,2016,11181350649.3573,10260106001.6486,506963069.98337543,652512944.070805,60749853.8690089,713262797.9398139,1220225867.9231892,9961124781.43411,10.913045357300618,0.8908695464269938
Mongolia,MNG,2017,11480847740.736,9872124813.33454,836017775.5805663,732626674.576595,63076322.2282417,795702996.8048366,1631720772.385403,9849126968.350597,14.21254605263843,0.8578745394736157
Mongolia,MNG,2018,13178094720.4986,11943636998.2069,1224170519.6596296,844301938.718539,70916629.9662175,915218568.6847565,2139389088.344386,11038705632.154213,16.234433988523055,0.8376556601147694
Montenegro,MNE,2008,4540861725.50168,4607940969.67922,25573055.261419058,72193521.2736703,15483153.1111251,87676674.3847954,113249729.64621446,4427611995.855466,2.494014054869784,0.9750598594513021
Montenegro,MNE,2009,4142640316.75465,4150107807.72437,9532207.041846637,48330584.7230889,14939150.0682809,63269734.791369796,72801941.83321643,4069838374.9214334,1.7573802277444595,0.9824261977225553
Montenegro,MNE,2010,4136936189.28052,4108117628.18686,24793486.80498858,73731863.7125492,14230245.18887,87962108.9014192,112755595.70640777,4024180593.5741124,2.725582183224769,0.9727441781677523
Montenegro,MNE,2011,4507126949.08507,4543691798.8792,27357101.952312198,75764102.0089416,14830530.3701516,90594632.3790932,117951734.3314054,4389175214.753664,2.6170049271709424,0.9738299507282906
Montenegro,MNE,2012,4071829462.26447,4140985664.32578,13658721.037720466,72393210.7283683,13078952.977024,85472163.7053923,99130884.74311277,3972698577.5213575,2.434553943425293,0.9756544605657471
Montenegro,MNE,2013,4422097762.7848,4509148476.98039,4741178.026737913,73378625.7167335,13483426.314264,86862052.0309975,91603230.05773541,4330494532.727064,2.071488125582476,0.9792851187441752
Montenegro,MNE,2014,4579636601.80039,4640616530.80528,7674586.439038409,74749081.4076892,14439421.0075056,89188502.4151948,96863088.8542332,4482773512.946157,2.1150824241415367,0.9788491757585847
Montenegro,MNE,2015,4010885990.83986,4099699099.96272,5255106.943822901,82063849.0826907,12642829.5939859,94706678.6766766,99961785.6204995,3910924205.2193604,2.4922619553084853,0.9750773804469152
Montenegro,MNE,2016,4357469330.46719,4395731115.3936,8632828.890128342,77209845.1342913,12710066.3797762,89919911.5140675,98552740.40419585,4258916590.062994,2.2616967081126735,0.9773830329188733
Montenegro,MNE,2017,4803962015.62122,4903708063.43382,17707145.330687907,84936799.9895446,14058517.1175309,98995317.1070755,116702462.43776341,4687259553.183456,2.429296111382179,0.9757070388861783
Montenegro,MNE,2018,5433467174.79183,5498350797.67541,6288931.537256434,97946864.1078366,16606527.402951,114553391.5107876,120842323.04804404,5312624851.743786,2.2240370496518915,0.977759629503481
Morocco,MAR,2008,101822906949.063,101626528087.532,787143830.8545617,1305119309.28255,643614786.155203,1948734095.4377532,2735877926.292315,99087029022.77069,2.6868982709960716,0.9731310172900393
Morocco,MAR,2009,101154952240.881,99873225565.0296,155541356.41015983,1346352003.00033,622482597.40596,1968834600.40629,2124375956.8164499,99030576284.06454,2.100120567263638,0.9789987943273636
Morocco,MAR,2010,100865329473.44,99581285619.2078,1035088267.4191794,1479209788.70536,604235995.498028,2083445784.203388,3118534051.622567,97746795421.81743,3.0917799683029346,0.9690822003169707
Morocco,MAR,2011,110080631332.375,108370716160.633,1319727231.4797974,1668599931.49058,623394482.7581,2291994414.24868,3611721645.7284775,106468909686.64651,3.280978317451081,0.9671902168254892
Morocco,MAR,2012,106937392311.129,104953373174.425,283985133.05852365,1804548476.10974,598987040.822245,2403535516.931985,2687520649.9905086,104249871661.13849,2.513172045724944,0.9748682795427506
Morocco,MAR,2013,115739287305.08,114282741689.255,247778867.07382408,1861618987.54667,632592227.349945,2494211214.896615,2741990081.970439,112997297223.10956,2.369109181347182,0.9763089081865282
Morocco,MAR,2014,119130841411.664,116737884764.791,183192450.52271718,1976136679.56185,613828270.404536,2589964949.966386,2773157400.489103,116357684011.1749,2.32782490883808,0.9767217509116192
Morocco,MAR,2015,110413823841.592,108703008127.117,143450020.60477307,2100625987.68128,565411700.374253,2666037688.055533,2809487708.660306,107604336132.93169,2.544507210157862,0.9745549278984214
Morocco,MAR,2016,111572947004.917,110026167792.814,157572510.2351978,2166184943.42064,591205799.948007,2757390743.368647,2914963253.603845,108657983751.31316,2.6126075646952205,0.9738739243530478
Morocco,MAR,2017,118540573367.844,116714427716.555,200373873.86532357,2376733753.10549,625834292.230455,3002568045.335945,3202941919.2012687,115337631448.64273,2.70197943894045,0.9729802056105955
Morocco,MAR,2018,127341147581.818,125425336311.069,232625857.75858295,2545051281.10882,675988835.402966,3221040116.511786,3453665974.270369,123887481607.54762,2.712136681547773,0.9728786331845223
Mozambique,MOZ,2008,12920340964.6544,12278466412.5335,172801480.96766487,60116537.1381473,186205343.048596,246321880.1867433,419123361.15440816,12501217603.499992,3.2439032553473983,0.967560967446526
Mozambique,MOZ,2009,12263894790.0125,11982083700.6646,109109324.0659774,68767517.95509,173269676.877092,242037194.832182,351146518.8981594,11912748271.114342,2.863254495497846,0.9713674550450215
Mozambique,MOZ,2010,11411894723.864,11052119444.6459,133800425.11033481,76589692.0601143,156898566.66548,233488258.72559428,367288683.8359291,11044606040.02807,3.218472416047386,0.9678152758395261
Mozambique,MOZ,2011,14619279988.716,14364079955.0014,238794822.1447285,99925093.825341,193604326.012525,293529419.837866,532324241.9825945,14086955746.733406,3.641248012169354,0.9635875198783065
Mozambique,MOZ,2012,16688114144.0745,16612647548.8091,295004190.97363234,114337780.702337,212832732.351677,327170513.05401397,622174704.0276463,16065939440.046852,3.728250530025075,0.9627174946997492
Mozambique,MOZ,2013,17198073057.1981,17139483398.1312,315180136.60371184,135766615.244036,210912137.554526,346678752.798562,661858889.4022739,16536214167.795828,3.848447946470712,0.9615155205352929
Mozambique,MOZ,2014,17978246586.0662,17776333933.4733,58611250.73301022,163639883.306159,211877659.850221,375517543.15638,434128793.88939023,17544117792.17681,2.4147449074697573,0.9758525509253024
Mozambique,MOZ,2015,16208985769.615,15908852641.2848,42770401.05535424,191945959.960653,183479468.308063,375425428.268716,418195829.3240702,15790789940.29093,2.5800246558795212,0.9741997534412048
Mozambique,MOZ,2016,12069051237.1711,11833552380.143,58775485.12459553,261436122.718335,134098035.546378,395534158.264713,454309643.3893085,11614741593.781792,3.7642531667285875,0.9623574683327141
Mozambique,MOZ,2017,13264640645.7768,12884983781.3009,97424698.53221808,269777240.665327,144692759.445048,414470000.11037505,511894698.64259315,12752745947.134207,3.8590920953864702,0.9614090790461353
Mozambique,MOZ,2018,15017358952.8452,14730512197.9489,124475653.99678113,272292274.747033,160107841.529357,432400116.27638996,556875770.2731711,14460483182.57203,3.708213754640688,0.9629178624535931
Myanmar,MMR,2008,31862554101.9378,31851216910.1049,4235338129.852156,212018146.027929,260343023.598242,472361169.626171,4707699299.478327,27154854802.459473,14.775021752546882,0.8522497824745312
Myanmar,MMR,2009,36906181380.8127,36895845255.5457,3114472721.113499,206854896.293682,335622259.168257,542477155.461939,3656949876.575438,33249231504.23726,9.908773380918422,0.9009122661908158
Myanmar,MMR,2010,49540813342.4834,49528704371.1056,3634667053.0424857,232341115.560926,388477990.635603,620819106.196529,4255486159.2390146,45285327183.244385,8.58985929403333,0.9141014070596667
Myanmar,MMR,2011,59977326085.9908,59964576988.5087,4052695969.985308,259208671.084191,499605138.278963,758813809.363154,4811509779.348462,55165816306.642334,8.02221454896155,0.9197778545103845
Myanmar,MMR,2012,59937796648.2158,57556421307.7229,3117012862.8445,371597781.726838,533562396.855403,905160178.582241,4022173041.426741,55915623606.789055,6.710578743882594,0.9328942125611741
Myanmar,MMR,2013,60269732854.827,58364906162.4847,3108002209.625843,439625262.609906,521476117.808341,961101380.418247,4069103590.0440903,56200629264.78291,6.7514876826240915,0.9324851231737591
Myanmar,MMR,2014,65531374210.3224,62535394210.3301,4534869138.775691,573749729.372404,492629199.580378,1066378928.9527819,5601248067.728473,59930126142.59393,8.547429586553932,0.9145257041344607
Myanmar,MMR,2015,59607290408.4359,57499580408.4111,3425641820.059895,662074504.712077,495034388.914478,1157108893.626555,4582750713.68645,55024539694.74945,7.688238606863222,0.9231176139313678
Myanmar,MMR,2016,63298361983.5653,61653951983.5654,3856954641.6009736,785026598.555717,478807139.663292,1263833738.219009,5120788379.819983,58177573603.745316,8.089922423505271,0.9191007757649473
Myanmar,MMR,2017,66053040475.0257,63958040475.0257,4153808518.069202,1216055516.67605,477160791.444255,1693216308.120305,5847024826.189507,60206015648.8362,8.852014659946251,0.9114798534005375
Myanmar,MMR,2018,67860515993.1186,65984255993.1186,3238680213.493603,1290547827.68104,545672671.731399,1836220499.412439,5074900712.906042,62785615280.212555,7.478429302572154,0.9252157069742785
Namibia,NAM,2008,8607431497.49471,8357762966.89838,139077286.8104773,79171333.33441,110515455.498952,189686788.83336198,328764075.64383924,8278667421.850872,3.8195375210308593,0.9618046247896914
Namibia,NAM,2009,8938847189.07592,8658629373.84575,126858374.58627683,83404779.9667974,112943234.927723,196348014.8945204,323206389.48079723,8615640799.595123,3.615750248821618,0.9638424975117839
Namibia,NAM,2010,11431412421.1316,10835987790.3209,174899158.3162727,89449902.5901968,136198862.347905,225648764.93810183,400547923.2543745,11030864497.877224,3.5039232992236413,0.9649607670077636
Namibia,NAM,2011,12523359440.5499,12010748072.7806,185438045.4371017,99328526.6529587,140803244.623506,240131771.2764647,425569816.7135664,12097789623.836334,3.3982081144744263,0.9660179188552558
Namibia,NAM,2012,13042053591.6857,12519827110.1304,170730906.07863414,109677270.458226,137489266.429103,247166536.88732898,417897442.9659631,12624156148.719736,3.204230376973552,0.9679576962302645
Namibia,NAM,2013,12043307277.1235,12011999579.4904,113041627.26571508,122513211.896036,121596123.335984,244109335.23202002,357150962.4977351,11686156314.625765,2.965555509624431,0.9703444449037557
Namibia,NAM,2014,12435430969.6301,12363536657.7186,161849975.0075714,132999491.585379,111591253.483104,244590745.068483,406440720.0760544,12028990249.554047,3.2684087995716924,0.9673159120042831
Namibia,NAM,2015,11335161083.5061,11317050632.4328,180292043.79640138,146045832.972746,94634701.1246765,240680534.0974225,420972577.89382386,10914188505.612276,3.7138649798844487,0.9628613502011555
Namibia,NAM,2016,10722018732.0936,10511261596.5703,227995882.6915532,148314723.300556,86515773.1980229,234830496.4985789,462826379.19013214,10259192352.903467,4.31659737549964,0.9568340262450036
Namibia,NAM,2017,12895153370.9132,12661495881.2477,316328401.5974801,159770985.631147,106515059.241759,266286044.872906,582614446.4703861,12312538924.442814,4.518088538477983,0.9548191146152202
Namibia,NAM,2018,13682019076.4022,13176748522.8513,139081202.51681024,165726094.817735,113192733.590588,278918828.408323,418000030.9251332,13264019045.477068,3.055104868594068,0.9694489513140593
Nepal,NPL,2008,12545438605.3959,12667669492.112,717224.7263528174,80244841.8978134,345292855.621082,425537697.5188954,426254922.2452482,12119183683.150652,3.3976884798743736,0.9660231152012563
Nepal,NPL,2009,12854985464.0764,13007811026.4899,366674.23588477884,107155813.860904,337582359.273545,444738173.134449,445104847.3703338,12409880616.706066,3.4625075898700315,0.9653749241012997
Nepal,NPL,2010,16002656434.4746,16124973167.3285,579540.4534397082,132603041.82123,397877768.452508,530480810.27373797,531060350.7271777,15471596083.747421,3.3185762182778147,0.9668142378172219
Nepal,NPL,2011,21573872420.7008,21678317045.9088,762855.3760340838,155107607.052176,518345567.017563,673453174.069739,674216029.4457731,20899656391.255028,3.1251507207340437,0.9687484927926596
Nepal,NPL,2012,21703100877.1309,21854809619.7468,575123.2950587049,186420291.24161,499820830.886938,686241122.1285479,686816245.4236066,21016284631.707294,3.164599608654643,0.9683540039134536
Nepal,NPL,2013,22162204924.5726,22310902766.2253,508029.5149862601,196861605.976403,502714477.098714,699576083.075117,700084112.5901033,21462120811.9825,3.158910022593812,0.9684108997740619
Nepal,NPL,2014,22731612922.1906,23065091325.5243,456767.9868990381,240072500.956148,487758746.245903,727831247.202051,728288015.1889501,22003324907.00165,3.2038554311207488,0.9679614456887925
Nepal,NPL,2015,24360801286.7638,24704984111.0513,227313085.1705703,250016570.266126,506388333.364717,756404903.630843,983717988.8014133,23377083297.962387,4.03811835752672,0.9596188164247328
Nepal,NPL,2016,24524109483.5293,24843843665.6829,252381204.62070975,373839274.611439,507533832.103832,881373106.715271,1133754311.3359807,23390355172.19332,4.623019286785614,0.9537698071321439
Nepal,NPL,2017,28971588940.364,29263410261.8486,203036482.5687265,466965301.275415,546152373.103036,1013117674.3784511,1216154156.9471776,27755434783.41682,4.197747522410824,0.9580225247758918
Nepal,NPL,2018,33111525237.149,33328197894.5092,139545189.596224,595125129.879159,582086606.783792,1177211736.662951,1316756926.259175,31794768310.889824,3.976732925555051,0.9602326707444495
Netherlands,NLD,2008,957901566041.406,910935931657.812,7657079385.022608,4434131382.61696,673955562.654845,5108086945.271805,12765166330.294413,945136399711.1116,1.3326177535179695,0.9866738224648203
Netherlands,NLD,2009,878954223140.234,847621830815.234,4699396338.302734,4432329032.96935,658717590.389924,5091046623.359274,9790442961.662008,869163780178.572,1.1138740453039448,0.9888612595469606
Netherlands,NLD,2010,852464982433.335,848188220466.668,5069897620.359838,4890023107.72708,603805496.845571,5493828604.572651,10563726224.932487,841901256208.4025,1.2391976729388539,0.9876080232706115
Netherlands,NLD,2011,913140741332.687,912191427850.196,7101169520.484436,4735853141.85719,604140659.049286,5339993800.906476,12441163321.390911,900699578011.2961,1.3624584643144453,0.9863754153568556
Netherlands,NLD,2012,845689017065.625,838269362485.547,7721355549.359497,4892600581.56335,567476935.000746,5460077516.5640955,13181433065.923592,832507583999.7014,1.558661966742878,0.9844133803325712
Netherlands,NLD,2013,883951539006.669,879178282773.728,8197576308.384761,5077994776.20098,566380673.481192,5644375449.682172,13841951758.066933,870109587248.602,1.5659174906377378,0.9843408250936226
Netherlands,NLD,2014,901556501756.467,893751559648.624,5116472273.608516,5043542458.51597,543903693.501989,5587446152.01796,10703918425.626476,890852583330.8406,1.1872709480517796,0.9881272905194822
Netherlands,NLD,2015,775743675302.734,764253559807.422,2608543177.2621984,5473589558.82859,429974868.534486,5903564427.363076,8512107604.625275,767231567698.1088,1.0972835326441295,0.9890271646735587
Netherlands,NLD,2016,797163949289.885,773791690062.259,1513518422.9539614,5693417574.99875,425635767.042946,6119053342.041696,7632571764.995657,789531377524.8894,0.9574657473904475,0.9904253425260955
Netherlands,NLD,2017,848233537845.884,833529607652.943,1794889953.299599,5828086172.2298,448925561.40519,6277011733.634991,8071901686.934589,840161636158.9495,0.9516131261955783,0.9904838687380442
Netherlands,NLD,2018,929733599796.862,925132601026.666,2967181718.8061805,5930094964.45768,490607147.099213,6420702111.556892,9387883830.363073,920345715966.499,1.009739115851487,0.9899026088414852
New Zealand,NZL,2008,133437126590.286,123776621916.075,1735392305.0082338,917045515.709019,33017289.1414714,950062804.8504903,2685455109.858724,130751671480.42728,2.0125246837068924,0.979874753162931
New Zealand,NZL,2009,121663439315.385,116688737585.108,1020627771.6841519,860836759.71772,30816661.0472783,891653420.7649983,1912281192.44915,119751158122.93585,1.571779659698741,0.9842822034030126
New Zealand,NZL,2010,146887902524.052,139604609813.937,1476180002.7352943,887354410.744758,37630270.1880179,924984680.9327759,2401164683.6680703,144486737840.38394,1.6346919265695716,0.9836530807343042
New Zealand,NZL,2011,168484908960.078,160855806105.352,1718331355.852796,903501871.527875,42717522.520964,946219394.048839,2664550749.901635,165820358210.17636,1.5814773954223993,0.984185226045776
New Zealand,NZL,2012,176560711239.147,169226902707.183,1436092314.0245335,997659277.591668,42787278.0561108,1040446555.6477787,2476538869.6723123,174084172369.4747,1.4026556940620234,0.9859734430593797
New Zealand,NZL,2013,191012364176.878,183488221153.365,1290528647.4028935,1030856541.40172,44692517.7263247,1075549059.1280448,2366077706.530938,188646286470.34705,1.2387039533943207,0.9876129604660568
New Zealand,NZL,2014,201518402787.38,193410115311.23,1413257446.6696804,1076454076.79284,45688069.6663402,1122142146.45918,2535399593.1288605,198983003194.25116,1.2581479200209418,0.9874185207997905
New Zealand,NZL,2015,178224167087.99,172268693666.208,958393732.454964,1122466553.37504,37382433.666018,1159848987.041058,2118242719.4960222,176105924368.49396,1.1885272093600234,0.9881147279063998
New Zealand,NZL,2016,189100085275.23,182922677990.289,679856153.7682191,1120081397.28082,38585154.8692368,1158666552.1500566,1838522705.9182758,187261562569.31174,0.9722484806087497,0.9902775151939125
New Zealand,NZL,2017,206745969246.073,198875474424.03,755221243.1308291,1232144878.00778,41895308.6742775,1274040186.6820576,2029261429.8128867,204716707816.2601,0.981524059314371,0.9901847594068562
New Zealand,NZL,2018,211985631173.205,204207091004.492,939016954.9661373,1267824232.92465,43199870.7875496,1311024103.7121994,2250041058.6783366,209735590114.52664,1.0614120618580634,0.9893858793814194
Nicaragua,NIC,2008,8496967596.77008,8277767596.93527,20524318.80616479,120769828.557997,44732219.2156138,165502047.7736108,186026366.5797756,8310941230.190304,2.189326538687629,0.9781067346131237
Nicaragua,NIC,2009,8298702489.0801,8048802491.62688,14013680.064493166,121240720.275161,43930137.4514628,165170857.7266238,179184537.79111698,8119517951.288983,2.15918739136507,0.9784081260863493
Nicaragua,NIC,2010,8758602232.98358,8514402230.44571,84040183.68200631,128887880.640638,42471045.2218255,171358925.8624635,255399109.54446983,8503203123.43911,2.915980230072273,0.9708401976992773
Nicaragua,NIC,2011,9774329332.71276,9505629333.50208,185099164.8779077,142281405.734319,44575038.6045412,186856444.3388602,371955609.2167679,9402373723.495993,3.8054335653690927,0.9619456643463091
Nicaragua,NIC,2012,10532017231.8253,10116217231.4516,164578615.2629362,145718529.431701,44687706.4032375,190406235.8349385,354984851.0978747,10177032380.727425,3.3705304813326182,0.9662946951866738
Nicaragua,NIC,2013,10982988249.2103,10448788246.3304,136127878.21997234,144494468.860953,43967890.8621475,188462359.7231005,324590237.94307286,10658398011.267227,2.9553909243817316,0.9704460907561827
Nicaragua,NIC,2014,11880438824.4494,11432538824.8346,71895236.23412934,160272810.821561,45758836.7428699,206031647.5644309,277926883.79856026,11602511940.650839,2.3393654721456945,0.9766063452785431
Nicaragua,NIC,2015,12756696261.0676,12267696261.2511,12455935.874536028,183252755.222252,45555687.4274455,228808442.6496975,241264378.52423355,12515431882.543367,1.891276342923929,0.9810872365707607
Nicaragua,NIC,2016,13286093388.4752,12651893388.4892,24577444.85090635,193204166.154915,46681971.1949663,239886137.3498813,264463582.20078763,13021629806.274412,1.9905293035964433,0.9800947069640356
Nicaragua,NIC,2017,13785893007.4769,13074193007.7997,2713251.697409547,205045669.371666,45196673.0457342,250242342.4174002,252955594.11480975,13532937413.362091,1.8348872574131856,0.9816511274258681
Nicaragua,NIC,2018,13025221974.232,12373021973.1671,9530663.91935039,200203395.467345,44081309.1127649,244284704.5801099,253815368.49946028,12771406605.73254,1.9486452438322137,0.9805135475616779
Niger,NER,2008,7297600226.00536,7693546227.2749,18461975.007268313,23080456.5083341,316303543.79663,339384000.3049641,357845975.31223243,6939754250.693128,4.903611656295314,0.9509638834370469
Niger,NER,2009,7352131309.73341,7756099258.0583,15362229.505278138,29826876.3286054,302285228.702112,332112105.03071743,347474334.53599554,7004656975.197414,4.7261714990859565,0.9527382850091405
Niger,NER,2010,7851192502.30917,8283686875.69784,22883311.539234906,39152192.4902514,280034364.766749,319186557.25700045,342069868.7962353,7509122633.512935,4.356916082437496,0.956430839175625
Niger,NER,2011,8772950777.79176,9327272805.03519,83984300.21686767,42058024.7669662,297575098.208149,339633122.97511524,423617423.1919829,8349333354.599776,4.8286766211472125,0.9517132337885279
Niger,NER,2012,9426912647.59111,9746582481.36369,144003666.56097656,58722391.2966466,281577464.543393,340299855.8400396,484303522.4010162,8942609125.190094,5.137456349770801,0.948625436502292
Niger,NER,2013,10224897437.8648,10626393166.2762,313064423.2624665,63681011.4431557,290016702.739083,353697714.1822387,666762137.4447052,9558135300.420094,6.520966508432203,0.934790334915678
Niger,NER,2014,10862943543.5419,11351529661.747,208795756.1089491,72392130.6684703,295447532.380038,367839663.0485083,576635419.1574574,10286308124.384443,5.308279628317422,0.9469172037168258
Niger,NER,2015,9683867926.44282,10161942025.7141,61841690.12757454,73370644.3442898,263268239.656374,336638884.0006638,398480574.1282384,9285387352.31458,4.1148906320804475,0.9588510936791955
Niger,NER,2016,10398861981.7583,10734604834.9542,72566654.66265735,75773375.7708874,284340153.640589,360113529.4114764,432680184.07413375,9966181797.684168,4.16084168472609,0.9583915831527391
Niger,NER,2017,11185104251.6943,11600276120.4447,96380739.86968333,71466646.0388005,308133574.374933,379600220.4137335,475980960.2834168,10709123291.410883,4.25548970821006,0.9574451029178994
Niger,NER,2018,12837307496.8821,13405990160.9815,142323656.97354156,76398555.8723009,336610448.27973,413009004.15203094,555332661.1255724,12281974835.756527,4.325927857227462,0.9567407214277254
Nigeria,NGA,2008,339476276257.793,324321646213.473,25089765773.746807,2333004718.53393,15249994115.2504,17582998833.784332,42672764607.53114,296803511650.2619,12.570175765427006,0.87429824234573
Nigeria,NGA,2009,295008835380.997,280445995386.07,12280361673.029686,2125164769.68483,11951992376.5176,14077157146.202429,26357518819.232117,268651316561.7649,8.934484550332874,0.9106551544966712
Nigeria,NGA,2010,366990417129.04,347315817192.993,23206034705.059067,2573756458.25767,13500594945.575,16074351403.83267,39280386108.89174,327710031020.14825,10.703381961900133,0.8929661803809986
Nigeria,NGA,2011,414466676831.16,391494346889.747,33770490620.1939,2833696771.23874,13081473077.1045,15915169848.343239,49685660468.53714,364781016362.6228,11.987854089600903,0.880121459103991
Nigeria,NGA,2012,463971018239.281,441706108191.483,31361768746.943474,2962218314.04726,13723475643.363,16685693957.410261,48047462704.35374,415923555534.92725,10.355703441712501,0.896442965582875
Nigeria,NGA,2013,520117180313.906,494387410379.986,25561131890.325176,3495343904.79224,14806347231.5257,18301691136.31794,43862823026.64311,476254357287.2629,8.43325786703885,0.9156674213296114
Nigeria,NGA,2014,574183763411.508,555021693443.684,20317513203.939907,3866413083.01606,15252116720.8215,19118529803.837563,39436043007.777466,534747720403.7306,6.8681919484223215,0.9313180805157768
Nigeria,NGA,2015,493026682800.63,480318932817.476,7148664657.361672,3747119044.72306,12662386757.6964,16409505802.41946,23558170459.78113,469468512340.8489,4.7782749456802875,0.9522172505431972
Nigeria,NGA,2016,404649125252.16,398387885254.181,5057079749.378569,3980077626.99498,10262699865.9192,14242777492.91418,19299857242.292747,385349268009.86725,4.769528966673506,0.9523047103332649
Nigeria,NGA,2017,375745731053.427,367400071058.266,9587521678.663477,4059754571.05695,9285129765.2977,13344884336.35465,22932406015.018127,352813325038.4089,6.103171405494261,0.9389682859450574
Nigeria,NGA,2018,421739251509.08,410486871490.792,15612559875.971563,4305352334.81124,9935457472.36369,14240809807.17493,29853369683.146492,391885881825.93353,7.07863201642348,0.9292136798357652
North Macedonia,MKD,2008,9909552434.51136,9789799366.25583,47783362.88070921,254421759.876837,45457237.6023068,299878997.4791438,347662360.359853,9561890074.151506,3.5083558279491256,0.9649164417205087
North Macedonia,MKD,2009,9401736825.42688,9334914966.52821,36960588.508117735,244967017.69303,44484875.758718,289451893.451748,326412481.95986575,9075324343.467014,3.471831726634669,0.9652816827336533
North Macedonia,MKD,2010,9407170321.37752,9276086270.28465,71295483.6326605,246916025.824981,42865426.4251947,289781452.2501757,361076935.8828362,9046093385.494684,3.8383161306466262,0.9616168386935338
North Macedonia,MKD,2011,10494626767.6445,10307350188.4715,75181226.91530919,283966258.519539,44304557.5333893,328270816.0529283,403452042.9682375,10091174724.676264,3.8443677121715396,0.9615563228782846
North Macedonia,MKD,2012,9745261300.57788,9534185814.44031,59531841.29341802,281183945.215569,41123482.1849604,322307427.40052944,381839268.69394743,9363422031.883934,3.9182045192703483,0.9608179548072965
North Macedonia,MKD,2013,10817702346.0674,10561387533.2571,69085717.08497147,263128653.544293,41406433.3551578,304535086.8994508,373620803.98442227,10444081542.082977,3.4537907591832244,0.9654620924081677
North Macedonia,MKD,2014,11362265252.778,11149662118.4457,79631260.89115627,259264822.146092,41116770.593837,300381592.739929,380012853.6310853,10982252399.146915,3.344516653826347,0.9665548334617365
North Macedonia,MKD,2015,10064519962.5655,9747431783.18268,49726981.90140186,257666583.140291,35263099.5404763,292929682.6807673,342656664.5821692,9721863297.983332,3.4046001782167816,0.9659539982178322
North Macedonia,MKD,2016,10672467073.2873,10247925155.7349,50622081.865362994,262154353.119046,37457809.8047181,299612162.9237641,350234244.7891271,10322232828.498173,3.281661516349371,0.9671833848365063
North Macedonia,MKD,2017,11307067069.6658,10859414347.1733,44712693.350125745,291479151.646694,36624162.352428,328103313.999122,372816007.34924775,10934251062.316553,3.2971946221971615,0.9670280537780284
North Macedonia,MKD,2018,12683068114.2388,12150990659.4701,20819827.31329219,286004850.667635,42651830.4540754,328656681.1217104,349476508.4350026,12333591605.803797,2.7554571597913227,0.9724454284020868
Norway,NOR,2008,464917553191.489,462874822695.035,47685449272.700424,989507433.319388,107805860.118289,1097313293.437677,48782762566.1381,416134790625.3509,10.492777102361977,0.8950722289763803
Norway,NOR,2009,387976400617.019,390179062703.751,25980081066.079773,1033722171.9626,91334478.2459004,1125056650.2085004,27105137716.288273,360871262900.7307,6.986285164041309,0.9301371483595869
Norway,NOR,2010,431052143940.438,435702909141.045,26225877816.46601,1183425021.46288,97787691.4486891,1281212712.911569,27507090529.37758,403545053411.0604,6.381383532378032,0.9361861646762196
Norway,NOR,2011,501360549669.404,506139118181.721,39963215485.58717,1181204082.28606,109654107.64355,1290858189.92961,41254073675.516785,460106475993.8872,8.228424374977175,0.9177157562502283
Norway,NOR,2012,512777309840.997,517101160292.222,37297392266.8954,1195886220.46497,102698695.0771,1298584915.5420702,38595977182.43747,474181332658.5596,7.526849656121749,0.9247315034387825
Norway,NOR,2013,526014468085.106,531585021276.596,33137328942.197186,1276852748.97137,97908331.3518792,1374761080.323249,34512090022.52043,491502378062.5856,6.561053377135739,0.9343894662286426
Norway,NOR,2014,501736471832.848,517499761967.733,29714240255.456966,1316863325.13612,83129446.3969636,1399992771.5330837,31114233026.99005,470622238805.858,6.201309805788976,0.9379869019421102
Norway,NOR,2015,388159512245.53,404192290999.276,15269795535.243643,1373178678.84283,60223261.6054981,1433401940.448328,16703197475.69197,371456314769.8381,4.303178705852856,0.9569682129414715
Norway,NOR,2016,370956547619.048,387092976190.476,11165752906.327293,1391931783.75163,52732915.0772551,1444664698.828885,12610417605.156178,358346130013.8918,3.3994325443492097,0.9660056745565079
Norway,NOR,2017,401745275035.261,416379568809.188,16727051467.083029,1411372786.87579,50753286.9001024,1462126073.7758925,18189177540.85892,383556097494.40204,4.527539879408039,0.9547246012059196
Norway,NOR,2018,439788625883.8,457569996925.915,24813993828.865788,1472729054.70363,57103728.2020047,1529832782.9056346,26343826611.771423,413444799272.02856,5.990110944509041,0.9400988905549096
Oman,OMN,2008,69804681404.4213,67045253576.0728,19782322865.220013,1108667063.01844,114598777.526204,1223265840.544644,21005588705.764656,48799092698.65664,30.09194839536106,0.6990805160463893
Oman,OMN,2009,55454096228.8687,52530819245.7737,13440806206.977554,1203845825.97378,84443528.7152986,1288289354.6890786,14729095561.666634,40725000667.202065,26.560879291724625,0.7343912070827537
Oman,OMN,2010,64993498049.4148,61412223667.1001,16626023383.193098,1345463713.66071,115317454.503632,1460781168.1643422,18086804551.35744,46906693498.05736,27.82863685472965,0.7217136314527035
Oman,OMN,2011,77497529258.7776,73359687906.3719,24576258588.511875,1599398082.60112,144356184.614889,1743754267.216009,26320012855.727882,51177516403.04972,33.96238964966331,0.6603761035033668
Oman,OMN,2012,87408842652.7958,82904291287.3862,26245915342.584694,1881291415.40868,156279832.10183,2037571247.51051,28283486590.095203,59125356062.70061,32.35769486440002,0.6764230513559999
Oman,OMN,2013,89936020806.2419,86700650195.0585,26773247382.921886,2036822520.74762,151500882.800609,2188323403.548229,28961570786.470116,60974450019.77178,32.20241514672403,0.6779758485327597
Oman,OMN,2014,92699089726.9181,88412627391.8484,24505939334.392174,2235401533.81888,139734333.290221,2375135867.1091013,26881075201.501274,65818014525.41683,28.998208375821307,0.7100179162417869
Oman,OMN,2015,78710793237.9714,76463053531.6231,12654961299.094126,2438617697.70982,106513964.104462,2545131661.814282,15200092960.908407,63510700277.062996,19.31131975122267,0.8068868024877733
Oman,OMN,2016,75128738621.5865,73062344337.3053,10393506093.107948,2590300311.83394,92810089.1412111,2683110400.975151,13076616494.0831,62052122127.5034,17.405611666060686,0.8259438833393932
Oman,OMN,2017,80856697009.1027,77933942797.3267,13193187702.108181,2691411498.01904,95340170.2679008,2786751668.286941,15979939370.395123,64876757638.70758,19.76328487496358,0.8023671512503642
Oman,OMN,2018,91505851755.5267,86515337731.7805,18916353581.842796,2961913110.83896,100550647.964135,3062463758.8030953,21978817340.645893,69527034414.88081,24.01902929592525,0.7598097070407475
Pakistan,PAK,2008,202203748583.854,198280748583.854,3239194240.430452,3815253171.12824,4238460426.20038,8053713597.32862,11292907837.759071,190910840746.09494,5.584915174347467,0.9441508482565253
Pakistan,PAK,2009,187337783856.466,182930783856.466,2319406375.3612466,4008400592.69169,4096228241.36772,8104628834.05941,10424035209.420656,176913748647.04535,5.564299414050566,0.9443570058594943
Pakistan,PAK,2010,196709621849.586,193427623453.121,2894565860.4497433,4018672334.0466,4261775406.62261,8280447740.66921,11175013601.118954,185534608248.46704,5.68096948997438,0.9431903051002561
Pakistan,PAK,2011,230586581059.665,227569579578.823,4088767173.327003,4226682356.17655,4902352986.69342,9129035342.86997,13217802516.196974,217368778543.46805,5.73225139791496,0.9426774860208504
Pakistan,PAK,2012,250106966104.704,246861967230.679,4636842088.656499,4468183604.72138,4971191118.95577,9439374723.67715,14076216812.333649,236030749292.37036,5.628078670324131,0.9437192132967587
Pakistan,PAK,2013,258657231672.412,254988233264.07,4161157856.006687,4721445807.53019,5111086718.38998,9832532525.92017,13993690381.926857,244663541290.48514,5.410129185813673,0.9458987081418633
Pakistan,PAK,2014,271390474857.632,267435475356.814,3958854068.2845907,5193377737.99424,5343455729.27614,10536833467.27038,14495687535.55497,256894787322.07703,5.341266138083592,0.9465873386191641
Pakistan,PAK,2015,299963590534.773,295364590988.181,2493149383.4358573,5707262944.64413,6056754331.23465,11764017275.87878,14257166659.314638,285706423875.4584,4.752965729573065,0.9524703427042693
Pakistan,PAK,2016,313630000130.435,308284997722.844,1937778043.5372214,6503941618.20116,7212505250.22092,13716446868.422081,15654224911.959303,297975775218.4757,4.991303416589256,0.9500869658341075
Pakistan,PAK,2017,339205534861.1,334191536057.051,2589842269.470781,7439640634.0727,7854041907.20892,15293682541.28162,17883524810.7524,321322010050.3476,5.27217954096045,0.9472782045903955
Pakistan,PAK,2018,356128166704.921,350691167594.255,3375998413.244425,7338570750.76433,8034717660.5387,15373288411.30303,18749286824.547455,337378879880.37354,5.264758190295765,0.9473524180970424
Panama,PAN,2008,25721327955.2772,24214228000.0,0.0,195915504.779643,32072997.5316759,227988502.3113189,227988502.3113189,25493339452.96588,0.8863792052561634,0.9911362079474384
Panama,PAN,2009,27791215547.3487,26343215500.0,9387461.994947467,240272044.498598,34522362.4608205,274794406.95941854,284181868.954366,27507033678.394337,1.0225600548856737,0.9897743994511433
Panama,PAN,2010,30231009532.9507,27919709500.0,14521503.634673385,262634037.448292,35591352.5784253,298225390.0267173,312746893.66139066,29918262639.289307,1.034523485960697,0.9896547651403931
Panama,PAN,2011,35687738251.8135,33773738300.0,38457469.13975776,297985579.958876,39294288.0352565,337279867.9941325,375737337.1338903,35312000914.67961,1.0528471557448582,0.9894715284425514
Panama,PAN,2012,41595439720.9767,38857139700.0,48779140.414964184,324992708.916435,43149565.9529928,368142274.8694278,416921415.284392,41178518305.69231,1.002324817530751,0.9899767518246925
Panama,PAN,2013,46949496479.4008,44042096500.0,36030557.36441669,331335207.011558,46757864.819553,378093071.831111,414123629.1955277,46535372850.20528,0.8820619181234964,0.991179380818765
Panama,PAN,2014,51427104881.9655,47073004900.0,40464577.97430026,362297352.563076,48842994.5464217,411140347.1094977,451604925.083798,50975499956.8817,0.8781457290281384,0.9912185427097187
Panama,PAN,2015,55767806073.1781,52316906100.0,14641735.233300177,372069156.171168,48304265.773264,420373421.944432,435015157.17773217,55332790916.00037,0.7800471056847936,0.9921995289431521
Panama,PAN,2016,59760858717.8359,55623707800.0,6562560.7877862,386767456.072169,48945879.651107,435713335.723276,442275896.5110622,59318582821.32484,0.7400762070693998,0.992599237929306
Panama,PAN,2017,64327688826.3137,60514887600.0,3850096.737572596,379035154.556764,46676259.4959509,425711414.0527149,429561510.7902875,63898127315.52341,0.6677707821123765,0.9933222921788762
Panama,PAN,2018,67316471181.2488,61995613481.2488,0.0,394138197.60999,48295971.7379857,442434169.34797573,442434169.34797573,66874037011.900826,0.6572450420889233,0.9934275495791107
Papua New Guinea,PNG,2008,11670892800.5309,11026839717.8166,2352729600.952414,127747647.017352,165418956.346901,293166603.364253,2645896204.316667,9024996596.214231,22.670898015585475,0.7732910198441453
Papua New Guinea,PNG,2009,11619456449.266,10763853491.4522,1690160798.7154555,138915915.027027,152326643.217889,291242558.244916,1981403356.9603715,9638053092.30563,17.052461667305753,0.8294753833269425
Papua New Guinea,PNG,2010,14250786674.7766,13182459454.5496,2575997142.089795,143462777.277525,174071961.117316,317534738.394841,2893531880.4846363,11357254794.291964,20.304365973045456,0.7969563402695454
Papua New Guinea,PNG,2011,17985138065.8549,16273190424.1724,2883578081.577736,153914472.707411,232756640.338895,386671113.046306,3270249194.624042,14714888871.230858,18.183064164698674,0.8181693583530133
Papua New Guinea,PNG,2012,21295168665.7247,20197600410.434,1866834558.7217207,151932533.213613,275957975.569254,427890508.78286695,2294725067.5045877,19000443598.22011,10.7758013262324,0.892241986737676
Papua New Guinea,PNG,2013,21261338064.8783,19541529643.4411,1287152655.359826,169385015.502825,277528513.795641,446913529.29846597,1734066184.658292,19527271880.22001,8.155959795977294,0.918440402040227
Papua New Guinea,PNG,2014,23210823987.308,22809098942.2622,2101098034.1004572,198320753.980724,277548197.161214,475868951.141938,2576966985.2423954,20633857002.065605,11.102436460900805,0.8889756353909919
Papua New Guinea,PNG,2015,21723437010.0982,20304538486.3236,2160958229.7554493,226371059.346826,251275454.501366,477646513.848192,2638604743.6036415,19084832266.49456,12.146350240880754,0.8785364975911925
Papua New Guinea,PNG,2016,20758876952.6232,19814206954.3563,2012156586.3159347,275082500.331848,238296878.333463,513379378.66531104,2525535964.9812455,18233340987.641953,12.166052964932224,0.8783394703506777
Papua New Guinea,PNG,2017,22742699138.356,21662807656.075,2441725822.218107,284744081.362019,263456158.020869,548200239.382888,2989926061.600995,19752773076.755005,13.146751154784553,0.8685324884521545
Papua New Guinea,PNG,2018,24109780708.0268,22779684605.5353,2532055821.511912,296191314.820272,291292363.532697,587483678.352969,3119539499.864881,20990241208.16192,12.938896200023505,0.8706110379997649
Paraguay,PRY,2008,24615267663.5385,23413218053.8126,368755307.9019269,115939040.02268,86392325.3867498,202331365.4094298,571086673.3113567,24044180990.227146,2.3200506332794455,0.9767994936672055
Paraguay,PRY,2009,22355151162.0031,21172302797.6641,357550866.60703236,126211874.560578,79526369.0176,205738243.578178,563289110.1852103,21791862051.81789,2.519728478251714,0.9748027152174829
Paraguay,PRY,2010,27260886405.2341,25824275618.0682,558374916.4457258,144034341.584322,83790946.9210652,227825288.5053872,786200204.951113,26474686200.282986,2.8839862111019396,0.9711601378889806
Paraguay,PRY,2011,33756238766.4931,32303408198.4505,553575503.015004,155704174.224558,96354618.3550207,252058792.5795787,805634295.5945828,32950604470.898518,2.3866234066168093,0.9761337659338319
Paraguay,PRY,2012,33271921136.3071,31782302451.6837,550522790.6191308,160942846.105062,94273530.4910732,255216376.5961352,805739167.215266,32466181969.09183,2.4216791207046526,0.9757832087929534
Paraguay,PRY,2013,38501122141.4135,36884581278.6264,641950507.4224374,171324552.230091,98669569.179923,269994121.41001403,911944628.8324515,37589177512.58105,2.3686183106115837,0.9763138168938842
Paraguay,PRY,2014,40377929295.6522,38807764239.4682,668622030.470239,189566365.520769,97355096.2995877,286921461.8203567,955543492.2905958,39422385803.3616,2.3664994935574537,0.9763350050644255
Paraguay,PRY,2015,36211447840.1027,34772243173.4843,607908166.9246614,221502852.755021,82355510.1529352,303858362.90795624,911766529.8326176,35299681310.27008,2.5178958153196915,0.9748210418468031
Paraguay,PRY,2016,36089700222.9546,34781392962.8369,678199468.6240671,257844953.590815,83899569.9534084,341744523.5442234,1019943992.1682905,35069756230.78631,2.826135949778716,0.9717386405022128
Paraguay,PRY,2017,38997129473.5613,37667297201.4268,653177502.7094275,301581783.836496,92093681.6659588,393675465.5024548,1046852968.2118824,37950276505.34942,2.684435963220353,0.9731556403677964
Paraguay,PRY,2018,40225448340.6341,38836002785.121,601987436.754285,331843986.059204,91548744.9616104,423392731.0208144,1025380167.7750994,39200068172.859,2.5490832546900504,0.9745091674530995
Peru,PER,2008,120550599815.441,112244779384.121,8708248140.6238,1027617076.90084,292543345.289622,1320160422.190462,10028408562.814262,110522191252.62674,8.318837548852862,0.9168116245114714
Peru,PER,2009,120822986521.479,113307549299.515,6409491616.498628,1137011476.88779,326193793.567311,1463205270.455101,7872696886.953729,112950289634.52527,6.515893302765022,0.9348410669723498
Peru,PER,2010,147527631520.729,136691650811.911,8942949509.59016,1286020916.73656,385081646.990448,1671102563.727008,10614052073.31717,136913579447.41183,7.194619722357433,0.9280538027764257
Peru,PER,2011,171761737046.585,159083185069.533,11940621628.050362,1444588794.69335,425784252.90165,1870373047.595,13810994675.64536,157950742370.93964,8.040786564646558,0.9195921343535344
Peru,PER,2012,192650021648.583,180517336685.894,11122471438.828503,1495090702.57132,458808197.265249,1953898899.836569,13076370338.665071,179573651309.91794,6.7876298309054715,0.9321237016909453
Peru,PER,2013,201175543571.392,190810241241.438,8462373998.928703,1608187955.98293,456856881.193553,2065044837.176483,10527418836.105186,190648124735.2868,5.232951604959519,0.9476704839504048
Peru,PER,2014,200786250582.943,191695514405.553,5827786715.854142,1790274085.74641,444403382.753647,2234677468.5000567,8062464184.354198,192723786398.5888,4.015446356982325,0.9598455364301768
Peru,PER,2015,189802976285.619,183303872361.819,4198986800.4161086,1896857247.38952,417015843.744962,2313873091.134482,6512859891.5505905,183290116394.0684,3.4313792222888684,0.9656862077771113
Peru,PER,2016,191898104390.379,183940620942.667,5363617802.519424,2041930998.47779,412886111.07221,2454817109.55,7818434912.069425,184079669478.30957,4.074263754145459,0.9592573624585454
Peru,PER,2017,211007984080.911,201299928108.921,7547851276.1261015,2030625644.51308,444572101.391441,2475197745.904521,10023049022.030622,200984935058.8804,4.750080460551327,0.9524991953944867
Peru,PER,2018,222597009739.235,211617892395.279,8136195303.904764,2138767730.63692,457732107.327033,2596499837.963953,10732695141.868717,211864314597.36627,4.821581006160734,0.9517841899383926
Philippines,PHL,2008,181624626327.361,198638894706.999,1388450962.6011088,2016856177.86969,1500964836.08836,3517821013.95805,4906271976.559158,176718354350.80182,2.701325296998045,0.9729867470300195
Philippines,PHL,2009,175974755881.372,196297286284.675,973049721.3414595,2107213578.20853,1501712657.72888,3608926235.93741,4581975957.27887,171392779924.09314,2.603768895333867,0.9739623110466613
Philippines,PHL,2010,208368893151.144,231747446287.784,2690778774.097485,2341415424.45976,1766634177.04212,4108049601.50188,6798828375.599365,201570064775.54465,3.2628806885621433,0.9673711931143786
Philippines,PHL,2011,234216730291.32,259495340510.663,4408459050.640792,2464719541.31028,2033026729.1319,4497746270.44218,8906205321.082972,225310524970.23703,3.802548737660795,0.9619745126233921
Philippines,PHL,2012,261920540962.63,290823739758.617,2126545447.5734184,2677616792.68215,2214252400.63789,4891869193.32004,7018414640.893458,254902126321.73654,2.679596878923226,0.9732040312107677
Philippines,PHL,2013,283902828588.718,317288013007.529,1515677531.1562653,3087074367.76623,2306581796.7677,5393656164.53393,6909333695.690195,276993494893.02783,2.4336966736247425,0.9756630332637526
Philippines,PHL,2014,297483555338.044,331766346473.311,2597054092.4807673,3428356463.07803,2378164619.14036,5806521082.2183895,8403575174.699157,289079980163.34485,2.8248873001231263,0.9717511269987688
Philippines,PHL,2015,306445871242.322,341466825826.696,1094870310.7174292,3860130706.32227,2386965934.49754,6247096640.81981,7341966951.537239,299103904290.7848,2.3958446304964482,0.9760415536950355
Philippines,PHL,2016,318627003016.731,354012676981.763,816922781.9373269,4379773127.53617,2380176723.44786,6759949850.98403,7576872632.921356,311050130383.8097,2.3779756772603062,0.976220243227397
Philippines,PHL,2017,328480736802.76,364718697510.819,1354736085.0219374,4995181891.57699,2267600131.92865,7262782023.50564,8617518108.527576,319863218694.2324,2.62344702231415,0.9737655297768585
Philippines,PHL,2018,346841896587.313,383816939953.966,1671388166.3974602,5428999070.72288,2314298034.87019,7743297105.593071,9414685271.990532,337427211315.32245,2.7144025461239263,0.9728559745387607
Poland,POL,2008,535612030671.888,524462050719.687,2336752055.356103,8274879915.02711,1196766730.21017,9471646645.23728,11808398700.593384,523803631971.2946,2.204655240058848,0.9779534475994115
Poland,POL,2009,440891472247.096,427272861299.261,1264945495.1770325,8209571478.15073,938692242.14881,9148263720.29954,10413209215.476572,430478263031.61945,2.361853170442026,0.9763814682955797
Poland,POL,2010,478111630683.514,462249195768.249,5504421043.436604,8966137552.40291,977723808.158725,9943861360.561636,15448282403.99824,462663348279.51575,3.2311036612753354,0.9676889633872466
Poland,POL,2011,527848543023.469,509126016589.444,8234807564.69593,9264398629.49193,1039579333.67243,10303977963.16436,18538785527.86029,509309757495.6087,3.5121410815442995,0.964878589184557
Poland,POL,2012,498148649702.66,479188660855.595,2123735107.0493193,9425099414.32692,958198201.264504,10383297615.591423,12507032722.640743,485641616980.0192,2.510702925744368,0.9748929707425563
Poland,POL,2013,518179836405.36,499262960365.017,1701206040.049988,9642662264.0906,944641973.801537,10587304237.892136,12288510277.942123,505891326127.41785,2.371475965407717,0.9762852403459228
Poland,POL,2014,542134167178.627,521376161737.583,1402104637.0621855,9620745755.21856,908791081.106415,10529536836.324974,11931641473.38716,530202525705.23987,2.2008650617764527,0.9779913493822354
Poland,POL,2015,480054118583.367,462002918158.907,933345895.7231222,10052126036.1876,773460118.009001,10825586154.1966,11758932049.919722,468295186533.44727,2.449501336353531,0.9755049866364647
Poland,POL,2016,473259583969.643,454775433601.938,804837447.8236119,10766283535.8162,754524538.445756,11520808074.261955,12325645522.085567,460933938447.55743,2.6044154074386783,0.9739558459256132
Poland,POL,2017,528356676667.211,505864085381.071,1216951267.9433403,11706311111.814,848992889.742474,12555304001.556473,13772255269.499813,514584421397.7112,2.6066208449135138,0.9739337915508649
Poland,POL,2018,594616687350.017,569457737081.91,1614224514.2887228,12220242697.027,921736345.539936,13141979042.566936,14756203556.85566,579860483793.1613,2.4816329361052016,0.975183670638948
Portugal,PRT,2008,263416394624.084,254553929557.289,501469366.9523645,1525457127.48101,199844983.940062,1725302111.421072,2226771478.3734365,261189623145.71057,0.8453427819294325,0.9915465721807056
Portugal,PRT,2009,244667762835.543,236288419140.502,266215967.6169889,1554863933.16377,177854340.418304,1732718273.582074,1998934241.1990628,242668828594.34393,0.8169994354927252,0.9918300056450727
Portugal,PRT,2010,238443864993.217,230806684374.184,404841206.5601741,1455775638.49955,159684754.84513,1615460393.34468,2020301599.9048543,236423563393.31216,0.8472860477925559,0.9915271395220744
Portugal,PRT,2011,245426767676.002,241074098544.932,202749753.49416912,1487541631.10486,157857267.441579,1645398898.5464392,1848148652.0406084,243578619023.9614,0.7530346708067459,0.9924696532919325
Portugal,PRT,2012,216536676771.973,211677221863.129,171953983.73980072,1498197778.53904,135796905.501985,1633994684.0410252,1805948667.7808259,214730728104.19217,0.8340151399305914,0.9916598486006941
Portugal,PRT,2013,226677408291.745,223413313836.654,126896976.7615805,1505070018.87588,133461636.4588,1638531655.33468,1765428632.0962605,224911979659.64874,0.7788286646651874,0.9922117133533481
Portugal,PRT,2014,230078616299.675,225356357967.272,116424460.72433868,1546497877.30681,120780160.748226,1667278038.0550358,1783702498.7793746,228294913800.8956,0.7752578346768804,0.9922474216532312
Portugal,PRT,2015,199038523119.639,193882117436.104,39542632.053947136,1733424971.77803,93567554.3953236,1826992526.1733534,1866535158.2273006,197171987961.4117,0.9377758280015719,0.9906222417199843
Portugal,PRT,2016,206305431241.638,201616016279.834,29788825.199049454,1751047326.58651,90430582.7185538,1841477909.3050637,1871266734.5041132,204434164507.13388,0.9070370679249709,0.9909296293207502
Portugal,PRT,2017,220862990767.229,215929574787.319,99425612.1314133,1995453628.64608,92518946.5286958,2087972575.1747758,2187398187.306189,218675592579.92282,0.9903869270753091,0.990096130729247
Portugal,PRT,2018,242092894542.888,236328855161.847,202832057.4702433,1939347909.33516,95059275.3355655,2034407184.6707256,2237239242.140969,239855655300.74704,0.924124289713353,0.9907587571028664
Romania,ROU,2008,214315932061.275,209606664329.629,3304197647.9994135,2560857071.08175,579895506.912043,3140752577.993793,6444950225.993206,207870981835.2818,3.0072193718899634,0.9699278062811003
Romania,ROU,2009,174110532658.867,171902480155.444,1710700529.0487,2229006542.14431,481705517.731274,2710712059.875584,4421412588.924284,169689120069.94272,2.539428558056918,0.9746057144194308
Romania,ROU,2010,170064350671.827,169237711192.926,1821888512.667852,2218243268.65009,453001606.547613,2671244875.1977034,4493133387.865555,165571217283.96143,2.642019547374726,0.9735798045262527
Romania,ROU,2011,192623977894.173,191655071330.916,2815539862.558279,2507374143.91709,421656931.209896,2929031075.126986,5744570937.685265,186879406956.48773,2.98227198944117,0.9701772801055883
Romania,ROU,2012,179117323107.087,177389245141.572,2524097456.6529827,2543083425.61183,374403443.021921,2917486868.6337514,5441584325.286734,173675738781.80026,3.038000027520197,0.9696199997247981
Romania,ROU,2013,189798603751.235,187011430573.539,2266531178.187971,2330336961.95878,351451589.065595,2681788551.024375,4948319729.212346,184850284022.02264,2.607142324238591,0.9739285767576141
Romania,ROU,2014,199722319675.741,198781424858.361,1863169530.4590125,2408805983.52451,358772605.598582,2767578589.1230917,4630748119.582104,195091571556.1589,2.3185931983467545,0.9768140680165325
Romania,ROU,2015,177885131240.315,176016433717.531,1061735123.3891947,2549543075.06639,280846520.492437,2830389595.558827,3892124718.948022,173993006521.36697,2.187998902330931,0.9781200109766907
Romania,ROU,2016,185290759248.844,182805939815.968,662078778.4757392,2570908039.64285,289254782.594898,2860162822.237748,3522241600.7134876,181768517648.1305,1.9009267461542207,0.9809907325384578
Romania,ROU,2017,210147385855.419,207139929998.628,988724611.4417018,2776722423.9753,330328418.862917,3107050842.838217,4095775454.2799187,206051610401.1391,1.9490013818671972,0.980509986181328
Romania,ROU,2018,241791427223.903,238234258807.997,1532801777.8313208,2945849980.55853,386314286.399371,3332164266.957901,4864966044.789222,236926461179.1138,2.0120506755122354,0.9798794932448777
Russian Federation,RUS,2008,1660848058303.11,1614365511555.5,158563206449.36545,44421556767.6785,3832417029.64122,48253973797.31972,206817180246.68518,1454030878056.4248,12.452504563120035,0.8754749543687996
Russian Federation,RUS,2009,1222645900055.7,1182906447463.51,88081256406.35344,42715124341.4642,3033301542.78481,45748425884.249016,133829682290.60245,1088816217765.0975,10.945906928940387,0.8905409307105961
Russian Federation,RUS,2010,1524916715223.95,1477812038495.23,103383469475.93727,46234736960.2072,3788228981.62034,50022965941.82754,153406435417.7648,1371510279806.185,10.059987793840634,0.8994001220615937
Russian Federation,RUS,2011,2045922753398.04,1985523437666.18,172093402215.95062,50681113159.8858,4573653400.55336,55254766560.43916,227348168776.38977,1818574584621.6504,11.112255748600026,0.8888774425139997
Russian Federation,RUS,2012,2208293553878.42,2140632821885.44,167431239596.18106,52065944845.2585,4560437171.61857,56626382016.87707,224057621613.05814,1984235932265.3618,10.146188273725942,0.8985381172627406
Russian Federation,RUS,2013,2292470078346.22,2212865788369.71,157322507191.67328,52777013032.1909,4435353161.13595,57212366193.32685,214534873385.00012,2077935204961.2202,9.358240938951086,0.9064175906104891
Russian Federation,RUS,2014,2059241589895.01,1991279402292.03,141244428384.61624,54275912069.0119,3897799242.59291,58173711311.60481,199418139696.22107,1859823450198.789,9.684057503247507,0.903159424967525
Russian Federation,RUS,2015,1363482182197.71,1325733351220.47,68852999690.80566,55377802590.2208,2475442632.99321,57853245223.21401,126706244914.01968,1236775937283.6902,9.292842001777395,0.9070715799822261
Russian Federation,RUS,2016,1276786350881.14,1241289768349.06,54113640702.80493,56435726488.9842,2109447168.41605,58545173657.40025,112658814360.20518,1164127536520.9348,8.823623019031853,0.9117637698096814
Russian Federation,RUS,2017,1574199360089.0,1532146060813.91,79390999661.6135,59663427184.4156,2256467426.65705,61919894611.072655,141310894272.68616,1432888465816.314,8.976683503714344,0.9102331649628566
Russian Federation,RUS,2018,1657328773461.31,1616936904758.28,129514479453.06549,65075896513.2466,2313199042.48013,67389095555.72673,196903575008.79224,1460425198452.5178,11.880779369899047,0.8811922063010096
Rwanda,RWA,2008,5179854064.57033,5142840240.63694,399208300.51486486,15029134.2845369,162425050.579284,177454184.8638209,576662485.3786857,4603191579.191644,11.132794055396236,0.8886720594460377
Rwanda,RWA,2009,5674476969.06444,5637685478.65291,369198466.0547962,16294310.6966299,159389547.157559,175683857.85418892,544882323.9089851,5129594645.155455,9.602335631627751,0.9039766436837224
Rwanda,RWA,2010,6124756654.12346,6073490473.92275,353540043.05548936,17146946.2378459,166422763.643154,183569709.8809999,537109752.9364892,5587646901.186971,8.769487234646013,0.9123051276535399
Rwanda,RWA,2011,6884913658.10632,6827682931.80234,407934003.86988986,20283303.4180055,177143900.181197,197427203.59920248,605361207.4690924,6279552450.637228,8.792575150980115,0.9120742484901988
Rwanda,RWA,2012,7654761050.18587,7552066070.05855,436949386.66431123,23302536.4052012,191465708.05,214768244.4552012,651717631.1195124,7003043419.066358,8.513886022656289,0.9148611397734371
Rwanda,RWA,2013,7819964030.17937,7688179546.13209,452883449.1738023,26183562.7774953,180790888.871938,206974451.64943328,659857900.8232356,7160106129.356134,8.438119386184697,0.915618806138153
Rwanda,RWA,2014,8238966124.23115,8050148028.21699,472922547.8589317,28956851.4646147,188624040.349333,217580891.81394768,690503439.6728795,7548462684.55827,8.380947673059113,0.9161905232694089
Rwanda,RWA,2015,8543760199.80208,8381416000.26214,462501071.6787509,34077363.2377704,187511183.959795,221588547.1975654,684089618.8763163,7859670580.925764,8.006891613041331,0.9199310838695867
Rwanda,RWA,2016,8695272057.91798,8456915747.95075,483957477.2665182,41657401.7701684,185841634.208452,227499035.97862038,711456513.2451385,7983815544.672842,8.182107569564549,0.9181789243043545
Rwanda,RWA,2017,9252833891.40871,8961396456.90503,504663522.97308356,44526342.5977769,192667710.565947,237194053.1637239,741857576.1368074,8510976315.271903,8.017625571184466,0.9198237442881554
Rwanda,RWA,2018,9637904520.86283,9290176449.40477,410324021.95232826,50540580.3850932,197288156.815369,247828737.20046222,658152759.1527905,8979751761.71004,6.8287951777080815,0.9317120482229192
Samoa,WSM,2008,641346191.664776,600697867.029725,3003188.5047411304,4562415.79351393,3893238.7382909,8455654.53180483,11458843.03654596,629887348.62823,1.786686065259337,0.9821331393474066
Samoa,WSM,2009,628006115.424052,597777867.291636,2785429.781706558,4971146.05476758,3902120.31656259,8873266.37133017,11658696.153036729,616347419.2710153,1.8564622010351521,0.9814353779896485
Samoa,WSM,2010,680260907.153983,660391187.349794,2793112.4534896063,5429866.02475186,4111846.2948823,9541712.31963416,12334824.773123767,667926082.3808593,1.8132490994858308,0.9818675090051416
Samoa,WSM,2011,744097050.169115,716182120.904322,3565330.9787618127,5965677.5020297,4407670.01231833,10373347.51434803,13938678.493109843,730158371.6760051,1.8732339403767162,0.9812676605962328
Samoa,WSM,2012,773141661.165548,746301096.848522,3065500.6213466087,6214009.80064961,4878498.41699177,11092508.21764138,14158008.838987987,758983652.32656,1.8312308791695524,0.9816876912083045
Samoa,WSM,2013,797736334.281305,770254910.765476,2827739.443991376,6465077.30631877,5067364.01643731,11532441.32275608,14360180.766747456,783376153.5145575,1.800116172429932,0.9819988382757007
Samoa,WSM,2014,796683519.593842,766889272.264399,4097915.5293587754,7070858.74019039,5053826.74820841,12124685.4883988,16222601.017757576,780460918.5760845,2.0362666753829672,0.9796373332461703
Samoa,WSM,2015,824150498.653536,807830609.604773,3173338.9680712083,8345476.36232892,5023519.41513795,13368995.77746687,16542334.745538078,807608163.9079978,2.0071982935840382,0.9799280170641597
Samoa,WSM,2016,843924796.697421,825243379.633969,3590307.3564110966,10773466.7131454,4731346.29005877,15504813.00320417,19095120.359615266,824829676.3378057,2.262656629398879,0.9773734337060113
Samoa,WSM,2017,884844384.463214,858933636.034395,4269103.48413944,11599298.8636577,4879453.59519453,16478752.45885223,20747855.94299167,864096528.5202224,2.3448028045720366,0.9765519719542797
Samoa,WSM,2018,878448433.404342,849320877.353233,2325065.0892287954,11361835.9095761,4915138.89576156,16276974.80533766,18602039.894566454,859846393.5097756,2.1176018064573245,0.9788239819354267
Sao Tome and Principe,STP,2008,188021165.00338,187949229.959547,6615231.171399762,2415396.66713917,3965393.24450862,6380789.91164779,12996021.083047552,175025143.92033246,6.911999020330457,0.9308800097966954
Sao Tome and Principe,STP,2009,200668065.03175,200383855.287353,7042506.844580669,2485573.0273838,3835114.94702809,6320687.97441189,13363194.818992559,187304870.21275744,6.659353005112304,0.933406469948877
Sao Tome and Principe,STP,2010,190021192.489536,189652123.477976,7514999.622707472,2857824.30199948,3852907.96582267,6710732.26782215,14225731.890529621,175795460.59900635,7.486392282962338,0.9251360771703766
Sao Tome and Principe,STP,2011,226455001.243083,226030077.537509,8609577.985578142,2982838.75101485,4035667.51270445,7018506.2637193,15628084.249297442,210826916.99378556,6.901187504585879,0.9309881249541412
Sao Tome and Principe,STP,2012,225815131.929273,224905959.629242,8749403.435953602,3728405.74149583,4170345.10871001,7898750.850205841,16648154.286159443,209166977.64311355,7.372470632913025,0.9262752936708698
Sao Tome and Principe,STP,2013,267041747.584354,270108831.992698,8941982.046781715,3879046.23928553,4975826.46853528,8854872.70782081,17796854.754602525,249244892.8297515,6.664446632630276,0.9333555336736973
Sao Tome and Principe,STP,2014,293119143.246825,301248741.524111,9031284.870812945,4040490.74451832,5793981.63945216,9834472.38397048,18865757.254783425,274253385.9920415,6.436207832013648,0.9356379216798635
Sao Tome and Principe,STP,2015,259999643.047388,263296442.08608,9015354.29931901,4172738.18116446,5061784.29778887,9234522.47895333,18249876.77827234,241749766.26911566,7.019193012871206,0.929808069871288
Sao Tome and Principe,STP,2016,292267272.196925,295113951.413028,9639309.999854311,4668501.88561376,5162320.13401815,9830822.019631911,19470132.019486222,272797140.17743874,6.661755821352309,0.9333824417864769
Sao Tome and Principe,STP,2017,322002845.229335,321612895.939217,10168296.190455968,5238393.01721451,5294000.95092357,10532393.96813808,20700690.15859405,301302155.07074094,6.4287289585440615,0.9357127104145594
Sao Tome and Principe,STP,2018,383717327.830508,385528483.765863,9007378.30562311,5485024.41339119,5588889.49263147,11073913.90602266,20081292.21164577,363636035.6188622,5.2333555863069865,0.9476664441369301
Saudi Arabia,SAU,2008,519796800000.0,528961689493.333,90338175515.74107,10459203940.677,1616723597.35076,12075927538.02776,102414103053.76883,417382696946.2312,19.702719034393592,0.8029728096560641
Saudi Arabia,SAU,2009,429097866666.667,437737456666.667,43482380772.80585,11227332884.8457,1367521161.47126,12594854046.31696,56077234819.1228,373020631847.5442,13.068635193818123,0.8693136480618188
Saudi Arabia,SAU,2010,528207466666.667,542915211066.667,59183167355.383255,12749611508.0685,1675955424.47844,14425566932.54694,73608734287.93019,454598732378.7368,13.935572465957213,0.8606442753404279
Saudi Arabia,SAU,2011,680660800000.0,696789487866.667,109339555571.63808,13833510741.7418,2046663189.72057,15880173931.46237,125219729503.10045,555441070496.8995,18.396788753385014,0.8160321124661498
Saudi Arabia,SAU,2012,751921333333.333,771810271840.0,121772336633.97972,15301066842.5532,2384089888.19749,17685156730.75069,139457493364.7304,612463839968.6025,18.546819618284164,0.8145318038171584
Saudi Arabia,SAU,2013,769755733333.333,790943083546.667,115452162286.50314,16266457237.9564,2581451911.85388,18847909149.81028,134300071436.31342,635455661897.0195,17.447102453494363,0.8255289754650563
Saudi Arabia,SAU,2014,787153066666.667,810180646080.0,107901782188.33551,18199718207.9861,2496852052.68432,20696570260.670418,128598352449.00592,658554714217.6611,16.337146851701583,0.8366285314829841
Saudi Arabia,SAU,2015,693414400000.0,714777887866.667,59510173684.0845,19653249629.2818,2211438661.5008,21864688290.7826,81374861974.8671,612039538025.1329,11.735386801149076,0.8826461319885093
Saudi Arabia,SAU,2016,689279466666.667,704632328080.0,50114521478.156685,20154640909.1243,2109651325.93319,22264292235.057487,72378813713.21417,616900652953.4529,10.500648461680672,0.8949935153831933
Saudi Arabia,SAU,2017,741266133333.333,753148455840.0,57051204693.03573,20394935057.8852,2240789429.09308,22635724486.97828,79686929180.014,661579204153.319,10.750110600854926,0.8924988939914508
Saudi Arabia,SAU,2018,886564800000.0,894739275066.667,82738023560.14883,20422313336.5453,2535716903.47353,22958030240.01883,105696053800.16766,780868746199.8323,11.921977254247826,0.8807802274575217
Senegal,SEN,2008,16853989627.548,16805895461.5657,31132078.735188186,172835045.072001,366772830.670398,539607875.742399,570739954.4775872,16283249673.070414,3.3863789351377496,0.9661362106486225
Senegal,SEN,2009,16145867494.9405,15975441977.4227,79747363.88687763,184208573.594477,346568758.680307,530777332.27478397,610524696.1616616,15535342798.77884,3.7813062466477962,0.962186937533522
Senegal,SEN,2010,16121315909.0758,15971192907.043,61481771.79493808,200905051.432799,315179878.318614,516084929.751413,577566701.5463511,15543749207.52945,3.5826275274538752,0.9641737247254613
Senegal,SEN,2011,17814283639.3119,17532438785.7207,99359160.94322887,225800895.207511,346616900.10589,572417795.313401,671776956.2566298,17142506683.055271,3.7710017975360928,0.9622899820246391
Senegal,SEN,2012,17660870411.5235,17359552048.495,274194508.8262321,231471855.698857,325842299.239867,557314154.938724,831508663.7649561,16829361747.758543,4.7081975258841515,0.9529180247411585
Senegal,SEN,2013,18918667724.8817,18595820748.9949,116760347.99722017,258926349.658458,341843313.933675,600769663.592133,717530011.5893532,18201137713.292347,3.7927089899975424,0.9620729101000246
Senegal,SEN,2014,19797253440.2679,19408861677.0509,77764955.73896255,288558376.8453,349593125.01895,638151501.86425,715916457.6032125,19081336982.664684,3.616241312277338,0.9638375868772266
Senegal,SEN,2015,17774766696.1759,17312461398.5564,79760124.40510653,323039486.752499,293675419.889005,616714906.641504,696475031.0466106,17078291665.12929,3.9183357112442496,0.9608166428875575
Senegal,SEN,2016,19040312333.1864,18541862786.7709,178220285.79095274,363784049.001482,291512156.083309,655296205.084791,833516490.8757436,18206795842.310658,4.377640851106011,0.9562235914889399
Senegal,SEN,2017,20996562943.5979,20409580182.44,93927746.79129715,366687516.780598,295857307.726516,662544824.5071139,756472571.2984111,20240090372.299488,3.602840014008434,0.9639715998599157
Senegal,SEN,2018,23116701556.1381,22515158389.2178,196669043.27111632,398839642.603516,291942983.103387,690782625.706903,887451668.9780192,22229249887.16008,3.839006472540533,0.9616099352745947
Serbia,SRB,2008,54220641201.6474,52777685908.0998,371545016.4687921,1337324617.37359,310078252.576887,1647402869.9504771,2018947886.419269,52201693315.228134,3.723578035366213,0.9627642196463378
Serbia,SRB,2009,46955984409.7271,46288599321.4029,191835525.08420822,1294431116.7706,262835312.945753,1557266429.7163532,1749101954.8005614,45206882454.92654,3.7249819736251286,0.9627501802637487
Serbia,SRB,2010,43536629233.1424,42660028434.7263,372215918.03654563,1346035182.57733,215692429.662445,1561727612.2397752,1933943530.276321,41602685702.86608,4.442106714141527,0.9555789328585848
Serbia,SRB,2011,51251098408.0924,49347436352.3306,626037184.7459308,1528108255.71997,227386708.214377,1755494963.934347,2381532148.680278,48869566259.412125,4.6467924057296655,0.9535320759427034
Serbia,SRB,2012,45103269969.4112,43688184212.71,559060167.3225163,1422697551.10436,195899398.854004,1618596949.958364,2177657117.2808805,42925612852.13032,4.828157955637716,0.9517184204436229
Serbia,SRB,2013,50455529604.0696,48570920276.0956,510657631.5752465,1502160729.19893,229231390.078114,1731392119.277044,2242049750.8522906,48213479853.217316,4.443615533214916,0.9555638446678508
Serbia,SRB,2014,49114321280.3466,47332816794.2133,452518736.66709375,1311812660.21508,235283611.770516,1547096271.985596,1999615008.6526897,47114706271.69392,4.071348145561863,0.9592865185443814
Serbia,SRB,2015,41297410634.9586,39457763395.7096,200633526.2056758,1578338231.08042,185022095.92808,1763360327.0085,1963993853.214176,39333416781.74443,4.755731226285735,0.9524426877371427
Serbia,SRB,2016,42225495909.5633,39988171446.5188,155292948.60384074,1674196622.33852,189678578.857582,1863875201.1961021,2019168149.799943,40206327759.76336,4.781869593964052,0.9521813040603595
Serbia,SRB,2017,45972834713.8077,43120235148.2036,213785922.5791111,1771325179.84613,197286578.447941,1968611758.294071,2182397680.8731823,43790437032.93452,4.747146210276462,0.9525285378972354
Serbia,SRB,2018,52787520248.9242,50210951337.9451,293517597.414122,1807315578.36521,207645660.508926,2014961238.874136,2308478836.288258,50479041412.63594,4.373152641765376,0.9562684735823462
Sierra Leone,SLE,2008,4157895298.19572,3612680466.13886,348095381.6044265,13955624.1214793,78174953.8556184,92130577.9770977,440225959.5815242,3717669338.614196,10.587711522523339,0.8941228847747666
Sierra Leone,SLE,2009,3953403098.37107,3784130226.10134,374099565.8736387,14361087.505242,75471990.787072,89833078.29231401,463932644.1659527,3489470454.205117,11.735019997255225,0.8826498000274478
Sierra Leone,SLE,2010,4262805966.78755,4213697337.43882,361738736.03528315,16003815.9208575,78315059.314938,94318875.2357955,456057611.27107865,3806748355.5164714,10.698530846215446,0.8930146915378455
Sierra Leone,SLE,2011,4861632884.67985,4643569864.72337,413885058.5594616,22073006.7130621,86170709.9896126,108243716.70267469,522128775.2621363,4339504109.417713,10.739782037172885,0.8926021796282712
Sierra Leone,SLE,2012,6141666509.36295,5959830853.22918,454901599.994774,26720242.1890913,100845514.638626,127565756.82771729,582467356.8224913,5559199152.540459,9.483864940151374,0.9051613505984862
Sierra Leone,SLE,2013,7502762862.72657,7066558515.07409,441689712.0841824,33618400.2587889,115579740.082128,149198140.3409169,590887852.4250993,6911875010.301471,7.875603470830818,0.9212439652916918
Sierra Leone,SLE,2014,7686138790.90872,7305150350.62878,513026142.7795247,38721369.6976838,117857640.674916,156579010.37259978,669605153.1521244,7016533637.756596,8.71185352447894,0.9128814647552106
Sierra Leone,SLE,2015,6788352974.78329,6675734909.37746,594105159.9622718,31643266.1597327,129614493.460848,161257759.6205807,755362919.5828525,6032990055.200438,11.127337107967142,0.8887266289203286
Sierra Leone,SLE,2016,6084297211.10217,5988391765.26326,738423298.1418483,33397745.7405031,108468116.438381,141865862.1788841,880289160.3207324,5204008050.781438,14.46821431922238,0.8553178568077762
Sierra Leone,SLE,2017,5749846528.48046,5650179607.58525,614803418.0084825,35172067.162344,104446994.663437,139619061.825781,754422479.8342634,4995424048.646196,13.120741155392867,0.8687925884460713
Sierra Leone,SLE,2018,6390514688.52816,6321721809.58471,479067580.74339026,33693721.8135523,108081242.333157,141774964.1467093,620842544.8900995,5769672143.638061,9.71506326406848,0.9028493673593152
Singapore,SGP,2008,193617323539.203,186495139805.253,41597654.44604504,1031105909.34713,126663080.049771,1157768989.396901,1199366643.842946,192417956895.36005,0.6194521347156794,0.9938054786528432
Singapore,SGP,2009,194150283771.566,184079779170.376,11423354.287598249,1072386681.88199,131157920.139735,1203544602.021725,1214967956.309323,192935315815.25668,0.6257873708486758,0.9937421262915133
Singapore,SGP,2010,239807980591.24,237216943354.934,78727712.19525902,1212003264.05703,141008281.285378,1353011545.342408,1431739257.537667,238376241333.70233,0.5970357008168556,0.9940296429918315
Singapore,SGP,2011,279356499090.458,269757413084.683,364296444.96080256,1335416902.58444,168911455.374031,1504328357.958471,1868624802.9192736,277487874287.53876,0.6689032863037756,0.9933109671369622
Singapore,SGP,2012,295092888076.589,281970766822.76,356362671.1223996,1357450378.0561,188108644.258838,1545559022.3149378,1901921693.4373374,293190966383.1517,0.6445162761576579,0.9935548372384234
Singapore,SGP,2013,307576360584.992,291009669943.259,294061380.53383446,1419407696.519,205274788.845822,1624682485.3648221,1918743865.8986566,305657616719.0933,0.6238268318961004,0.993761731681039
Singapore,SGP,2014,314863580758.455,303910658616.471,271777939.0307348,1494981660.26472,215403593.693984,1710385253.958704,1982163192.9894388,312881417565.4656,0.6295307917844081,0.993704692082156
Singapore,SGP,2015,307998545269.398,286982925099.558,87074794.21041428,1579729175.67403,214079645.03622,1793808820.7102501,1880883614.9206643,306117661654.47736,0.6106793826819852,0.9938932061731801
Singapore,SGP,2016,319646468521.497,300689083099.658,77362644.60301651,1655522597.6721,219654874.28671,1875177471.95881,1952540116.5618267,317693928404.9352,0.6108436378456393,0.9938915636215436
Singapore,SGP,2017,343673334902.33,321223020801.275,1573720.6778769402,1838675918.3766,227618377.950721,2066294296.327321,2067868017.005198,341605466885.3248,0.6016957985969044,0.993983042014031
Singapore,SGP,2018,377123710560.614,329658255006.887,708388.0314845125,1857072603.2666,256315703.350427,2113388306.6170268,2114096694.6485114,375009613865.9655,0.5605844012050539,0.9943941559879494
Slovak Republic,SVK,2008,100830060552.902,99023959600.4781,40628863.0563987,995680101.160343,145404991.447737,1141085092.6080801,1181713955.6644788,99648346597.23752,1.171985764150633,0.9882801423584937
Slovak Republic,SVK,2009,89342984697.5246,88848089393.3773,13577201.791192096,936508640.334447,133360670.752762,1069869311.087209,1083446512.878401,88259538184.6462,1.2126822453340553,0.9878731775466595
Slovak Republic,SVK,2010,91112160800.7668,89152364458.1668,28682323.26790494,1012527143.83197,123955013.000477,1136482156.832447,1165164480.100352,89946996320.66644,1.278824330210102,0.987211756697899
Slovak Republic,SVK,2011,99705104723.4341,96226963494.9807,36650848.37958454,1017744534.82054,133736292.047307,1151480826.867847,1188131675.2474315,98516973048.18666,1.1916457823730515,0.9880835421762695
Slovak Republic,SVK,2012,94724394278.052,93069217734.3281,28802838.853039477,1005116022.86855,122282116.555037,1127398139.4235868,1156200978.2766263,93568193299.77538,1.2205947444569964,0.9877940525554301
Slovak Republic,SVK,2013,99134277850.3418,98325678416.4081,18391213.3201554,1064151649.57343,120137094.205321,1184288743.778751,1202679957.0989063,97931597893.24289,1.2131827488717222,0.9878681725112828
Slovak Republic,SVK,2014,101713075598.862,100531186832.605,14755269.541194737,1024937859.75075,119083473.83144,1144021333.58219,1158776603.1233847,100554298995.73862,1.1392602143832404,0.9886073978561676
Slovak Republic,SVK,2015,89178548717.3324,86973613749.7933,11315300.381638478,1069264182.82331,104058746.472196,1173322929.295506,1184638229.6771445,87993910487.65526,1.328389222201928,0.9867161077779807
Slovak Republic,SVK,2016,90347173228.6356,87954523560.1099,10648039.647546422,1131213959.92986,97381988.2607527,1228595948.1906128,1239243987.8381593,89107929240.79744,1.371646664253781,0.9862835333574622
Slovak Republic,SVK,2017,95978130734.9766,94206543250.0931,12445322.823743794,1256466045.43526,104950869.678128,1361416915.113388,1373862237.937132,94604268497.03946,1.4314325851279237,0.9856856741487208
Slovak Republic,SVK,2018,106611673364.837,104877631800.866,12635274.035129527,1292898606.22344,120415485.256375,1413314091.479815,1425949365.5149446,105185723999.32207,1.3375171034368638,0.9866248289656313
Slovenia,SVN,2008,55509332322.3578,54049304543.9969,97714047.07632226,465903177.217529,50463143.710558,516366320.928087,614080368.0044093,54895251954.35339,1.1062650950983843,0.9889373490490162
Slovenia,SVN,2009,49975540954.8465,49136934997.6062,61103933.29213481,428347074.352629,51578105.7412578,479925180.0938868,541029113.3860216,49434511841.46047,1.0825878080536453,0.9891741219194635
Slovenia,SVN,2010,47793117240.9001,47154511568.2668,69785443.24020831,450964660.504407,47172087.156635,498136747.661042,567922190.9012502,47225195049.99885,1.1882928414956784,0.9881170715850432
Slovenia,SVN,2011,51199194599.3094,50498971509.3289,95263450.88463588,468305671.241719,43068309.546429,511373980.788148,606637431.6727839,50592557167.63662,1.184857372113751,0.9881514262788625
Slovenia,SVN,2012,46167053954.3367,45445223704.3945,76389865.05834813,469779130.373172,36955049.9587043,506734180.3318763,583124045.3902245,45583929908.94647,1.2630739790478933,0.9873692602095211
Slovenia,SVN,2013,47867056858.8892,47226656934.0319,74272889.66396892,470334373.191742,37785154.6750959,508119527.8668379,582392417.5308068,47284664441.35839,1.2166873331019383,0.9878331266689806
Slovenia,SVN,2014,49514466379.6057,49067603884.7892,113016204.16423114,441423612.145275,36882485.6267569,478306097.7720319,591322301.9362631,48923144077.66943,1.1942414917750608,0.9880575850822494
Slovenia,SVN,2015,42709468274.8137,41415620912.5402,99810927.05100116,456914852.988652,28293776.8391325,485208629.8277845,585019556.8787856,42124448717.93491,1.3697654888009398,0.9863023451119906
Slovenia,SVN,2016,44290685824.0682,43271012211.0351,101758209.57176928,499170590.84131,25168317.3781245,524338908.2194345,626097117.7912037,43664588706.27699,1.4136089928211863,0.9858639100717881
Slovenia,SVN,2017,48153200134.6613,47436886245.8789,110752235.68594494,528329346.34767,28414833.1781638,556744179.5258338,667496415.2117788,47485703719.449524,1.3861932609776937,0.986138067390223
Slovenia,SVN,2018,53689067639.9176,53071137916.4807,120575411.44145797,551244939.242499,33437497.7736754,584682437.0161744,705257848.4576324,52983809791.45997,1.3135967515540867,0.9868640324844591
Solomon Islands,SLB,2008,776335523.470373,720476664.889415,0.0,8588076.50549908,15297719.1044776,23885795.60997668,23885795.60997668,752449727.8603964,3.076736138931583,0.9692326386106842
Solomon Islands,SLB,2009,805557289.459198,749697332.428558,1253594.8264052188,9113767.76707392,16262831.2074102,25376598.97448412,26630193.80088934,778927095.6583086,3.3058100459580295,0.9669418995404196
Solomon Islands,SLB,2010,898128551.289162,854220602.11785,1779832.3264579037,9716602.58421335,17084298.610365,26800901.19457835,28580733.521036252,869547817.7681258,3.1822541973542493,0.9681774580264575
Solomon Islands,SLB,2011,1063898226.71892,990050121.32163,32970786.158314507,10439935.2951938,19968843.8755658,30408779.170759603,63379565.329074115,1000518661.3898458,5.957295889526745,0.9404270411047325
Solomon Islands,SLB,2012,1185217634.37393,1128050320.29707,38581625.369624496,10874516.803902,22665989.8388139,33540506.6427159,72122132.0123404,1113095502.3615897,6.085138283521873,0.9391486171647813
Solomon Islands,SLB,2013,1285905957.64116,1289716856.7823,20447923.04723843,12606900.0970458,24338373.9926213,36945274.0896671,57393197.13690552,1228512760.5042546,4.463249959754938,0.9553675004024507
Solomon Islands,SLB,2014,1335576762.84974,1320299497.854,12474158.395162,11448057.4857686,25920282.8088257,37368340.2945943,49842498.689756304,1285734264.1599836,3.73190819698051,0.962680918030195
Solomon Islands,SLB,2015,1307908813.59962,1283708191.1873,174811.4035714473,10779573.958522,25630662.8478916,36410236.8064136,36585048.20998505,1271323765.389635,2.7972170406357173,0.9720278295936429
Solomon Islands,SLB,2016,1379486290.71433,1336639896.08655,149541.29058773757,12928160.0557745,25730110.7559914,38658270.8117659,38807812.10235364,1340678478.6119764,2.813207522508831,0.9718679247749117
Solomon Islands,SLB,2017,1469790526.3972,1440171552.31325,1330450.8558128527,13095982.2642573,26778965.5200835,39874947.7843408,41205398.640153654,1428585127.7570465,2.80348783721975,0.9719651216278025
Solomon Islands,SLB,2018,1615473250.25259,1594885749.83606,2830587.711620766,14104348.9919849,29092280.7486069,43196629.7405918,46027217.452212565,1569446032.8003774,2.8491476070566883,0.9715085239294331
South Africa,ZAF,2008,316131258616.309,307188878051.107,21551506455.325996,11452736768.7659,1661837052.30091,13114573821.06681,34666080276.39281,281465178339.9162,10.965723676970304,0.8903427632302969
South Africa,ZAF,2009,329754060647.129,323126593033.907,8700755258.580101,11162984534.3117,1660620686.52686,12823605220.83856,21524360479.418663,308229700167.7104,6.527398157638439,0.9347260184236156
South Africa,ZAF,2010,417363822801.713,409232529965.626,16451803032.063156,12154612287.9451,1978280849.54467,14132893137.48977,30584696169.552925,386779126632.1601,7.328065945975275,0.9267193405402473
South Africa,ZAF,2011,458199494830.834,447479678691.973,20964349855.51181,12207565981.7893,1996892935.19566,14204458916.98496,35168808772.49677,423030686058.3372,7.675435955135873,0.9232456404486413
South Africa,ZAF,2012,434400545085.811,423516734077.151,16113317506.175163,13260075278.0884,1870736543.65125,15130811821.73965,31244129327.914814,403156415757.8962,7.192470101929284,0.9280752989807072
South Africa,ZAF,2013,400886013595.573,391194711860.894,14488465900.676388,14123608106.9825,1723855845.47356,15847463952.45606,30335929853.132446,370550083742.44055,7.567220811982812,0.9243277918801719
South Africa,ZAF,2014,381198869776.106,371745234720.224,10067152211.372133,15082141917.1009,1653566200.71872,16735708117.81962,26802860329.191753,354396009446.91425,7.031201415926078,0.9296879858407392
South Africa,ZAF,2015,346709790458.563,338766618711.13,4276911096.3996205,14771841134.7858,1451760410.59123,16223601545.377031,20500512641.776653,326209277816.7863,5.912873880677676,0.9408712611932233
South Africa,ZAF,2016,323585509674.481,315294078694.387,5269555737.286644,15267438714.1302,1290127250.28411,16557565964.41431,21827121701.700954,301758387972.7801,6.745395281654753,0.9325460471834525
South Africa,ZAF,2017,381448814653.456,370872982190.206,6658882336.78777,16300756259.0063,1491793032.83098,17792549291.83728,24451431628.62505,356997383024.83093,6.410147492747892,0.9358985250725211
South Africa,ZAF,2018,405260723892.517,393942767301.253,7644842135.1179,17017288409.2236,1531976754.72579,18549265163.94939,26194107299.06729,379066616593.4497,6.4635198416154696,0.9353648015838453
Spain,ESP,2008,1636115447612.5,1590661749850.78,94873430.05340277,8702673551.04103,868085270.984135,9570758822.025166,9665632252.078568,1626449815360.4214,0.5907671287000669,0.9940923287129994
Spain,ESP,2009,1496587590847.66,1467848099044.92,21153689.775887992,7939748188.60712,771148674.926888,8710896863.534008,8732050553.309896,1487855540294.35,0.583464048927736,0.9941653595107226
Spain,ESP,2010,1427989078916.67,1407118321433.34,129918972.45122634,7809004788.85035,702322882.840649,8511327671.690999,8641246644.142225,1419347832272.5276,0.6051339447706373,0.9939486605522936
Spain,ESP,2011,1487568659241.25,1461417995904.67,199790653.3758688,8184909228.76206,712297076.632008,8897206305.394068,9096996958.769936,1478471662282.48,0.6115345938660767,0.9938846540613392
Spain,ESP,2012,1330994811670.31,1320185884573.83,263779552.05873945,8366231629.09229,633775036.613814,9000006665.706104,9263786217.764843,1321731025452.5452,0.6960046828536812,0.9930399531714632
Spain,ESP,2013,1362186923157.65,1353430640925.1,227426744.45503256,7848926907.8588,614517819.462785,8463444727.321585,8690871471.776617,1353496051685.8733,0.6380087287602593,0.9936199127123974
Spain,ESP,2014,1380244561361.96,1375349035971.76,190266350.19337812,8113305822.40028,586097183.334009,8699403005.73429,8889669355.927668,1371354892006.0322,0.6440647987162383,0.9935593520128376
Spain,ESP,2015,1206164777553.12,1205221691596.09,101340737.79579185,8911577998.98224,480915862.304588,9392493861.286829,9493834599.08262,1196670942954.0376,0.7871092553657666,0.9921289074463423
Spain,ESP,2016,1243015667917.12,1245019162551.36,88524565.90454382,8871231210.81264,445343488.168844,9316574698.981483,9405099264.886026,1233610568652.2341,0.7566356167212114,0.9924336438327879
Spain,ESP,2017,1321754088818.83,1321196026317.65,181064352.74093115,9857533560.39174,446306025.933311,10303839586.325052,10484903939.065983,1311269184879.7642,0.7932567811033313,0.9920674321889666
Spain,ESP,2018,1431642809327.06,1432157705493.33,246256330.10782793,10070505114.8907,477560623.866626,10548065738.757326,10794322068.865154,1420848487258.1948,0.7539815098110315,0.9924601849018897
Sri Lanka,LKA,2008,40713826215.0093,39744303906.4377,47394622.1272524,343791456.556661,137121729.225167,480913185.78182805,528307807.90908045,40185518407.10022,1.2976127694780941,0.987023872305219
Sri Lanka,LKA,2009,42066224093.0065,41580817112.8567,44949546.64867894,339418791.087483,143847124.856529,483265915.944012,528215462.59269094,41538008630.41381,1.2556759585191892,0.9874432404148081
Sri Lanka,LKA,2010,58636049434.1871,58018916032.6594,75081092.70119806,373517621.984098,196496046.711993,570013668.696091,645094761.3972892,57990954672.78982,1.1001675038174896,0.9889983249618252
Sri Lanka,LKA,2011,67753285896.6254,67101715630.3668,76017040.35704325,459953730.82837,217041677.230067,676995408.058437,753012448.4154803,67000273448.209915,1.1114035850075088,0.9888859641499249
Sri Lanka,LKA,2012,70447217163.7784,69233385428.4575,65024862.59084797,523530329.755802,216520450.850183,740050780.6059849,805075643.1968329,69642141520.58156,1.1428068781271623,0.9885719312187283
Sri Lanka,LKA,2013,76976203829.4765,75225091023.5766,57843662.99024705,468071575.205281,227240200.153279,695311775.3585601,753155438.3488071,76223048391.1277,0.978426319927711,0.990215736800723
Sri Lanka,LKA,2014,82531125190.5224,80722975660.199,58915252.970328204,592605335.286155,233862769.861278,826468105.147433,885383358.1177613,81645741832.40463,1.0727872133984206,0.9892721278660158
Sri Lanka,LKA,2015,85090301052.0465,83069226767.8953,66008548.63044415,707974615.119014,252950520.159593,960925135.278607,1026933683.9090512,84063367368.13744,1.2068751329025402,0.9879312486709746
Sri Lanka,LKA,2016,88000211171.5956,85804825406.3122,70792953.36065324,787540396.396224,264182001.096382,1051722397.492606,1122515350.8532593,86877695820.74234,1.2755825649831825,0.9872441743501682
Sri Lanka,LKA,2017,94369350285.5814,92054895921.0435,55687608.460304186,874063311.131503,279538530.06241,1153601841.193913,1209289449.6542172,93160060835.92719,1.281443017245173,0.9871855698275482
Sri Lanka,LKA,2018,94450015982.8405,92053069055.8917,39734608.091536336,849787013.923297,277326126.511525,1127113140.434822,1166847748.5263584,93283168234.31415,1.2354129709605794,0.9876458702903942
St. Lucia,LCA,2008,1437731111.11111,1365857333.33333,153002.1468053915,13150492.6989265,3215679.21235388,16366171.911280379,16519174.05808577,1421211937.0530243,1.1489752103450903,0.9885102478965491
St. Lucia,LCA,2009,1401507888.88889,1356348259.25926,139171.32845004668,37835943.6006228,3175236.57052218,41011180.171144985,41150351.49959503,1360357537.389295,2.9361484031473246,0.9706385159685268
St. Lucia,LCA,2010,1482385185.18519,1442802851.85185,317112.5941634429,15146467.7572672,3301653.88040308,18448121.63767028,18765234.231833722,1463619950.9533563,1.2658811231636404,0.9873411887683636
St. Lucia,LCA,2011,1568370370.37037,1548522111.11111,269323.38498867955,17598747.5864653,3426764.56113929,21025512.14760459,21294835.53259327,1547075534.8377767,1.3577682883389646,0.9864223171166103
St. Lucia,LCA,2012,1598207407.40741,1560508962.96296,263100.675057809,23302536.4052012,3627997.20851084,26930533.61371204,27193634.28876985,1571013773.11864,1.70150846271468,0.9829849153728532
St. Lucia,LCA,2013,1660392592.59259,1562592592.59259,338829.75877929945,16485946.5771742,4070408.14592018,20556354.72309438,20895184.48187368,1639497408.1107163,1.2584484281062311,0.9874155157189377
St. Lucia,LCA,2014,1749185185.18518,1643485185.18519,445380.1189953376,17172085.7269195,4386558.67313771,21558644.400057208,22004024.519052546,1727181160.6661274,1.25795854580846,0.9874204145419154
St. Lucia,LCA,2015,1807640740.74074,1657440740.74074,337914.50202847074,17386409.4768018,4746316.35495068,22132725.831752483,22470640.33378095,1785170100.406959,1.2430921602581784,0.9875690783974183
St. Lucia,LCA,2016,1868544444.44444,1757844444.44444,453795.0131381831,18314892.3420995,4720863.40716658,23035755.74926608,23489550.762404263,1845054893.6820357,1.2571042038760911,0.9874289579612391
St. Lucia,LCA,2017,1998503703.7037,1881303703.7037,377391.60322415543,19831058.1245131,4844830.9965299,24675889.121043,25053280.724267155,1973450422.9794328,1.2536019161654586,0.9874639808383454
St. Lucia,LCA,2018,2060955555.55556,1958655555.55556,247927.40439370164,20764734.0699485,5053286.88722025,25818020.95716875,26065948.361562453,2034889607.1939976,1.2647506294494566,0.9873524937055055
St. Vincent and the Grenadines,VCT,2008,732663259.259259,709820777.777778,95789.10999465303,6709434.9198887,2158084.08728569,8867519.007174391,8963308.117169045,723699951.14209,1.223387143260214,0.9877661285673979
St. Vincent and the Grenadines,VCT,2009,714300259.259259,701288925.925926,87667.44198996674,24579554.1212426,2182797.8755103,26762351.996752903,26850019.43874287,687450239.8205161,3.7589261785494497,0.9624107382145055
St. Vincent and the Grenadines,VCT,2010,720447888.888889,708168962.962963,201615.58135074706,7144560.64853646,2328882.34782673,9473442.99636319,9675058.577713937,710772830.311175,1.3429227466590719,0.9865707725334093
St. Vincent and the Grenadines,VCT,2011,713796370.37037,700854000.0,174162.50331098263,8053664.82775502,2375700.01242185,10429364.84017687,10603527.343487851,703192843.0268822,1.4855115245242798,0.9851448847547573
St. Vincent and the Grenadines,VCT,2012,730032592.592593,726213444.444444,172409.65540122293,11185217.9189572,2472681.28960029,13657899.20855749,13830308.863958713,716202283.7286342,1.8944782745716333,0.9810552172542837
St. Vincent and the Grenadines,VCT,2013,764781259.259259,761060481.481481,233459.3282367014,7434838.92635088,2606854.12730473,10041693.05365561,10275152.38189231,754506106.8773667,1.343541340414707,0.9865645865958529
St. Vincent and the Grenadines,VCT,2014,770900000.0,738996296.296296,297882.32587108185,9091104.73961627,2655777.36049948,11746882.10011575,12044764.425986832,758855235.5740131,1.5624289046551934,0.9843757109534481
St. Vincent and the Grenadines,VCT,2015,786555555.555555,766874074.074074,229091.73981110175,8693204.73840089,2676507.27140964,11369712.00981053,11598803.749621632,774956751.8059334,1.474632486885079,0.9852536751311493
St. Vincent and the Grenadines,VCT,2016,814303703.703704,806337037.037037,313230.8582095492,9337003.77122755,2680192.16608176,12017195.93730931,12330426.795518858,801973276.9081851,1.5142294870373667,0.9848577051296263
St. Vincent and the Grenadines,VCT,2017,844040740.740741,839422222.222222,266811.99274996563,8605931.5049006,2779382.90748484,11385314.412385441,11652126.405135406,832388614.3356056,1.3805170583246178,0.9861948294167538
St. Vincent and the Grenadines,VCT,2018,884329629.62963,882574074.074074,179831.5819578508,9794686.41078366,2905887.55722633,12700573.96800999,12880405.54996784,871449224.0796621,1.4565163394290415,0.9854348366057096
Suriname,SUR,2008,3532969034.60838,3553369034.60838,387347579.5277986,39183100.9559285,9400041.27063606,48583142.22656456,435930721.7543632,3097038312.854017,12.338934122661644,0.8766106587733835
Suriname,SUR,2009,3875409836.06557,3880209836.06557,300406221.6305868,40045342.9446063,10029657.4345139,50075000.3791202,350481222.009707,3524928614.055863,9.043720195681958,0.9095627980431804
Suriname,SUR,2010,4368370997.92126,4264071651.04609,699206823.6720122,49726142.386357,10871310.9900367,60597453.376393706,759804277.0484059,3608566720.872854,17.39330925441011,0.826066907455899
Suriname,SUR,2011,4422276621.78703,4160160036.71971,1083234160.7370667,58165356.2003868,10518688.3757509,68684044.57613769,1151918205.3132045,3270358416.4738255,26.048081199581713,0.7395191880041828
Suriname,SUR,2012,4980000000.0,4787510969.69697,1128384480.39142,75810920.216097,11604922.1501241,87415842.3662211,1215800322.757641,3764199677.242359,24.41366109955102,0.7558633890044898
Suriname,SUR,2013,5145757575.75758,5014507666.66667,836543090.445161,74025132.8211741,12290387.0655361,86315519.8867102,922858610.3318712,4222898965.425709,17.934358483570886,0.8206564151642911
Suriname,SUR,2014,5240606060.60606,5170283939.39394,555098028.5490867,88217379.3738164,12777245.1727057,100994624.5465221,656092653.0956088,4584513407.510451,12.519404158757425,0.8748059584124258
Suriname,SUR,2015,5126237646.22072,5112835120.80894,212324763.89845857,94582068.5486601,13417090.9882908,107999159.5369509,320323923.4354095,4805913722.785311,6.248713882228342,0.9375128611777166
Suriname,SUR,2016,3317421648.09918,3148313463.9274,401173001.678166,105939086.848685,8707320.35434324,114646407.20302823,515819408.88119423,2801602239.217986,15.548804571669352,0.8445119542833065
Suriname,SUR,2017,3591679430.99988,3194399158.82944,569856665.0558542,93542732.0520035,8519414.79268248,102062146.84468599,671918811.9005402,2919760619.0993395,18.707649855975212,0.8129235014402478
Suriname,SUR,2018,3996198866.57453,3605454006.32764,292780791.5308929,86585029.365878,8653509.88157361,95238539.2474516,388019330.7783445,3608179535.7961855,9.709710245500066,0.9029028975449993
Sweden,SWE,2008,514614100832.941,532743851557.403,698782301.9661291,1238561727.1626,107078788.469208,1345640515.631808,2044422817.597937,512569678015.343,0.39727298849544,0.9960272701150455
Sweden,SWE,2009,434311714442.499,444801536491.677,338215980.48362815,1184237442.59925,94878480.7433439,1279115923.342594,1617331903.826222,432694382538.6728,0.3723896570237137,0.9962761034297629
Sweden,SWE,2010,492750897239.447,507277244647.925,1876110988.7748644,1375470846.58109,99769533.1419319,1475240379.723022,3351351368.4978867,489399545870.94916,0.6801309520232716,0.9931986904797673
Sweden,SWE,2011,570538581144.45,583472043768.605,2706009604.2125807,1329749550.00502,105504968.253994,1435254518.259014,4141264122.471595,566397317021.9784,0.7258517231498259,0.9927414827685017
Sweden,SWE,2012,549739674655.127,562602227620.87,809379836.3463373,1309291826.52325,95129144.4924278,1404420971.015678,2213800807.3620152,547525873847.765,0.40269984311225177,0.9959730015688775
Sweden,SWE,2013,584125353119.18,597555869012.837,567278113.8719091,1310471180.05805,89467979.3097967,1399939159.3678467,1967217273.2397559,582158135845.9403,0.3367799844220033,0.9966322001557799
Sweden,SWE,2014,577727767303.596,589821572895.813,432959623.85886383,1315853243.52941,74901294.13402,1390754537.66343,1823714161.5222938,575904053142.0736,0.3156701589806012,0.996843298410194
Sweden,SWE,2015,501602351911.6,505178471555.826,354676058.8473299,1362746727.03852,57040484.8480153,1419787211.8865354,1774463270.7338653,499827888640.8661,0.3537589614505256,0.9964624103854948
Sweden,SWE,2016,513058312950.939,514391180400.977,418387005.44161534,1392650031.27631,55047166.7037278,1447697197.9800377,1866084203.421653,511192228747.5174,0.363717760012218,0.9963628223998778
Sweden,SWE,2017,535172356784.769,542787055546.29,736310483.9794817,1432700518.36486,54957480.8038991,1487657999.168759,2223968483.148241,532948388301.6207,0.41556116547377486,0.9958443883452622
Sweden,SWE,2018,549649344043.182,559615385721.553,926251708.4725636,1410826564.84905,56251616.9076684,1467078181.7567184,2393329890.229282,547256014152.9527,0.4354284993090581,0.9956457150069095
Switzerland,CHE,2008,567267767519.158,529818824669.929,8614506.31480616,1206624751.4221,345103638.270371,1551728389.692471,1560342896.0072773,565707424623.1506,0.27506285132878233,0.9972493714867122
Switzerland,CHE,2009,554212916092.271,562214997702.417,850170.838100679,1206055169.34934,356695266.407504,1562750435.756844,1563600606.5949447,552649315485.676,0.28212994702827293,0.9971787005297172
Switzerland,CHE,2010,598851028906.58,629972347630.646,1693510.9497874507,1292022321.51717,353426237.019589,1645448558.536759,1647142069.4865463,597203886837.0934,0.27505038648660723,0.9972494961351339
Switzerland,CHE,2011,715888126682.396,720038694879.46,4284345.225239428,1228631222.27193,416107463.926358,1644738686.198288,1649023031.4235275,714239103650.9724,0.2303464703438466,0.9976965352965615
Switzerland,CHE,2012,686420221557.99,697992809377.499,5045175.729502693,1321098478.15495,386636054.626197,1707734532.781147,1712779708.5106497,684707441849.4794,0.2495234922746112,0.9975047650772539
Switzerland,CHE,2013,706234937370.968,717684744662.856,10279005.925518148,1407124015.2928,383696218.055715,1790820233.348515,1801099239.274033,704433838131.694,0.2550283402827428,0.9974497165971725
Switzerland,CHE,2014,726537808338.0,725732044919.197,19085657.667934854,1339759450.14232,373213214.063107,1712972664.205427,1732058321.8733618,724805750016.1266,0.2383989245976893,0.9976160107540231
Switzerland,CHE,2015,694118186379.628,701133713181.255,13424307.356786022,1359269498.20227,333327440.380944,1692596938.583214,1706021245.94,692412165133.6881,0.24578253090272467,0.9975421746909727
Switzerland,CHE,2016,687895460902.713,683895323472.44,11547407.870154776,1424611292.66994,297433679.567499,1722044972.237439,1733592380.1075938,686161868522.6055,0.2520139292433448,0.9974798607075666
Switzerland,CHE,2017,695200833086.499,685587748787.691,11211651.52950924,1448041520.71199,273476202.598746,1721517723.3107362,1732729374.8402455,693468103711.6588,0.24924155616260868,0.997507584438374
Switzerland,CHE,2018,725568717468.001,699353255841.699,22839620.398096498,1468419368.77008,282251804.640235,1750671173.410315,1773510793.8084116,723795206674.1925,0.24443043796009398,0.997555695620399
Syrian Arab Republic,SYR,2008,52557913568.9549,49342684719.9534,2114304237.3490927,1751967613.52043,1069558736.51759,2821526350.03802,4935830587.387113,47622082981.56779,9.391222467214964,0.9060877753278503
Syrian Arab Republic,SYR,2009,54111735628.7065,50941610382.4087,1217599261.2902732,1676380874.03703,1024398201.30268,2700779075.33971,3918378336.6299834,50193357292.076515,7.24127269455254,0.9275872730544746
Syrian Arab Republic,SYR,2010,61390830874.7007,57408366910.3825,1827594735.674954,1745844844.43706,1138535614.43199,2884380458.86905,4711975194.544004,56678855680.15669,7.675372897560541,0.9232462710243946
Syrian Arab Republic,SYR,2011,67539428159.4474,62976957811.7152,9551947651.159859,1697831737.16058,300739049.105958,1998570786.266538,11550518437.426397,55988909722.021,17.10188959574529,0.8289811040425471
Syrian Arab Republic,SYR,2012,43190318032.5627,41500139065.8099,3243090817.4879723,1461224344.92151,237838660.920473,1699063005.841983,4942153823.329955,38248164209.23274,11.442735428815071,0.8855726457118493
Syrian Arab Republic,SYR,2013,21361254635.051,20440062129.0977,548661245.724777,992389376.394493,143340952.545347,1135730328.93984,1684391574.664617,19676863060.386383,7.885265184287215,0.9211473481571278
Syrian Arab Republic,SYR,2014,21502061465.9498,20679218993.0952,258277714.3117192,895978863.174626,136329298.079292,1032308161.2539179,1290585875.565637,20211475590.384163,6.0021495037086545,0.9399785049629135
Syrian Arab Republic,SYR,2015,16466863117.0009,15846726811.9009,133162254.74815178,878709150.875296,96619851.6838692,975329002.5591652,1108491257.307317,15358371859.693583,6.731647973455715,0.9326835202654429
Syrian Arab Republic,SYR,2016,12597854877.4254,12131412781.9446,80512210.50608285,945910345.306736,67831396.6591181,1013741741.965854,1094253952.471937,11503600924.953463,8.686033956723653,0.9131396604327635
Syrian Arab Republic,SYR,2017,16369843352.3453,15776320913.866,98603250.85054314,1097817509.07171,81718883.2765293,1179536392.3482394,1278139643.1987824,15091703709.146519,7.807891717031387,0.9219210828296861
Syrian Arab Republic,SYR,2018,21497782867.6426,20708643151.976,146049392.35631144,1073105819.25265,102108033.727722,1175213852.980372,1321263245.3366833,20176519622.305916,6.146044238475333,0.9385395576152467
Tajikistan,TJK,2008,5161299725.27673,6649276639.77731,17090059.369798083,81586727.6020682,43430971.1447465,125017698.7468147,142107758.1166128,5019191967.160117,2.75333279756376,0.9724666720243624
Tajikistan,TJK,2009,4979472364.4534,5953362631.39956,17098792.358285196,66558121.9033667,41664281.4892932,108222403.3926599,125321195.75094509,4854151168.702455,2.5167565271687513,0.9748324347283125
Tajikistan,TJK,2010,5642221099.17704,6969749692.10775,45726681.13116367,70016695.7183742,45016484.6027646,115033180.3211388,160759861.45230246,5481461237.724737,2.8492300926624616,0.9715076990733754
Tajikistan,TJK,2011,6522756255.012,8316624763.05171,74415308.18648985,76360669.1813235,50950502.0153854,127311171.19670889,201726479.38319874,6321029775.628801,3.0926570225308474,0.9690734297746916
Tajikistan,TJK,2012,7633036903.07634,9744488621.92436,73556074.41938506,93831545.9989959,58284722.1062501,152116268.105246,225672342.52463108,7407364560.551708,2.956521046474685,0.9704347895352532
Tajikistan,TJK,2013,8448411318.25417,11112718542.523,61460470.795717224,103441236.901101,62567371.6550411,166008608.5561421,227469079.35185933,8220942238.902311,2.692447973743597,0.973075520262564
Tajikistan,TJK,2014,9112605459.32845,11296415927.1155,127639773.06226091,154212064.293816,68108318.5328577,222320382.8266737,349960155.8889346,8762645303.439514,3.8403962231316147,0.9615960377686839
Tajikistan,TJK,2015,8271431485.07484,9797996695.50327,129312658.3747706,170386816.188852,61114537.9773967,231501354.1662487,360814012.5410193,7910617472.53382,4.362171326596618,0.9563782867340338
Tajikistan,TJK,2016,6992416096.89018,8081792570.51881,175973864.3283397,218701371.066109,50299403.1909469,269000774.2570559,444974638.5853956,6547441458.304784,6.363675050506429,0.9363632494949357
Tajikistan,TJK,2017,7536402852.85802,8637196303.70133,188741971.48620197,275763969.80726,51959801.3825244,327723771.1897844,516465742.6759864,7019937110.182034,6.852947656322906,0.931470523436771
Tajikistan,TJK,2018,7764999999.45362,8990673043.81483,247597879.2900773,340071524.138813,51217794.9880442,391289319.1268572,638887198.4169345,7126112801.036686,8.22778104909065,0.9177221895090935
Tanzania,TZA,2008,27947821397.9272,27657258781.9739,50202265.95075814,163173455.204136,481822438.152986,644995893.357122,695198159.30788,27252623238.61932,2.487486052703346,0.9751251394729665
Tanzania,TZA,2009,29400573553.6075,29135963893.9937,186482804.04297122,163771633.777956,489499943.342574,653271577.12053,839754381.1635013,28560819172.443996,2.8562516973770484,0.9714374830262296
Tanzania,TZA,2010,32012892919.37,31435805579.9127,414399400.55816346,197475651.964854,505384923.800238,702860575.765092,1117259976.3232555,30895632943.046745,3.4900312793887944,0.9650996872061121
Tanzania,TZA,2011,34657140096.4836,34013428042.1638,871501541.5647081,244294477.551356,503184302.210608,747478779.761964,1618980321.326672,33038159775.156925,4.671419271236802,0.953285807287632
Tanzania,TZA,2012,39650394362.9287,39080121049.558,838737271.5633787,306661375.536763,549268203.003304,855929578.540067,1694666850.1034455,37955727512.82526,4.274022685857275,0.9572597731414273
Tanzania,TZA,2013,45648857242.315,44945732449.6345,722425192.4683535,349437436.763779,570241944.339731,919679381.1035099,1642104573.5718634,44006752668.74314,3.597252314236869,0.9640274768576313
Tanzania,TZA,2014,49986726460.6805,49453645654.0675,513065460.5104663,360613808.293045,571231377.581503,931845185.874548,1444910646.3850143,48541815814.29548,2.890588659614633,0.9710941134038537
Tanzania,TZA,2015,47413919817.124,46684218023.5751,454742926.0235704,406494238.97637,553051135.339121,959545374.315491,1414288300.3390613,45999631516.78494,2.982854625380021,0.9701714537461997
Tanzania,TZA,2016,49774409374.4538,48817192683.2253,596431605.8239236,402209401.125476,585655404.12895,987864805.254426,1584296411.0783496,48190112963.37545,3.1829537125386165,0.9681704628746138
Tanzania,TZA,2017,53274884532.7886,52339432682.9388,552578802.7115178,442644205.215385,647382600.161578,1090026805.3769631,1642605608.088481,51632278924.70012,3.0832645110239874,0.9691673548897601
Tanzania,TZA,2018,57003712892.0858,56365032376.3658,475247273.4738771,470144947.717616,721205663.775435,1191350611.493051,1666597884.966928,55337115007.11887,2.9236654954774206,0.9707633450452258
Thailand,THA,2008,291382982430.951,280756506237.554,7080346368.99368,6107732845.41446,1307207093.69713,7414939939.11159,14495286308.10527,276887696122.8457,4.97465095153257,0.9502534904846743
Thailand,THA,2009,281710630187.319,271838809880.739,4258323297.5767884,6083025328.92556,1275715923.42206,7358741252.34762,11617064549.924408,270093565637.39456,4.123757964759735,0.9587624203524027
Thailand,THA,2010,341104766329.17,326815388832.283,6408540070.421354,6698168638.75811,1446389494.5566,8144558133.314711,14553098203.736065,326551668125.4339,4.266459938496485,0.9573354006150352
Thailand,THA,2011,370818739623.622,361875003955.99,8270564847.350492,6967911400.59877,1561942064.61299,8529853465.21176,16800418312.562252,354018321311.05975,4.530628179582981,0.9546937182041701
Thailand,THA,2012,397558325278.579,379342666424.563,8542841155.8604355,7788639540.51061,1562764308.21355,9351403848.72416,17894245004.584595,379664080273.9944,4.501036418252757,0.9549896358174724
Thailand,THA,2013,420333654592.547,393467486312.148,8168903226.487367,8427228537.80803,1550290381.04415,9977518918.85218,18146422145.339546,402187232447.20746,4.317147091857273,0.9568285290814272
Thailand,THA,2014,407339040197.651,386381481702.815,8234801818.711564,8646649975.51693,1470585156.58235,10117235132.09928,18352036950.810844,388987003246.84015,4.505346932105008,0.95494653067895
Thailand,THA,2015,401296238228.084,380594916735.618,5319996307.728749,9180024203.75134,1402484719.33824,10582508923.08958,15902505230.818329,385393732997.2656,3.9627845257248295,0.9603721547427517
Thailand,THA,2016,413366349747.508,393948949386.684,4110624467.6079044,9394462819.74714,1440962554.69259,10835425374.439732,14946049842.047636,398420299905.4604,3.615690984807287,0.9638430901519272
Thailand,THA,2017,456356813536.764,435913240648.276,4614136237.080948,9684292237.93081,1552606602.48167,11236898840.412481,15851035077.49343,440505778459.27057,3.473386308105698,0.965266136918943
Thailand,THA,2018,506754208404.485,482264933708.604,6632081510.734283,10070896089.3116,1724934645.84281,11795830735.15441,18427912245.888695,488326296158.5963,3.636459636696246,0.9636354036330376
Togo,TGO,2008,4578847112.70688,4563712584.95019,453600177.8332048,42135252.7045966,90998751.8351084,133134004.53970501,586734182.3729098,3992112930.33397,12.81401557926335,0.8718598442073665
Togo,TGO,2009,4721888275.26937,4702772549.72371,462704453.7495541,77881283.2529693,81641349.5350433,159522632.7880126,622227086.5375667,4099661188.7318034,13.177505486448013,0.8682249451355198
Togo,TGO,2010,4746386893.22553,4722894300.66188,390681213.8659445,75160781.2931239,75370483.682465,150531264.97558892,541212478.8415334,4205174414.383996,11.402620372435312,0.8859737962756469
Togo,TGO,2011,5422439152.10906,5656290231.81491,670416546.1738851,75167534.8365593,80384240.7060569,155551775.5426162,825968321.7165012,4596470830.392559,15.232412915048396,0.847675870849516
Togo,TGO,2012,5413541649.14901,5419517483.29878,835899657.2348837,69596909.0265079,78392339.2151195,147989248.2416274,983888905.476511,4429652743.672499,18.174588268498404,0.818254117315016
Togo,TGO,2013,6021729629.82454,6046985773.77334,681025099.7010186,56569425.5873392,86130247.5582186,142699673.1455578,823724772.8465763,5198004856.977963,13.679205535346798,0.863207944646532
Togo,TGO,2014,6393314707.85456,6439473009.95005,604963551.3564595,53536504.6853846,91804386.5757032,145340891.2610878,750304442.6175473,5643010265.237013,11.73576582575787,0.8826423417424213
Togo,TGO,2015,5755457836.01866,5896099505.12177,492064281.3648477,63634260.1773819,85385482.8002053,149019742.97758722,641084024.3424349,5114373811.676225,11.138714635878646,0.8886128536412136
Togo,TGO,2016,6071167584.1951,6114773313.44557,392788553.2986475,82596573.1396253,127873487.349074,210470060.48869932,603258613.7873468,5467908970.407753,9.936451356701024,0.9006354864329897
Togo,TGO,2017,6387424239.8801,6392422029.02145,382329272.57993025,77453379.6411986,139284830.104603,216738209.7458016,599067482.3257319,5788356757.554368,9.378858516793578,0.9062114148320642
Togo,TGO,2018,7029215766.46367,7048555164.24951,278534826.491012,90502900.1938152,153985469.139084,244488369.3328992,523023195.8239112,6506192570.639759,7.440704812608685,0.9255929518739131
Tonga,TON,2008,344438844.333518,350233433.433855,191608.63089292444,3488906.0303698,1780959.29115075,5269865.32152055,5461473.952413474,338977370.3811045,1.5856149915324844,0.9841438500846752
Tonga,TON,2009,312415028.446113,322204221.320632,171640.1868267486,3866446.7943084,1630718.61957756,5497165.41388596,5668805.600712709,306746222.8454003,1.8145111740968962,0.981854888259031
Tonga,TON,2010,366887374.989696,378823250.685221,177968.6601290462,3429389.03464468,1875147.07515775,5304536.1098024305,5482504.769931477,361404870.21976453,1.494329089433909,0.9850567091056609
Tonga,TON,2011,414143828.494419,426159393.51232,198139.7628021239,3281122.55944471,1931039.11054518,5212161.66998989,5410301.432792014,408733527.061627,1.3063822422419409,0.9869361775775806
Tonga,TON,2012,471122971.305043,484981757.380237,187824.2446219481,3417705.32091033,2115722.23126619,5533427.55217652,5721251.796798469,465401719.5082445,1.2143860828840944,0.9878561391711591
Tonga,TON,2013,451788498.263614,463089516.3323,181241.3155087547,3879046.23928553,1955966.75974529,5835012.99903082,6016254.314539575,445772243.94907445,1.331652828184468,0.9866834717181553
Tonga,TON,2014,440997738.014078,444161208.653785,229984.89829119339,3703783.24519181,1820015.43355752,5523798.67874933,5753783.577040523,435243954.43703747,1.30471952145407,0.9869528047854593
Tonga,TON,2015,437525514.240726,442040672.627438,184366.60511872912,4172738.18116446,1752812.0924306,5925550.273595059,6109916.878713788,431415597.3620122,1.3964709896557297,0.9860352901034427
Tonga,TON,2016,420828262.317922,427456378.582314,192978.76909809653,5386733.35657269,1555137.48717494,6941870.843747631,7134849.612845727,413693412.7050763,1.695430238821644,0.9830456976117835
Tonga,TON,2017,459976850.268529,478466492.219384,248929.98498747987,6735076.97537214,1618363.29824575,8353440.27361789,8602370.25860537,451374480.00992364,1.8701746084794049,0.981298253915206
Tonga,TON,2018,493530783.00463,517018987.737963,194638.81352818973,6268599.16278742,1681753.6725944,7950352.83538182,8144991.648910009,485385791.35572004,1.6503512910224234,0.9834964870897758
Trinidad and Tobago,TTO,2008,27871587349.5413,26643587349.5413,3155940404.363404,537291560.67003,31515046.2593082,568806606.9293382,3724747011.292742,24146840338.248558,13.363957224897863,0.8663604277510214
Trinidad and Tobago,TTO,2009,19172165225.5015,18155065223.9207,2346783307.8676057,525836787.071761,22512391.2736481,548349178.3454092,2895132486.2130146,16277032739.288485,15.10070694760187,0.8489929305239813
Trinidad and Tobago,TTO,2010,22157920592.3669,21078421939.0831,2250307930.894834,613289059.906208,26045293.7600148,639334353.6662228,2889642284.561057,19268278307.805843,13.041125734318678,0.8695887426568132
Trinidad and Tobago,TTO,2011,25433007437.1605,22613153665.2749,4113145379.824554,663979902.90901,29746020.7871264,693725923.6961365,4806871303.520691,20626136133.63981,18.90012935118836,0.8109987064881163
Trinidad and Tobago,TTO,2012,27147349937.4689,24851098660.3683,3952877913.910459,668627458.809313,31002272.0501931,699629730.8595061,4652507644.769965,22494842292.698933,17.137980891271283,0.8286201910872871
Trinidad and Tobago,TTO,2013,28560537057.1548,26993681570.0547,4229717385.3605123,717946794.573686,34928463.315001,752875257.888687,4982592643.249199,23577944413.9056,17.445724613924906,0.8255427538607509
Trinidad and Tobago,TTO,2014,29474180005.1333,27751034522.0347,3534729731.232149,742103514.157001,38782951.7208491,780886465.87785,4315616197.109999,25158563808.0233,14.642022937901517,0.8535797706209848
Trinidad and Tobago,TTO,2015,26841141793.2143,26601498735.7,1603006999.1077597,741704225.62741,35462761.9021387,777166987.5295488,2380173986.6373086,24460967806.57699,8.867633146809876,0.9113236685319013
Trinidad and Tobago,TTO,2016,23624322192.6274,23199181612.3846,828208538.195836,657540539.751822,31897386.1351651,689437925.8869871,1517646464.082823,22106675728.544575,6.424084685724642,0.9357591531427536
Trinidad and Tobago,TTO,2017,23830750900.6899,23879750719.9988,1177895187.6885147,682861943.979626,33385692.6868855,716247636.6665115,1894142824.3550262,21936608076.334873,7.948313640004483,0.9205168635999552
Trinidad and Tobago,TTO,2018,23883058083.2171,23183053017.3093,2283603243.4094815,696598124.436843,34185689.0211761,730783813.4580191,3014387056.867501,20868671026.349598,12.621445069405684,0.8737855493059431
Tunisia,TUN,2008,44859439902.2191,42362000483.7105,3301695458.014675,677652926.908759,166615706.932191,844268633.84095,4145964091.855625,40713475810.36348,9.242121838553158,0.9075787816144684
Tunisia,TUN,2009,43455740497.3061,41333728314.6026,2360929987.5585666,698446018.22565,161824464.198591,860270482.424241,3221200469.9828076,40234540027.32329,7.412600575020691,0.9258739942497931
Tunisia,TUN,2010,46206091937.9628,44139124353.7795,2064510444.9927497,786473249.272975,176022003.121314,962495252.394289,3027005697.3870387,43179086240.57576,6.5510965555173035,0.934489034444827
Tunisia,TUN,2011,48123325825.0739,45963001044.9054,2146357487.6520238,785679719.861223,186094246.254734,971773966.115957,3118131453.7679806,45005194371.305916,6.479459597414876,0.9352054040258513
Tunisia,TUN,2012,47311401812.6733,45406928007.8264,2235576521.292153,863436677.379533,171810540.955885,1035247218.335418,3270823739.627571,44040578073.04573,6.91339426504039,0.9308660573495962
Tunisia,TUN,2013,48685446413.953,46623799470.4116,1871387991.5233693,900262013.821096,167566689.882857,1067828703.7039529,2939216695.227322,45746229718.72568,6.0371567105215265,0.9396284328947847
Tunisia,TUN,2014,50271812920.612,48568157921.8637,1614778907.6446407,1008439196.54849,167493333.604902,1175932530.153392,2790711437.7980328,47481101482.813965,5.551244873951646,0.9444875512604836
Tunisia,TUN,2015,45779494041.9295,44599350028.6752,841139453.7662289,1059875505.7881,151537097.258805,1211412603.046905,2052552056.813134,43726941985.11636,4.4835621270370485,0.9551643787296296
Tunisia,TUN,2016,44360072680.4476,43403523130.2312,655258422.4026219,1063341144.25275,141855287.560824,1205196431.813574,1860454854.216196,42499617826.23141,4.193985135277335,0.9580601486472267
Tunisia,TUN,2017,42163530590.9462,41171063372.4955,664792862.3350542,1121016066.65484,129832565.331949,1250848631.986789,1915641494.3218431,40247889096.62435,4.54336121162774,0.9545663878837226
Tunisia,TUN,2018,42686504459.801,41650298258.2804,743281292.6185547,1171052683.36048,128008216.813272,1299060900.173752,2042342192.792307,40644162267.0087,4.784514962370911,0.9521548503762909
Turkiye,TUR,2008,775415944332.866,767812946073.904,1627007597.941229,7707530524.09317,2284385339.15842,9991915863.25159,11618923461.19282,763797020871.6731,1.498411729357627,0.9850158827064237
Turkiye,TUR,2009,653894449921.288,646239451018.091,1011207567.1182382,7949138029.64368,2166586836.17175,10115724865.81543,11126932432.933668,642767517488.3542,1.7016404458354266,0.9829835955416457
Turkiye,TUR,2010,782545664268.333,776025665851.992,2620546857.50286,8490881238.52008,2495768803.14234,10986650041.66242,13607196899.16528,768938467369.1677,1.738837427703057,0.9826116257229695
Turkiye,TUR,2011,844192507380.795,836942509321.146,3505582457.0138865,9477075174.91657,2499627824.57654,11976702999.49311,15482285456.506996,828710221924.2881,1.8339757011753801,0.9816602429882462
Turkiye,TUR,2012,885327622479.052,878739622695.088,2350400859.8735223,10218317715.6327,2507086346.87544,12725404062.50814,15075804922.381662,870251817556.6703,1.7028503956724141,0.9829714960432758
Turkiye,TUR,2013,962167643588.925,953547642517.366,2043565190.9148314,10284968513.556,2605877781.42622,12890846294.98222,14934411485.89705,947233232103.028,1.5521631376202927,0.9844783686237971
Turkiye,TUR,2014,942343431928.654,934138430379.677,1605292844.5884683,11469607143.029,2543858083.86137,14013465226.89037,15618758071.478838,926724673857.1752,1.657437993652976,0.9834256200634702
Turkiye,TUR,2015,865460050683.656,855777052355.341,837327474.1822588,12225775288.5556,2323988784.93579,14549764073.49139,15387091547.673649,850072959135.9823,1.7779089324248907,0.9822209106757511
Turkiye,TUR,2016,870818016909.84,861638017671.396,704608834.8325468,13452108987.5397,2324690888.88889,15776799876.428589,16481408711.261135,854336608198.5789,1.8926352453922082,0.981073647546078
Turkiye,TUR,2017,863874522365.276,853144523431.574,777339743.3719081,15561768675.7955,2177972554.55124,17739741230.34674,18517080973.718647,845357441391.5574,2.143491964900079,0.9785650803509992
Turkiye,TUR,2018,788356985773.667,777282985438.15,1224408774.905083,16131065374.0784,1974556371.47169,18105621745.55009,19330030520.455173,769026955253.2118,2.4519387624231377,0.9754806123757687
Uganda,UGA,2008,14440404132.2047,14178292199.0334,2369455622.4455256,79708087.6161117,221632817.862971,301340905.4790827,2670796527.924608,11769607604.280092,18.495303202548545,0.8150469679745146
Uganda,UGA,2009,25127805566.6584,24723445791.5441,2377678011.4823117,92794719.7711422,374828129.014308,467622848.78545016,2845300860.2677617,22282504706.39064,11.323316127704903,0.8867668387229509
Uganda,UGA,2010,26673441430.7857,26231034498.6906,2160572173.936753,95165545.6581586,400256065.575591,495421611.2337496,2655993785.1705027,24017447645.6152,9.95744696859788,0.9004255303140212
Uganda,UGA,2011,27871725241.4723,27440502305.144,2551790750.519168,111558167.910075,401444905.669365,513003073.57944,3064793824.098608,24806931417.373695,10.996067870022928,0.8900393212997707
Uganda,UGA,2012,27305915910.7877,26729090962.4985,2910181510.1438046,117444782.593293,398048750.703886,515493533.297179,3425675043.440984,23880240867.346718,12.545541613154999,0.87454458386845
Uganda,UGA,2013,28915786516.6123,28273784943.6244,3072680330.004624,119280676.373834,434653182.59415,553933858.967984,3626614188.9726076,25289172327.639694,12.54198701076,0.8745801298924
Uganda,UGA,2014,32612397257.4458,31865562076.8959,3360423837.701551,138386815.58847,483518302.450649,621905118.039119,3982328955.74067,28630068301.70513,12.211089311539206,0.877889106884608
Uganda,UGA,2015,32387183730.1002,31759208103.9823,3490283011.4822197,164127698.165381,449136476.782476,613264174.947857,4103547186.4300766,28283636543.670124,12.670280999506284,0.8732971900049371
Uganda,UGA,2016,29203988696.2626,28691910472.5653,3711029427.756277,177762186.853679,397360592.534552,575122779.388231,4286152207.1445084,24917836489.11809,14.676598637682089,0.8532340136231791
Uganda,UGA,2017,30744473841.424,30020763242.7183,3725901280.3946166,193446372.738241,378223697.723978,571670070.462219,4297571350.856835,26446902490.567165,13.978353875962062,0.8602164612403793
Uganda,UGA,2018,32927025619.6795,32001476249.0607,2888732096.924577,229587454.699696,374405704.749426,603993159.449122,3492725256.373699,29434300363.3058,10.607472708637859,0.8939252729136214
United Arab Emirates,ARE,2008,315474615738.598,319278420694.35,22774078248.221092,4188029358.89682,362917668.780116,4550947027.676936,27325025275.89803,288149590462.7,8.661560681173633,0.9133843931882637
United Arab Emirates,ARE,2009,253547358747.447,256161470388.019,12131822549.976776,4336496354.11998,317137854.096607,4653634208.216587,16785456758.193363,236761901989.25363,6.620245164893627,0.9337975483510638
United Arab Emirates,ARE,2010,307736419332.88,307652552756.978,18552640940.632378,4652251920.03048,359577436.727692,5011829356.758172,23564470297.39055,284171949035.48944,7.657355066545035,0.9234264493345496
United Arab Emirates,ARE,2011,368881143635.126,369016473791.695,29209716411.00946,4939581080.13314,418120998.237709,5357702078.370849,34567418489.38031,334313725145.74567,9.370882487713232,0.9062911751228677
United Arab Emirates,ARE,2012,392793464942.138,393092988427.502,30347239581.3735,5455589709.4038,461776262.057095,5917365971.460895,36264605552.8344,356528859389.3036,9.232486991140881,0.9076751300885911
United Arab Emirates,ARE,2013,409632675289.313,410095575221.239,31938681416.749786,5963064004.08625,517016578.105538,6480080582.191789,38418761998.941574,371213913290.3714,9.378832382403921,0.9062116761759608
United Arab Emirates,ARE,2014,424935874744.724,425594826412.526,28958832963.807926,6221008870.40144,587359351.140011,6808368221.5414505,35767201185.34938,389168673559.37463,8.417082037810095,0.915829179621899
United Arab Emirates,ARE,2015,381973042886.317,383715724982.982,15885893321.177244,6789045363.51436,583190534.366948,7372235897.881309,23258129219.05855,358714913667.2585,6.088945189250077,0.9391105481074993
United Arab Emirates,ARE,2016,381717086453.37,383813750850.919,13925647602.751534,7221095401.07975,651621738.566613,7872717139.646363,21798364742.397896,359918721710.9721,5.710607545743369,0.9428939245425663
United Arab Emirates,ARE,2017,403365010211.028,406142409802.587,17467435457.04297,7372663718.19732,789733427.408405,8162397145.605725,25629832602.648693,377735177608.37933,6.354004922053093,0.9364599507794691
United Arab Emirates,ARE,2018,440560108917.631,441984206943.499,24190213557.49634,6939339237.00956,987093909.500479,7926433146.510038,32116646704.00638,408443462213.62463,7.289957954411849,0.9271004204558815
United Kingdom,GBR,2008,2945251838235.29,2906591911764.71,35664064434.14116,13830561487.2019,2182702874.88697,16013264362.088871,51677328796.23003,2893574509439.06,1.7545979642675835,0.9824540203573242
United Kingdom,GBR,2009,2429358155475.93,2409087085215.77,18688913389.37457,12883276568.8545,1803738448.66308,14687015017.51758,33375928406.89215,2395982227069.038,1.3738578781255695,0.9862614212187443
United Kingdom,GBR,2010,2496740681057.14,2497833113942.78,19426330380.71674,13787287426.8908,1765660452.31763,15552947879.208431,34979278259.92517,2461761402797.215,1.4009976496683982,0.985990023503316
United Kingdom,GBR,2011,2675590034128.66,2686717330409.09,25234276859.214977,13291230883.3575,1753565893.79822,15044796777.15572,40279073636.3707,2635310960492.2896,1.5054277046404083,0.984945722953596
United Kingdom,GBR,2012,2719715961539.83,2694499823905.54,20219663544.17167,14533947268.2394,1642461775.08835,16176409043.327751,36396072587.49942,2683319888952.3306,1.3382306498981988,0.986617693501018
United Kingdom,GBR,2013,2796908333283.39,2747554033354.85,16946125668.41676,14667967489.6839,1596082042.14093,16264049531.824831,33210175200.241592,2763698158083.1484,1.1873887608341849,0.9881261123916582
United Kingdom,GBR,2014,3085362169410.29,3030614139153.96,14895939446.33448,13993566796.8057,1619031774.65427,15612598571.45997,30508538017.79445,3054853631392.4956,0.9888154564242154,0.9901118454357578
United Kingdom,GBR,2015,2945579890258.46,2881766142635.93,8730426074.617714,13946681758.9912,1496690731.58491,15443372490.576109,24173798565.193825,2921406091693.266,0.8206804590546248,0.9917931954094538
United Kingdom,GBR,2016,2706807606538.73,2643709003529.2,6545699313.84803,13675478899.0203,1351025129.97751,15026504028.99781,21572203342.84584,2685235403195.8843,0.7969610876936569,0.9920303891230634
United Kingdom,GBR,2017,2699118387873.1,2670285794450.21,9465400664.712353,13732073065.2341,1289338850.37298,15021411915.60708,24486812580.319435,2674631575292.781,0.9072152110976835,0.9909278478890232
United Kingdom,GBR,2018,2897028009916.05,2858000906622.02,16049066032.638788,14132949346.2785,1394769917.90655,15527719264.18505,31576785296.823837,2865451224619.226,1.0899716947417006,0.989100283052583
United States,USA,2008,14769857911000.0,14723881000000.0,145224870515.1597,149174352334.996,15304652955.3154,164479005290.3114,309703875805.47107,14460154035194.53,2.0968642871968024,0.979031357128032
United States,USA,2009,14478064934000.0,14436590000000.0,44931420178.42023,142407591702.45,14646463271.6508,157054054974.1008,201985475152.52103,14276079458847.479,1.3951137536217482,0.9860488624637825
United States,USA,2010,15048964444000.0,15185160000000.0,59107161543.31002,154097023767.138,14057501619.9592,168154525387.0972,227261686930.40723,14821702757069.594,1.5101483412768322,0.9848985165872317
United States,USA,2011,15599728123000.0,15861958000000.0,79157701533.02437,154320146235.884,14255574582.5216,168575720818.4056,247733422351.43,15351994700648.57,1.5880624354354955,0.984119375645645
United States,USA,2012,16253972230000.0,16640301000000.0,50126677404.81714,153985026588.993,14335206071.81,168320232660.803,218446910065.62015,16035525319934.379,1.3439601530906584,0.9865603984690934
United States,USA,2013,16843190993000.0,17140708000000.0,58237264041.01296,164604101461.513,14086636318.1455,178690737779.6585,236928001820.67148,16606262991179.328,1.4066693295773867,0.9859333067042262
United States,USA,2014,17550680174000.0,17984237000000.0,62089720269.4061,171963625322.684,13885259975.001,185848885297.685,247938605567.0911,17302741568432.908,1.412700836144197,0.985872991638558
United States,USA,2015,18206020741000.0,18608138000000.0,8284315292.085892,173541053921.626,13868133672.9523,187409187594.5783,195693502886.66418,18010327238113.336,1.0748834447165154,0.9892511655528349
United States,USA,2016,18695110842000.0,18983369000000.0,20524923690.397495,175769102440.531,13675159556.4978,189444261997.0288,209969185687.4263,18485141656312.574,1.1231235132113466,0.9887687648678866
United States,USA,2017,19477336549000.0,19837150000000.0,32043853387.44179,180326819012.601,13394575255.3538,193721394267.9548,225765247655.3966,19251571301344.6,1.1591176600939805,0.9884088233990602
United States,USA,2018,20533057312000.0,20883383000000.0,58691219390.244576,194926407281.374,13853755903.7568,208780163185.1308,267471382575.37537,20265585929424.625,1.302637880521857,0.9869736211947814
Uruguay,URY,2008,31119602538.8322,30212809768.4521,22193911.83878075,207992482.51655,24012067.0950655,232004549.6116155,254198461.45039627,30865404077.3818,0.8168435349815255,0.9918315646501847
Uruguay,URY,2009,32708319077.5179,31670158152.8132,27055486.2240041,211826050.579099,24759763.1746469,236585813.7537459,263641299.97775,32444677777.54015,0.8060374467820421,0.9919396255321796
Uruguay,URY,2010,41950361211.9581,40447852178.1071,34662184.53202607,179471369.48719,29475664.8989553,208947034.3861453,243609218.91817135,41706751993.039925,0.5807082749235853,0.9941929172507642
Uruguay,URY,2011,50342406067.0777,48712391359.77,53860529.373356625,226994029.552275,35065768.2034478,262059797.7557228,315920327.1290794,50026485739.948616,0.6275431625340676,0.9937245683746593
Uruguay,URY,2012,54232266358.7811,50380210747.357,55688392.41004539,264716827.785825,36114900.7808783,300831728.5667033,356520120.9767487,53875746237.80435,0.6573948405883265,0.9934260515941168
Uruguay,URY,2013,61337621933.7857,58272697036.2874,47788310.1839202,237914845.643228,39645502.628127,277560348.271355,325348658.4552752,61012273275.33042,0.5304226805638017,0.994695773194362
Uruguay,URY,2014,61496186973.902,57758605834.761,40654068.07696798,218859920.219976,38711773.0962477,257571693.3162237,298225761.3931917,61197961212.50881,0.4849500043307575,0.9951504999566925
Uruguay,URY,2015,57680327998.6689,55232403158.3431,17515717.1596603,230891513.209256,36692034.3706554,267583547.5799114,285099264.7395717,57395228733.92933,0.4942746940449955,0.9950572530595501
Uruguay,URY,2016,57480787465.2716,54820587465.9346,15461645.10362253,234143333.243381,37344965.3069151,271488298.55029607,286949943.6539186,57193837521.61768,0.49921018188430893,0.9950078981811569
Uruguay,URY,2017,65005997963.4822,61449197964.1796,13290062.641232837,228244262.638517,39978936.7632355,268223199.4017525,281513262.0429853,64724484701.43922,0.43305736526209015,0.9956694263473791
Uruguay,URY,2018,65344577415.7535,61677777416.8731,8738063.776985902,256228995.01155,40305231.7582748,296534226.7698248,305272290.5468107,65039305125.20669,0.46717310390505,0.9953282689609495
Uzbekistan,UZB,2008,29549438883.8338,31271456763.7246,6100115340.390568,3458848020.94469,195802970.042111,3654650990.986801,9754766331.377369,19794672552.456432,33.01168042386789,0.6698831957613212
Uzbekistan,UZB,2009,33689223673.2577,34586223673.2577,4321972544.7914505,3218264559.30529,211785675.315786,3430050234.621076,7752022779.412527,25937200893.845177,23.01039304021135,0.7698960695978865
Uzbekistan,UZB,2010,49765676402.4495,50620430026.2665,4781653335.944265,3607717284.03527,302243676.338909,3909960960.3741794,8691614296.318445,41074062106.13106,17.465078191704507,0.8253492180829549
Uzbekistan,UZB,2011,60178909297.208,61313053176.5864,7489874607.99927,3836825573.90369,361755472.701737,4198581046.605427,11688455654.604698,48490453642.6033,19.422843968272094,0.805771560317279
Uzbekistan,UZB,2012,67517349212.0609,68310411486.0245,7801333902.149118,3515265272.88228,403955809.766251,3919221082.648531,11720554984.79765,55796794227.263245,17.359323376255954,0.8264067662374405
Uzbekistan,UZB,2013,73180037914.9104,74402142414.1827,7590989760.153207,3615917703.27259,433010743.06584,4048928446.3384304,11639918206.491638,61540119708.41876,15.905865230660135,0.8409413476933987
Uzbekistan,UZB,2014,80845385809.4529,81960281654.2022,5873353298.336945,3531052374.55163,477013213.903742,4008065588.455372,9881418886.792316,70963966922.66058,12.222613310402338,0.8777738668959766
Uzbekistan,UZB,2015,86196264755.3105,87622912878.4217,4170020346.39398,3448420391.95793,505445426.808571,3953865818.766501,8123886165.1604805,78072378590.15002,9.424870309893524,0.9057512969010647
Uzbekistan,UZB,2016,86138288644.171,86990975030.9007,3457796176.1130247,3778972977.80413,506965670.809514,4285938648.613644,7743734824.726669,78394553819.44434,8.98988701379394,0.9101011298620606
Uzbekistan,UZB,2017,69703222282.7278,70916116486.5204,4152042329.629725,4098294130.98722,357678081.52374,4455972212.51096,8608014542.140684,61095207740.58711,12.3495216723628,0.876504783276372
Uzbekistan,UZB,2018,58695899092.1083,60203452154.7622,6552363778.706306,4406433570.30896,294679136.131752,4701112706.440712,11253476485.147018,47442422606.96128,19.17250891325056,0.8082749108674944
Vanuatu,VUT,2008,590748429.401902,588513993.508231,5762610.689040688,2683774.00794683,16065354.844998,18749128.85294483,24511739.541985516,566236689.8599164,4.149268677159617,0.9585073132284039
Vanuatu,VUT,2009,592622319.145664,570475109.55812,5166435.96759566,3590271.87631049,15808717.9450256,19398989.82133609,24565425.78893175,568056893.3567322,4.145207663515901,0.958547923364841
Vanuatu,VUT,2010,670712979.682038,649212987.003579,5583011.784181132,3715171.40096727,17887860.0911281,21603031.49209537,27186043.276276503,643526936.4057615,4.053305079792021,0.9594669492020798
Vanuatu,VUT,2011,770153588.218833,751132267.723025,6502823.662369742,3877690.17630437,20106510.1769501,23984200.35325447,30487024.015624214,739666564.2032088,3.9585641723922635,0.9604143582760774
Vanuatu,VUT,2012,747839697.746593,704726363.513696,5991592.359834613,3728405.74149583,19811599.2267811,23540004.96827693,29531597.328111544,718308100.4184815,3.948920793733843,0.9605107920626615
Vanuatu,VUT,2013,758304466.245339,757991099.241082,5703589.366484402,3555792.44622248,20335106.3779395,23890898.82416198,29594488.19064638,728709978.0546926,3.9027184340849597,0.9609728156591504
Vanuatu,VUT,2014,773717010.546445,785885159.466768,7639429.29355332,5387320.99269108,20481348.0381088,25868669.03079988,33508098.3243532,740208912.2220918,4.330795092728775,0.9566920490727122
Vanuatu,VUT,2015,759690180.951654,772719949.313862,6191043.4924944425,4868194.6742307,19538044.7498137,24406239.4240444,30597282.916538842,729092898.0351151,4.0276001564493065,0.9597239984355069
Vanuatu,VUT,2016,804323576.861028,821782764.692325,6561765.775136506,6464080.02788724,20206747.2578932,26670827.28578044,33232593.060916945,771090983.800111,4.13174424037291,0.9586825575962709
Vanuatu,VUT,2017,880043284.399407,882354697.630652,7941448.059308662,6360905.8464432,21618329.9184862,27979235.7649294,35920683.82423806,844122600.575169,4.081695123524797,0.959183048764752
Vanuatu,VUT,2018,914727908.137793,941304759.224799,5561378.168353493,8227536.3281824,22171173.6602317,30398709.988414098,35960088.15676759,878767819.9810253,3.9312333030239897,0.96068766696976
Viet Nam,VNM,2008,99130304099.1274,96180833933.9662,5089777488.059798,3155849710.63612,333783778.163205,3489633488.799325,8579410976.859123,90550893122.26828,8.654680377334419,0.9134531962266558
Viet Nam,VNM,2009,106014659565.214,101448142163.608,2709671861.164157,3653515844.87561,372874590.358783,4026390435.234393,6736062296.39855,99278597268.81546,6.3538970214349595,0.9364610297856504
Viet Nam,VNM,2010,147201173196.979,142634239839.849,3569062138.325396,4327031815.83626,533818701.764026,4860850517.600286,8429912655.925682,138771260541.0533,5.7267971938274576,0.9427320280617254
Viet Nam,VNM,2011,172595049183.925,167761189190.507,5494614767.177316,4652333567.0443,633380331.851973,5285713898.896273,10780328666.07359,161814720517.8514,6.246024273028584,0.9375397572697142
Viet Nam,VNM,2012,195590661129.249,189361661225.274,5321198031.140303,4832014081.72809,720272838.497282,5552286920.225372,10873484951.365675,184717176177.88333,5.559306813826001,0.94440693186174
Viet Nam,VNM,2013,213708811665.34,206372010776.926,4237340271.878862,5311061026.64916,784276066.595997,6095337093.245157,10332677365.12402,203376134300.21597,4.834932768848394,0.951650672311516
Viet Nam,VNM,2014,233451469642.519,224605804804.237,4296550841.590444,6090029646.39004,809847597.335694,6899877243.725735,11196428085.316177,222255041557.20282,4.796040951235444,0.9520395904876455
Viet Nam,VNM,2015,239258328381.741,227116870128.414,2335031539.775404,7672622289.87617,831650454.752578,8504272744.628748,10839304284.404152,228419024097.33685,4.5303770020117495,0.9546962299798825
Viet Nam,VNM,2016,257096001177.982,242953110901.302,1739528557.3165107,8034132968.13922,868241494.233421,8902374462.37264,10641903019.689152,246454098158.29285,4.1392720893865595,0.9586072791061344
Viet Nam,VNM,2017,281353605986.903,264356106349.992,2086193559.32591,8622768926.36577,907700279.083586,9530469205.449356,11616662764.775267,269736943222.12775,4.128848011038473,0.9587115198896152
Viet Nam,VNM,2018,310106478394.659,294286042195.288,2369203043.595275,11189449994.8074,957921458.423848,12147371453.231247,14516574496.826523,295589903897.83246,4.681158088658802,0.953188419113412
"Yemen, Rep.",YEM,2008,26910855807.288,24995533337.568,5691315358.836071,650010036.610804,523385638.109124,1173395674.719928,6864711033.555999,20046144773.732,25.509077387635138,0.7449092261236486
"Yemen, Rep.",YEM,2009,25130278212.5575,23958162513.4615,3183380821.205063,733796355.053227,468720762.011796,1202517117.065023,4385897938.270086,20744380274.287415,17.45264378361903,0.8254735621638096
"Yemen, Rep.",YEM,2010,30906749533.221,29087765768.4776,4353258581.915578,726744717.890517,526616952.218857,1253361670.109374,5606620252.024952,25300129281.19605,18.140439666741777,0.8185956033325822
"Yemen, Rep.",YEM,2011,32726417878.391,30388993336.2956,4568707325.609403,684561505.914402,619026186.37247,1303587692.286872,5872295017.896275,26854122860.494724,17.943592359289973,0.8205640764071003
"Yemen, Rep.",YEM,2012,35401331609.5916,33831688609.8425,3094162835.5948553,652781726.942405,628319347.58323,1281101074.525635,4375263910.12049,31026067699.471107,12.35903767228649,0.8764096232771351
"Yemen, Rep.",YEM,2013,40415233436.1767,38599633436.1767,2367920768.8420887,899615491.302713,667406746.781952,1567022238.084665,3934943006.926754,36480290429.24994,9.736286722531933,0.9026371327746807
"Yemen, Rep.",YEM,2014,43228585321.3272,40801643750.2909,1985972486.9789119,923588873.603799,683680527.586704,1607269401.1905031,3593241888.169415,39635343433.15778,8.312189403053774,0.9168781059694623
"Yemen, Rep.",YEM,2015,42444490073.8555,41437133814.2546,161512308.56151548,471171703.453718,873941560.212688,1345113263.666406,1506625572.2279215,40937864501.62758,3.549637584539991,0.9645036241546001
"Yemen, Rep.",YEM,2016,31317825274.1507,30921701986.2532,30041722.698098086,389640377.675012,648745885.591175,1038386263.266187,1068427985.964285,30249397288.186413,3.411565064341018,0.9658843493565898
"Yemen, Rep.",YEM,2017,26842229044.5848,26106000284.6789,72593905.52203786,374545107.700314,527378131.278152,901923238.978466,974517144.5005039,25867711900.084297,3.6305373256514417,0.9636946267434856
"Yemen, Rep.",YEM,2018,21606160663.0318,20996364313.7125,162113713.04501802,380817418.113123,364578674.826147,745396092.93927,907509805.984288,20698650857.047512,4.200236312863484,0.9579976368713652
Zambia,ZMB,2008,17910858637.9048,16512263315.2682,1502437384.598952,58774651.4338929,406027358.964959,464802010.39885193,1967239394.997804,15943619242.906996,10.983501320447756,0.8901649867955225
Zambia,ZMB,2009,15328342303.9575,14909632547.9083,1279635328.374623,68767517.95509,323960376.901564,392727894.856654,1672363223.231277,13655979080.726223,10.910267986379086,0.8908973201362091
Zambia,ZMB,2010,20265559483.8548,18902559483.8548,1886623632.0123324,76018127.7533182,397143916.464145,473162044.2174632,2359785676.2297955,17905773807.625008,11.644315460966135,0.8835568453903386
Zambia,ZMB,2011,23459515275.5776,22302537247.7215,1710764510.1817806,90976579.1279679,431584296.615738,522560875.74370587,2233325385.9254866,21226189889.65211,9.519912750501195,0.9048008724949881
Zambia,ZMB,2012,25503060420.026,25071084452.0428,1234763891.2034638,125212302.136037,442108227.200294,567320529.336331,1802084420.539795,23700975999.486206,7.066149673255402,0.9293385032674459
Zambia,ZMB,2013,28037239462.7142,26888392774.4326,1189904903.1092644,137059629.452917,465083351.42842,602142980.881337,1792047883.9906015,26245191578.7236,6.391670215513856,0.9360832978448614
Zambia,ZMB,2014,27141023558.0829,26589065800.1625,786669485.2015855,157915852.054608,419622020.966097,577537873.020705,1364207358.2222905,25776816199.86061,5.026366656006287,0.9497363334399371
Zambia,ZMB,2015,21251216798.7762,20839208733.1386,389586500.148391,172473183.336351,301921241.086405,474394424.42275596,863980924.571147,20387235874.20505,4.065559787714848,0.9593444021228515
Zambia,ZMB,2016,20958412538.3093,20311304651.4334,390609301.05491585,191049474.952782,276384555.360631,467434030.313413,858043331.3683288,20100369206.94097,4.094028256195141,0.9590597174380486
Zambia,ZMB,2017,25873601260.8353,24726787496.7166,810614606.7108401,254810399.968634,296831704.877218,551642104.845852,1362256711.5566921,24511344549.27861,5.265044853337557,0.9473495514666245
Zambia,ZMB,2018,26311507273.6735,25904703273.4567,1128002894.2275105,302851704.568706,277520523.083375,580372227.652081,1708375121.8795915,24603132151.793907,6.492882008279858,0.9350711799172015
Zimbabwe,ZWE,2008,4418000000.0,1560750000.0,579502797.1042588,203966819.00517,95584953.0105873,299551772.0157573,879054569.1200161,3538945430.879984,19.897115643277864,0.8010288435672214
Zimbabwe,ZWE,2009,9670750000.0,9275750000.0,574065224.5246654,214035446.630822,189761890.611752,403797337.242574,977862561.7672393,8692887438.232761,10.111548346997273,0.8988845165300273
Zimbabwe,ZWE,2010,12047750000.0,11439750000.0,665623432.1542355,274351139.805534,204474926.141218,478826065.946752,1144449498.1009874,10903300501.899014,9.499279932775718,0.9050072006722428
Zimbabwe,ZWE,2011,14109000000.0,13232000000.0,880793545.3895595,340341891.867854,223176852.681682,563518744.549536,1444312289.9390955,12664687710.060905,10.236815436523457,0.8976318456347654
Zimbabwe,ZWE,2012,17123500000.0,16267250000.0,872015371.1470326,373151290.079991,251718132.825411,624869422.905402,1496884794.0524344,15626615205.947565,8.741698800201098,0.9125830119979891
Zimbabwe,ZWE,2013,19100750000.0,18183250000.0,839041873.0077313,396955732.061063,291299183.126761,688254915.187824,1527296788.1955552,17573453211.804443,7.996004283578166,0.9200399571642184
Zimbabwe,ZWE,2014,19505500000.0,18541500000.0,952499980.3504428,406742741.470713,319096218.237038,725838959.707751,1678338940.0581937,17827161059.941807,8.604439466090042,0.9139556053390996
Zimbabwe,ZWE,2015,19973250000.0,19431750000.0,890217265.1890886,432226150.205115,337453485.105617,769679635.310732,1659896900.4998207,18313353099.50018,8.310599929905353,0.9168940007009465
Zimbabwe,ZWE,2016,20559250000.0,18782500000.0,879614962.4375787,395745344.643041,349918697.664446,745664042.307487,1625279004.7450657,18933970995.254936,7.905341900823541,0.9209465809917646
Zimbabwe,ZWE,2017,51035657370.5179,49046015936.255,2896378658.4128795,386892745.476482,283331014.970047,670223760.4465289,3566602418.8594084,47469054951.65849,6.988452001246776,0.9301154799875323
Zimbabwe,ZWE,2018,34141666666.6667,33428799019.6078,930329135.4664718,485032875.545658,520956663.478081,1005989539.023739,1936318674.4902108,32205347992.176487,5.67142399167257,0.9432857600832744
        